post_id,timestamp,username,text,hashtag,likes,comments,shares,location,sentiment,engagement
8711,2026-09-01 00:06:00,user_408,Fitness workout completed,#Trending,269,42,52,Mumbai,Neutral,363
321,2026-09-01 00:07:00,user_87,Python is really useful,#Cricket,16,174,67,Delhi,Neutral,257
6121,2026-09-01 00:13:00,user_337,Python is really useful,#Technology,455,158,32,Chennai,Neutral,645
7966,2026-09-01 00:27:00,user_418,New information available,#Trending,641,181,13,Delhi,Neutral,835
6023,2026-09-01 00:31:00,user_457,Amazing experience today,#DataAnalytics,749,40,21,Mumbai,Positive,810
1612,2026-09-01 00:31:00,user_229,Python is really useful,#Bengaluru,707,48,43,Delhi,Neutral,798
5740,2026-09-01 00:35:00,user_305,This failed again,#Technology,720,195,61,Chennai,Negative,976
6861,2026-09-01 00:38:00,user_441,Worst experience ever,#Technology,403,180,18,Pune,Negative,601
9423,2026-09-01 00:40:00,user_247,Beautiful day in Bengaluru,#Python,442,176,43,Chennai,Positive,661
5081,2026-09-01 00:43:00,user_214,Python project discussion,#Bengaluru,165,66,6,Pune,Neutral,237
2684,2026-09-01 00:44:00,user_9,Fitness workout completed,#Python,798,94,41,Mumbai,Neutral,933
5658,2026-09-01 00:47:00,user_193,Data analytics session today,#Bengaluru,976,41,73,Mumbai,Neutral,1090
147,2026-09-01 00:48:00,user_114,Excellent cricket match,#Trending,669,22,29,Delhi,Positive,720
7644,2026-09-01 00:48:00,user_398,Data analytics session today,#Trending,730,98,85,Hyderabad,Neutral,913
9032,2026-09-01 00:50:00,user_31,Python is really useful,#Trending,418,198,45,Delhi,Neutral,661
1031,2026-09-01 00:53:00,user_186,AI news update,#Python,321,123,23,Pune,Neutral,467
6577,2026-09-01 00:53:00,user_135,Python project discussion,#Python,112,127,43,Bengaluru,Neutral,282
9342,2026-09-01 00:56:00,user_62,I love this new AI tool,#Bengaluru,425,43,21,Bengaluru,Positive,489
4731,2026-09-01 01:05:00,user_10,Beautiful day in Bengaluru,#Technology,33,141,14,Mumbai,Positive,188
1631,2026-09-01 01:23:00,user_346,I love this new AI tool,#Trending,413,89,14,Delhi,Positive,516
1171,2026-09-01 01:25:00,user_282,New information available,#Python,399,21,3,Chennai,Neutral,423
2471,2026-09-01 01:28:00,user_368,Technology update today,#Python,827,64,20,Pune,Neutral,911
3778,2026-09-01 01:33:00,user_353,Python is really useful,#AI,109,132,51,Pune,Neutral,292
6966,2026-09-01 01:34:00,user_491,Technology update today,#DataAnalytics,624,144,49,Pune,Neutral,817
7905,2026-09-01 01:35:00,user_63,Technology update today,#Technology,128,174,80,Delhi,Neutral,382
5892,2026-09-01 01:40:00,user_314,Great work by the team,#DataAnalytics,256,173,19,Mumbai,Positive,448
2775,2026-09-01 01:42:00,user_260,Great technology update,#DataAnalytics,93,48,76,Chennai,Positive,217
9311,2026-09-01 01:44:00,user_429,Python is really useful,#Cricket,500,101,95,Chennai,Neutral,696
2009,2026-09-01 01:46:00,user_306,Fitness workout completed,#Fitness,688,167,69,Delhi,Neutral,924
8801,2026-09-01 01:48:00,user_38,Amazing fitness progress,#DataAnalytics,604,37,68,Bengaluru,Positive,709
2932,2026-09-01 01:56:00,user_124,Python is really useful,#Technology,190,192,74,Bengaluru,Neutral,456
1775,2026-09-01 02:03:00,user_14,Cricket match scheduled today,#Bengaluru,21,171,74,Delhi,Neutral,266
6867,2026-09-01 02:05:00,user_177,Technology update today,#DataAnalytics,500,148,82,Chennai,Neutral,730
8280,2026-09-01 02:05:00,user_116,Worst experience ever,#Technology,70,127,48,Bengaluru,Negative,245
5188,2026-09-01 02:11:00,user_56,Great work by the team,#Fitness,565,77,33,Hyderabad,Positive,675
9943,2026-09-01 02:14:00,user_142,This failed again,#Technology,400,56,84,Bengaluru,Negative,540
1910,2026-09-01 02:19:00,user_179,Terrible service,#Fitness,444,126,68,Delhi,Negative,638
8939,2026-09-01 02:33:00,user_56,Very disappointing result,#Fitness,609,99,80,Bengaluru,Neutral,788
6139,2026-09-01 02:37:00,user_273,Amazing fitness progress,#DataAnalytics,29,51,62,Pune,Positive,142
307,2026-09-01 02:38:00,user_128,Excellent cricket match,#Bengaluru,652,109,11,Hyderabad,Positive,772
3540,2026-09-01 02:46:00,user_352,Python project discussion,#Python,466,143,62,Delhi,Neutral,671
3945,2026-09-01 02:53:00,user_114,I am angry about this,#Python,766,146,13,Mumbai,Negative,925
3405,2026-09-01 03:00:00,user_249,Beautiful day in Bengaluru,#Cricket,455,154,28,Delhi,Positive,637
1833,2026-09-01 03:00:00,user_116,Weather update from Bengaluru,#Cricket,334,54,7,Bengaluru,Neutral,395
871,2026-09-01 03:13:00,user_362,AI news update,#Fitness,886,77,31,Bengaluru,Neutral,994
4069,2026-09-01 03:15:00,user_491,Amazing fitness progress,#Bengaluru,988,148,92,Mumbai,Positive,1228
8989,2026-09-01 03:19:00,user_124,Python is really useful,#AI,50,65,3,Hyderabad,Neutral,118
4474,2026-09-01 03:19:00,user_213,Excellent cricket match,#Bengaluru,920,130,53,Chennai,Positive,1103
2785,2026-09-01 03:20:00,user_431,This failed again,#Technology,214,184,94,Chennai,Negative,492
8062,2026-09-01 03:20:00,user_111,I am angry about this,#Python,688,163,17,Bengaluru,Negative,868
3691,2026-09-01 03:21:00,user_399,Data analytics session today,#Python,952,187,70,Mumbai,Neutral,1209
6798,2026-09-01 03:27:00,user_116,Worst experience ever,#Technology,418,139,70,Delhi,Negative,627
6753,2026-09-01 03:35:00,user_427,Python is really useful,#Technology,639,106,38,Delhi,Neutral,783
7294,2026-09-01 03:39:00,user_14,New information available,#Trending,17,81,95,Chennai,Neutral,193
6593,2026-09-01 03:40:00,user_213,I love this new AI tool,#Trending,900,195,20,Hyderabad,Positive,1115
7999,2026-09-01 03:40:00,user_489,Great work by the team,#Fitness,778,51,58,Bengaluru,Positive,887
8875,2026-09-01 03:41:00,user_456,Python is really useful,#Bengaluru,728,158,37,Hyderabad,Neutral,923
1993,2026-09-01 03:51:00,user_268,Fitness workout completed,#Cricket,674,142,93,Bengaluru,Neutral,909
980,2026-09-01 03:57:00,user_186,Python is really useful,#AI,681,75,66,Mumbai,Neutral,822
2620,2026-09-01 03:58:00,user_169,Cricket match scheduled today,#Cricket,428,103,32,Bengaluru,Neutral,563
4013,2026-09-01 04:01:00,user_14,Very disappointing result,#AI,301,27,76,Pune,Neutral,404
6892,2026-09-01 04:04:00,user_242,Python project discussion,#DataAnalytics,872,149,15,Delhi,Neutral,1036
3279,2026-09-01 04:09:00,user_384,Python project discussion,#Bengaluru,652,194,55,Delhi,Neutral,901
2020,2026-09-01 04:10:00,user_448,Technology update today,#Python,257,43,66,Delhi,Neutral,366
2116,2026-09-01 04:13:00,user_147,This failed again,#Fitness,522,192,2,Pune,Negative,716
7675,2026-09-01 04:26:00,user_374,Bad experience today,#Cricket,754,139,53,Mumbai,Negative,946
6477,2026-09-01 04:43:00,user_377,Python is really useful,#DataAnalytics,733,31,90,Mumbai,Neutral,854
9175,2026-09-01 04:43:00,user_458,Great work by the team,#Trending,110,126,93,Mumbai,Positive,329
1281,2026-09-01 04:44:00,user_243,I love this new AI tool,#AI,28,21,10,Bengaluru,Positive,59
4211,2026-09-01 04:46:00,user_482,Very disappointing result,#Trending,395,114,43,Hyderabad,Neutral,552
1491,2026-09-01 04:47:00,user_468,New information available,#DataAnalytics,152,26,78,Bengaluru,Neutral,256
8899,2026-09-01 04:50:00,user_309,Excellent cricket match,#Python,845,186,73,Mumbai,Positive,1104
9000,2026-09-01 04:51:00,user_298,Python project discussion,#DataAnalytics,785,2,48,Bengaluru,Neutral,835
7552,2026-09-01 04:59:00,user_199,Great technology update,#AI,346,123,45,Hyderabad,Positive,514
2425,2026-09-01 05:00:00,user_2,Beautiful day in Bengaluru,#Technology,635,143,64,Chennai,Positive,842
7175,2026-09-01 05:03:00,user_490,Great technology update,#Cricket,874,25,12,Hyderabad,Positive,911
5259,2026-09-01 05:10:00,user_68,Very disappointing result,#DataAnalytics,836,112,86,Chennai,Neutral,1034
3282,2026-09-01 05:14:00,user_61,Great technology update,#Fitness,55,11,21,Mumbai,Positive,87
4974,2026-09-01 05:16:00,user_462,Amazing fitness progress,#Cricket,238,141,16,Chennai,Positive,395
3782,2026-09-01 05:20:00,user_11,Great work by the team,#Bengaluru,325,24,82,Hyderabad,Positive,431
7600,2026-09-01 05:22:00,user_186,Cricket match scheduled today,#Fitness,838,143,95,Chennai,Neutral,1076
3513,2026-09-01 05:23:00,user_137,Great work by the team,#Fitness,119,105,23,Hyderabad,Positive,247
5778,2026-09-01 05:27:00,user_490,I am angry about this,#DataAnalytics,415,81,26,Chennai,Negative,522
3182,2026-09-01 05:32:00,user_119,Amazing experience today,#Technology,833,132,58,Pune,Positive,1023
4116,2026-09-01 05:40:00,user_6,Cricket match scheduled today,#AI,910,17,20,Hyderabad,Neutral,947
9817,2026-09-01 05:41:00,user_444,Data analytics session today,#Trending,166,69,82,Bengaluru,Neutral,317
6959,2026-09-01 05:42:00,user_468,New information available,#DataAnalytics,708,152,23,Delhi,Neutral,883
8708,2026-09-01 06:02:00,user_289,I am angry about this,#Trending,616,48,64,Delhi,Negative,728
72,2026-09-01 06:11:00,user_145,New information available,#Technology,584,143,50,Hyderabad,Neutral,777
7312,2026-09-01 06:12:00,user_426,Cricket match scheduled today,#Cricket,925,184,99,Hyderabad,Neutral,1208
53,2026-09-01 06:14:00,user_169,Amazing experience today,#DataAnalytics,366,139,38,Mumbai,Positive,543
8913,2026-09-01 06:20:00,user_302,Python project discussion,#AI,473,159,53,Hyderabad,Neutral,685
2513,2026-09-01 06:25:00,user_389,Bad experience today,#Bengaluru,791,147,94,Mumbai,Negative,1032
3935,2026-09-01 06:29:00,user_417,Amazing fitness progress,#DataAnalytics,288,10,29,Chennai,Positive,327
9810,2026-09-01 06:30:00,user_60,I love this new AI tool,#Cricket,872,64,4,Chennai,Positive,940
8967,2026-09-01 06:40:00,user_224,Beautiful day in Bengaluru,#Fitness,585,17,4,Mumbai,Positive,606
3943,2026-09-01 06:44:00,user_187,Great technology update,#Trending,751,25,62,Hyderabad,Positive,838
237,2026-09-01 06:52:00,user_237,Technology update today,#Trending,523,187,95,Delhi,Neutral,805
144,2026-09-01 06:55:00,user_171,Weather update from Bengaluru,#Fitness,575,128,71,Pune,Neutral,774
4542,2026-09-01 06:58:00,user_467,Python project discussion,#Cricket,367,135,63,Delhi,Neutral,565
123,2026-09-01 07:01:00,user_175,Very disappointing result,#Cricket,948,180,90,Delhi,Neutral,1218
5635,2026-09-01 07:13:00,user_1,Great technology update,#Bengaluru,217,4,59,Pune,Positive,280
1105,2026-09-01 07:22:00,user_79,Bad experience today,#DataAnalytics,882,147,87,Mumbai,Negative,1116
7261,2026-09-01 07:22:00,user_438,New information available,#Cricket,771,121,43,Chennai,Neutral,935
2247,2026-09-01 07:27:00,user_262,Great work by the team,#DataAnalytics,436,133,28,Chennai,Positive,597
6359,2026-09-01 07:40:00,user_482,Beautiful day in Bengaluru,#DataAnalytics,196,131,39,Delhi,Positive,366
5178,2026-09-01 07:41:00,user_96,Data analytics session today,#Fitness,31,180,44,Mumbai,Neutral,255
2661,2026-09-01 07:47:00,user_20,Excellent cricket match,#Technology,907,47,51,Chennai,Positive,1005
459,2026-09-01 07:48:00,user_163,Python is really useful,#DataAnalytics,783,20,98,Delhi,Neutral,901
9369,2026-09-01 07:49:00,user_433,I love this new AI tool,#Technology,783,174,24,Mumbai,Positive,981
1950,2026-09-01 07:52:00,user_441,I love this new AI tool,#Fitness,43,179,72,Bengaluru,Positive,294
6294,2026-09-01 07:54:00,user_75,Cricket match scheduled today,#Python,739,43,67,Hyderabad,Neutral,849
9666,2026-09-01 08:02:00,user_444,Terrible service,#Trending,148,86,36,Bengaluru,Negative,270
766,2026-09-01 08:12:00,user_312,Data analytics session today,#Bengaluru,294,99,2,Chennai,Neutral,395
829,2026-09-01 08:16:00,user_69,Beautiful day in Bengaluru,#Fitness,869,86,65,Delhi,Positive,1020
9429,2026-09-01 08:19:00,user_448,Data analytics session today,#Fitness,532,183,70,Hyderabad,Neutral,785
7465,2026-09-01 08:22:00,user_341,Beautiful day in Bengaluru,#DataAnalytics,201,113,45,Bengaluru,Positive,359
1285,2026-09-01 08:27:00,user_249,Python is really useful,#AI,558,180,58,Chennai,Neutral,796
2201,2026-09-01 08:39:00,user_222,Great work by the team,#Fitness,62,187,84,Chennai,Positive,333
1425,2026-09-01 08:45:00,user_79,Excellent cricket match,#Trending,380,41,52,Chennai,Positive,473
6748,2026-09-01 08:56:00,user_373,New information available,#AI,749,47,71,Delhi,Neutral,867
2296,2026-09-01 08:59:00,user_196,Great technology update,#Python,174,109,89,Mumbai,Positive,372
9582,2026-09-01 09:12:00,user_17,Amazing experience today,#Bengaluru,931,132,92,Bengaluru,Positive,1155
1315,2026-09-01 09:12:00,user_299,Technology update today,#DataAnalytics,914,148,93,Mumbai,Neutral,1155
2512,2026-09-01 09:16:00,user_45,Worst experience ever,#Python,543,62,47,Bengaluru,Negative,652
5300,2026-09-01 09:26:00,user_73,Bad experience today,#Bengaluru,170,195,63,Hyderabad,Negative,428
6447,2026-09-01 09:26:00,user_221,Fitness workout completed,#Trending,60,137,68,Mumbai,Neutral,265
5862,2026-09-01 09:28:00,user_202,Beautiful day in Bengaluru,#Python,501,103,10,Hyderabad,Positive,614
9918,2026-09-01 09:40:00,user_357,Great work by the team,#Fitness,226,89,43,Mumbai,Positive,358
9486,2026-09-01 09:53:00,user_212,Technology update today,#Technology,809,14,11,Hyderabad,Neutral,834
1984,2026-09-01 09:55:00,user_190,Great work by the team,#Trending,369,179,61,Pune,Positive,609
1020,2026-09-01 09:58:00,user_222,Bad experience today,#Python,841,188,38,Pune,Negative,1067
5724,2026-09-01 09:59:00,user_281,Excellent cricket match,#Python,442,31,62,Chennai,Positive,535
9317,2026-09-01 10:03:00,user_219,Great work by the team,#Python,868,128,7,Mumbai,Positive,1003
1889,2026-09-01 10:03:00,user_386,Amazing experience today,#Technology,422,68,46,Delhi,Positive,536
538,2026-09-01 10:11:00,user_192,Amazing experience today,#Bengaluru,920,82,64,Bengaluru,Positive,1066
5082,2026-09-01 10:22:00,user_425,Terrible service,#Trending,935,47,35,Pune,Negative,1017
3669,2026-09-01 10:32:00,user_350,Python project discussion,#DataAnalytics,774,40,52,Delhi,Neutral,866
3501,2026-09-01 10:35:00,user_384,Technology update today,#Fitness,470,161,3,Mumbai,Neutral,634
4243,2026-09-01 10:36:00,user_463,Python is really useful,#Python,891,121,6,Mumbai,Neutral,1018
2057,2026-09-01 10:38:00,user_427,Terrible service,#DataAnalytics,778,166,39,Pune,Negative,983
8068,2026-09-01 10:41:00,user_84,Technology update today,#Python,919,131,54,Mumbai,Neutral,1104
2024,2026-09-01 10:46:00,user_85,I am angry about this,#Fitness,58,165,60,Bengaluru,Negative,283
6154,2026-09-01 10:52:00,user_220,Amazing fitness progress,#Bengaluru,806,123,24,Chennai,Positive,953
8306,2026-09-01 11:01:00,user_412,Python project discussion,#Cricket,79,127,71,Mumbai,Neutral,277
1470,2026-09-01 11:05:00,user_104,Data analytics session today,#DataAnalytics,37,13,67,Bengaluru,Neutral,117
6109,2026-09-01 11:20:00,user_278,Terrible service,#DataAnalytics,327,109,72,Hyderabad,Negative,508
4108,2026-09-01 11:22:00,user_22,Very disappointing result,#Fitness,244,70,19,Hyderabad,Neutral,333
304,2026-09-01 11:32:00,user_484,Python is really useful,#DataAnalytics,977,84,1,Delhi,Neutral,1062
3531,2026-09-01 11:33:00,user_283,Great technology update,#Trending,642,165,82,Hyderabad,Positive,889
4489,2026-09-01 11:35:00,user_449,This failed again,#AI,362,26,84,Chennai,Negative,472
1426,2026-09-01 11:39:00,user_235,Fitness workout completed,#Cricket,887,147,62,Mumbai,Neutral,1096
8779,2026-09-01 11:42:00,user_47,Amazing experience today,#Technology,607,20,57,Delhi,Positive,684
9304,2026-09-01 11:47:00,user_336,New information available,#Trending,320,168,41,Delhi,Neutral,529
1058,2026-09-01 11:48:00,user_460,Great technology update,#AI,625,130,82,Chennai,Positive,837
758,2026-09-01 11:58:00,user_406,Great work by the team,#Trending,462,88,75,Bengaluru,Positive,625
5774,2026-09-01 12:06:00,user_226,Excellent cricket match,#Bengaluru,479,6,40,Delhi,Positive,525
7624,2026-09-01 12:12:00,user_211,Poor performance today,#Cricket,84,74,74,Bengaluru,Negative,232
6778,2026-09-01 12:14:00,user_442,Weather update from Bengaluru,#Trending,656,28,26,Delhi,Neutral,710
1754,2026-09-01 12:15:00,user_292,Great technology update,#Technology,236,197,100,Pune,Positive,533
9467,2026-09-01 12:18:00,user_404,Amazing experience today,#Technology,359,178,98,Hyderabad,Positive,635
9682,2026-09-01 12:21:00,user_62,Data analytics session today,#Fitness,928,101,31,Pune,Neutral,1060
5607,2026-09-01 12:22:00,user_338,Beautiful day in Bengaluru,#Trending,760,129,31,Pune,Positive,920
6516,2026-09-01 12:26:00,user_60,Amazing experience today,#DataAnalytics,582,84,37,Pune,Positive,703
9803,2026-09-01 12:27:00,user_3,Fitness workout completed,#Cricket,920,134,87,Chennai,Neutral,1141
9861,2026-09-01 12:29:00,user_443,Data analytics session today,#Python,214,19,26,Bengaluru,Neutral,259
4328,2026-09-01 12:47:00,user_233,New information available,#Python,643,146,89,Mumbai,Neutral,878
9302,2026-09-01 12:47:00,user_284,I am angry about this,#Technology,381,16,54,Chennai,Negative,451
7111,2026-09-01 12:48:00,user_428,This failed again,#Cricket,641,81,85,Hyderabad,Negative,807
9722,2026-09-01 12:48:00,user_78,Great technology update,#Python,335,157,19,Mumbai,Positive,511
7631,2026-09-01 12:48:00,user_119,Python is really useful,#Technology,200,84,97,Hyderabad,Neutral,381
4739,2026-09-01 12:49:00,user_242,Data analytics session today,#Technology,332,33,58,Hyderabad,Neutral,423
955,2026-09-01 12:50:00,user_427,Poor performance today,#DataAnalytics,822,64,75,Hyderabad,Negative,961
5982,2026-09-01 13:08:00,user_54,Fitness workout completed,#Fitness,872,106,5,Hyderabad,Neutral,983
3655,2026-09-01 13:09:00,user_10,Data analytics session today,#Fitness,105,10,98,Bengaluru,Neutral,213
7991,2026-09-01 13:12:00,user_402,AI news update,#Trending,982,151,66,Delhi,Neutral,1199
5308,2026-09-01 13:13:00,user_5,Very disappointing result,#Fitness,644,93,32,Chennai,Neutral,769
2934,2026-09-01 13:13:00,user_308,Technology update today,#Cricket,166,183,20,Chennai,Neutral,369
3514,2026-09-01 13:19:00,user_461,Technology update today,#Python,320,183,19,Delhi,Neutral,522
2470,2026-09-01 13:31:00,user_285,Very disappointing result,#Technology,975,192,24,Chennai,Neutral,1191
3944,2026-09-01 13:32:00,user_337,Beautiful day in Bengaluru,#Python,294,84,75,Pune,Positive,453
4462,2026-09-01 13:35:00,user_1,AI news update,#Fitness,256,147,61,Mumbai,Neutral,464
6982,2026-09-01 13:35:00,user_95,Cricket match scheduled today,#Technology,139,75,100,Chennai,Neutral,314
6156,2026-09-01 13:42:00,user_351,Excellent cricket match,#Cricket,982,72,90,Delhi,Positive,1144
1233,2026-09-01 13:45:00,user_319,I hate this problem,#DataAnalytics,697,197,6,Pune,Negative,900
7366,2026-09-01 13:47:00,user_366,Bad experience today,#DataAnalytics,520,62,14,Hyderabad,Negative,596
643,2026-09-01 13:47:00,user_486,Poor performance today,#Trending,538,177,48,Bengaluru,Negative,763
1962,2026-09-01 13:54:00,user_152,New information available,#Fitness,660,87,41,Mumbai,Neutral,788
7275,2026-09-01 13:57:00,user_500,I love this new AI tool,#Cricket,924,57,29,Bengaluru,Positive,1010
7539,2026-09-01 13:58:00,user_204,Weather update from Bengaluru,#DataAnalytics,334,187,83,Mumbai,Neutral,604
7359,2026-09-01 13:58:00,user_222,Great work by the team,#AI,841,163,42,Bengaluru,Positive,1046
4979,2026-09-01 14:06:00,user_454,AI news update,#AI,631,47,69,Delhi,Neutral,747
7770,2026-09-01 14:11:00,user_30,Amazing experience today,#Trending,274,32,16,Hyderabad,Positive,322
9061,2026-09-01 14:14:00,user_400,Very disappointing result,#AI,886,73,20,Chennai,Neutral,979
2911,2026-09-01 14:19:00,user_142,Great technology update,#Trending,634,20,9,Mumbai,Positive,663
6008,2026-09-01 14:19:00,user_439,I hate this problem,#Bengaluru,967,47,63,Pune,Negative,1077
2408,2026-09-01 14:21:00,user_268,I love this new AI tool,#Trending,755,100,61,Bengaluru,Positive,916
2064,2026-09-01 14:21:00,user_218,Python is really useful,#Trending,780,73,12,Chennai,Neutral,865
5154,2026-09-01 14:44:00,user_243,AI news update,#Trending,446,178,10,Hyderabad,Neutral,634
4747,2026-09-01 14:46:00,user_391,Technology update today,#Technology,362,22,43,Hyderabad,Neutral,427
9358,2026-09-01 14:47:00,user_245,Very disappointing result,#Python,908,129,49,Hyderabad,Neutral,1086
7732,2026-09-01 14:53:00,user_362,Beautiful day in Bengaluru,#Bengaluru,264,60,45,Hyderabad,Positive,369
893,2026-09-01 15:06:00,user_261,Beautiful day in Bengaluru,#Technology,533,110,82,Hyderabad,Positive,725
605,2026-09-01 15:14:00,user_295,Beautiful day in Bengaluru,#Trending,111,17,15,Bengaluru,Positive,143
8986,2026-09-01 15:22:00,user_152,Great work by the team,#AI,970,103,88,Delhi,Positive,1161
4809,2026-09-01 15:24:00,user_432,Great work by the team,#AI,386,52,70,Mumbai,Positive,508
3769,2026-09-01 15:25:00,user_480,Weather update from Bengaluru,#Cricket,559,77,69,Delhi,Neutral,705
274,2026-09-01 15:33:00,user_381,Great technology update,#Bengaluru,542,126,96,Bengaluru,Positive,764
5595,2026-09-01 15:41:00,user_51,Excellent cricket match,#AI,300,20,22,Mumbai,Positive,342
1416,2026-09-01 15:43:00,user_316,Fitness workout completed,#Bengaluru,549,89,89,Bengaluru,Neutral,727
8299,2026-09-01 15:49:00,user_359,Data analytics session today,#Bengaluru,530,133,76,Chennai,Neutral,739
8824,2026-09-01 15:50:00,user_79,Fitness workout completed,#Cricket,814,104,27,Pune,Neutral,945
2334,2026-09-01 15:51:00,user_410,Excellent cricket match,#Bengaluru,122,7,83,Mumbai,Positive,212
1312,2026-09-01 15:57:00,user_10,I hate this problem,#AI,789,167,41,Bengaluru,Negative,997
6671,2026-09-01 16:10:00,user_335,Python is really useful,#Bengaluru,356,19,27,Hyderabad,Neutral,402
437,2026-09-01 16:11:00,user_452,Great work by the team,#DataAnalytics,502,9,44,Pune,Positive,555
5593,2026-09-01 16:16:00,user_286,Data analytics session today,#AI,11,113,87,Bengaluru,Neutral,211
4900,2026-09-01 16:20:00,user_21,Great work by the team,#Fitness,564,35,33,Mumbai,Positive,632
6097,2026-09-01 16:21:00,user_200,Amazing experience today,#Trending,547,61,65,Pune,Positive,673
9049,2026-09-01 16:26:00,user_474,Very disappointing result,#DataAnalytics,920,123,13,Mumbai,Neutral,1056
4041,2026-09-01 16:31:00,user_195,I hate this problem,#Technology,604,31,45,Hyderabad,Negative,680
3394,2026-09-01 16:34:00,user_383,Beautiful day in Bengaluru,#AI,439,85,71,Hyderabad,Positive,595
9930,2026-09-01 16:37:00,user_32,Cricket match scheduled today,#DataAnalytics,606,172,72,Hyderabad,Neutral,850
3625,2026-09-01 16:40:00,user_40,Excellent cricket match,#Technology,672,58,52,Pune,Positive,782
9231,2026-09-01 16:41:00,user_100,Great work by the team,#AI,27,165,6,Bengaluru,Positive,198
7297,2026-09-01 16:44:00,user_157,Amazing fitness progress,#Technology,867,50,90,Hyderabad,Positive,1007
3321,2026-09-01 16:53:00,user_153,I am angry about this,#Trending,496,55,82,Bengaluru,Negative,633
5179,2026-09-01 16:54:00,user_10,Python is really useful,#Trending,435,118,65,Bengaluru,Neutral,618
2615,2026-09-01 16:55:00,user_116,I love this new AI tool,#Fitness,383,7,58,Hyderabad,Positive,448
8501,2026-09-01 16:58:00,user_489,Python is really useful,#Technology,171,200,92,Mumbai,Neutral,463
6927,2026-09-01 17:00:00,user_192,Bad experience today,#AI,770,16,25,Delhi,Negative,811
4941,2026-09-01 17:01:00,user_231,Great technology update,#Fitness,450,124,19,Hyderabad,Positive,593
2619,2026-09-01 17:04:00,user_122,Beautiful day in Bengaluru,#DataAnalytics,932,172,22,Mumbai,Positive,1126
4325,2026-09-01 17:05:00,user_414,Great technology update,#DataAnalytics,524,93,73,Hyderabad,Positive,690
8525,2026-09-01 17:13:00,user_450,Technology update today,#Trending,959,60,53,Mumbai,Neutral,1072
4753,2026-09-01 17:24:00,user_360,New information available,#AI,668,65,75,Pune,Neutral,808
9800,2026-09-01 17:24:00,user_358,Amazing fitness progress,#Cricket,529,119,39,Pune,Positive,687
8774,2026-09-01 17:24:00,user_56,Poor performance today,#AI,432,196,25,Hyderabad,Negative,653
4026,2026-09-01 17:37:00,user_195,Technology update today,#Fitness,858,6,6,Mumbai,Neutral,870
6560,2026-09-01 17:38:00,user_334,Worst experience ever,#Cricket,483,197,27,Chennai,Negative,707
8054,2026-09-01 17:40:00,user_368,Great technology update,#Fitness,647,135,8,Delhi,Positive,790
9906,2026-09-01 17:40:00,user_366,Amazing fitness progress,#Cricket,590,53,7,Mumbai,Positive,650
6158,2026-09-01 17:51:00,user_297,Amazing fitness progress,#Fitness,1000,54,8,Pune,Positive,1062
9397,2026-09-01 17:51:00,user_484,I hate this problem,#DataAnalytics,166,109,39,Mumbai,Negative,314
4173,2026-09-01 17:54:00,user_208,Amazing fitness progress,#Bengaluru,584,187,46,Mumbai,Positive,817
5767,2026-09-01 17:54:00,user_118,Cricket match scheduled today,#Bengaluru,662,97,17,Pune,Neutral,776
491,2026-09-01 17:54:00,user_456,Amazing fitness progress,#Bengaluru,127,27,59,Pune,Positive,213
9706,2026-09-01 17:57:00,user_96,This failed again,#Bengaluru,716,166,6,Chennai,Negative,888
5216,2026-09-01 17:59:00,user_298,Bad experience today,#AI,367,128,57,Chennai,Negative,552
3879,2026-09-01 18:03:00,user_243,Worst experience ever,#Bengaluru,496,68,32,Delhi,Negative,596
1389,2026-09-01 18:03:00,user_409,Great work by the team,#Python,148,194,85,Pune,Positive,427
4326,2026-09-01 18:11:00,user_481,Beautiful day in Bengaluru,#Cricket,63,132,38,Delhi,Positive,233
5871,2026-09-01 18:11:00,user_256,Python is really useful,#Fitness,706,131,8,Mumbai,Neutral,845
9159,2026-09-01 18:12:00,user_414,This failed again,#Python,345,163,88,Delhi,Negative,596
9371,2026-09-01 18:16:00,user_316,Data analytics session today,#Cricket,470,115,73,Hyderabad,Neutral,658
4714,2026-09-01 18:18:00,user_10,I hate this problem,#Python,147,109,76,Hyderabad,Negative,332
8399,2026-09-01 18:18:00,user_124,Beautiful day in Bengaluru,#Python,477,95,34,Mumbai,Positive,606
1320,2026-09-01 18:24:00,user_139,Great work by the team,#Technology,666,161,74,Mumbai,Positive,901
1804,2026-09-01 18:25:00,user_300,Cricket match scheduled today,#Technology,905,165,35,Chennai,Neutral,1105
1840,2026-09-01 18:31:00,user_141,Worst experience ever,#DataAnalytics,904,105,47,Bengaluru,Negative,1056
394,2026-09-01 18:37:00,user_173,Fitness workout completed,#Trending,32,46,13,Delhi,Neutral,91
8724,2026-09-01 18:37:00,user_261,This failed again,#Fitness,245,134,45,Mumbai,Negative,424
5973,2026-09-01 18:39:00,user_122,Beautiful day in Bengaluru,#Fitness,733,115,29,Delhi,Positive,877
7419,2026-09-01 18:42:00,user_417,Beautiful day in Bengaluru,#Fitness,302,107,36,Delhi,Positive,445
1645,2026-09-01 18:45:00,user_330,Amazing fitness progress,#Bengaluru,520,194,23,Delhi,Positive,737
6487,2026-09-01 18:50:00,user_8,Great work by the team,#Python,692,40,6,Delhi,Positive,738
4778,2026-09-01 18:51:00,user_467,Fitness workout completed,#Bengaluru,668,35,49,Chennai,Neutral,752
5545,2026-09-01 19:01:00,user_218,Python is really useful,#DataAnalytics,528,14,89,Bengaluru,Neutral,631
39,2026-09-01 19:02:00,user_279,Python project discussion,#Fitness,654,190,100,Pune,Neutral,944
2370,2026-09-01 19:04:00,user_64,Amazing experience today,#Trending,159,107,86,Mumbai,Positive,352
5486,2026-09-01 19:04:00,user_234,AI news update,#Bengaluru,974,37,17,Pune,Neutral,1028
3741,2026-09-01 19:04:00,user_355,Cricket match scheduled today,#AI,352,121,25,Hyderabad,Neutral,498
7635,2026-09-01 19:07:00,user_182,Excellent cricket match,#Cricket,948,20,76,Hyderabad,Positive,1044
471,2026-09-01 19:07:00,user_416,Great technology update,#Trending,435,154,61,Delhi,Positive,650
896,2026-09-01 19:15:00,user_491,Amazing experience today,#Cricket,687,132,4,Hyderabad,Positive,823
7308,2026-09-01 19:17:00,user_315,Amazing experience today,#Bengaluru,939,192,96,Pune,Positive,1227
6990,2026-09-01 19:24:00,user_161,Data analytics session today,#DataAnalytics,829,32,98,Pune,Neutral,959
8178,2026-09-01 19:39:00,user_225,Fitness workout completed,#AI,296,48,35,Mumbai,Neutral,379
80,2026-09-01 19:44:00,user_2,Beautiful day in Bengaluru,#Bengaluru,901,167,89,Chennai,Positive,1157
7237,2026-09-01 19:47:00,user_9,Python is really useful,#Cricket,476,60,41,Hyderabad,Neutral,577
6896,2026-09-01 19:47:00,user_229,New information available,#Python,28,199,49,Bengaluru,Neutral,276
163,2026-09-01 19:56:00,user_122,Data analytics session today,#DataAnalytics,781,199,62,Delhi,Neutral,1042
5374,2026-09-01 20:03:00,user_19,Beautiful day in Bengaluru,#DataAnalytics,436,183,98,Mumbai,Positive,717
4928,2026-09-01 20:07:00,user_127,Bad experience today,#Trending,628,40,84,Delhi,Negative,752
7480,2026-09-01 20:09:00,user_382,I am angry about this,#Python,933,155,100,Hyderabad,Negative,1188
7616,2026-09-01 20:11:00,user_157,Amazing fitness progress,#Cricket,914,131,46,Chennai,Positive,1091
49,2026-09-01 20:13:00,user_115,Amazing experience today,#Python,591,182,95,Bengaluru,Positive,868
2502,2026-09-01 20:14:00,user_382,Fitness workout completed,#Technology,316,155,7,Chennai,Neutral,478
7998,2026-09-01 20:22:00,user_414,Data analytics session today,#AI,726,151,55,Pune,Neutral,932
7085,2026-09-01 20:23:00,user_233,Great work by the team,#Technology,995,52,43,Pune,Positive,1090
7846,2026-09-01 20:24:00,user_192,Excellent cricket match,#Trending,40,127,78,Mumbai,Positive,245
4127,2026-09-01 20:35:00,user_304,Great technology update,#Trending,205,64,9,Bengaluru,Positive,278
4370,2026-09-01 20:35:00,user_264,I am angry about this,#Bengaluru,988,47,72,Chennai,Negative,1107
8329,2026-09-01 20:37:00,user_496,Python is really useful,#AI,664,169,54,Mumbai,Neutral,887
1696,2026-09-01 20:38:00,user_482,Great technology update,#Fitness,845,112,100,Mumbai,Positive,1057
8221,2026-09-01 20:38:00,user_291,Fitness workout completed,#Python,76,99,54,Mumbai,Neutral,229
5222,2026-09-01 20:40:00,user_406,Poor performance today,#Bengaluru,629,136,95,Chennai,Negative,860
4913,2026-09-01 20:42:00,user_475,AI news update,#Technology,688,131,83,Delhi,Neutral,902
1913,2026-09-01 20:42:00,user_42,I love this new AI tool,#Python,493,177,83,Hyderabad,Positive,753
7997,2026-09-01 20:42:00,user_348,Great work by the team,#Fitness,859,127,72,Chennai,Positive,1058
6440,2026-09-01 20:47:00,user_435,Cricket match scheduled today,#DataAnalytics,986,134,68,Pune,Neutral,1188
9016,2026-09-01 20:52:00,user_52,Great technology update,#Trending,331,113,57,Mumbai,Positive,501
6337,2026-09-01 21:16:00,user_23,Amazing fitness progress,#Bengaluru,411,32,50,Bengaluru,Positive,493
7179,2026-09-01 21:18:00,user_78,Beautiful day in Bengaluru,#AI,778,23,1,Delhi,Positive,802
4166,2026-09-01 21:19:00,user_480,Amazing fitness progress,#AI,291,154,46,Hyderabad,Positive,491
2917,2026-09-01 21:22:00,user_286,New information available,#Technology,252,27,22,Mumbai,Neutral,301
3788,2026-09-01 21:26:00,user_140,Fitness workout completed,#Trending,505,73,51,Bengaluru,Neutral,629
4467,2026-09-01 21:37:00,user_10,Python is really useful,#DataAnalytics,479,122,21,Mumbai,Neutral,622
8018,2026-09-01 21:38:00,user_362,Amazing experience today,#Technology,795,16,42,Delhi,Positive,853
6665,2026-09-01 21:50:00,user_492,Weather update from Bengaluru,#Technology,421,147,90,Bengaluru,Neutral,658
9154,2026-09-01 21:55:00,user_114,Great work by the team,#AI,981,122,68,Mumbai,Positive,1171
3522,2026-09-01 21:55:00,user_497,Data analytics session today,#Bengaluru,843,101,31,Chennai,Neutral,975
443,2026-09-01 21:58:00,user_460,Beautiful day in Bengaluru,#Trending,453,66,95,Mumbai,Positive,614
9464,2026-09-01 21:59:00,user_421,New information available,#Fitness,292,142,65,Hyderabad,Neutral,499
1693,2026-09-01 22:01:00,user_89,Great technology update,#Fitness,644,69,39,Hyderabad,Positive,752
5863,2026-09-01 22:03:00,user_29,Fitness workout completed,#Bengaluru,681,58,74,Bengaluru,Neutral,813
6228,2026-09-01 22:09:00,user_85,Great technology update,#Fitness,937,183,57,Chennai,Positive,1177
9102,2026-09-01 22:12:00,user_102,I hate this problem,#AI,483,105,63,Mumbai,Negative,651
6371,2026-09-01 22:18:00,user_275,Python is really useful,#AI,881,194,77,Hyderabad,Neutral,1152
4300,2026-09-01 22:18:00,user_315,Python project discussion,#Bengaluru,289,116,81,Pune,Neutral,486
5392,2026-09-01 22:20:00,user_426,Amazing experience today,#Cricket,709,115,58,Mumbai,Positive,882
5707,2026-09-01 22:23:00,user_233,Excellent cricket match,#DataAnalytics,432,97,14,Bengaluru,Positive,543
130,2026-09-01 22:23:00,user_343,Excellent cricket match,#Bengaluru,901,153,9,Pune,Positive,1063
8205,2026-09-01 22:25:00,user_343,This failed again,#Python,369,66,73,Hyderabad,Negative,508
3051,2026-09-01 22:27:00,user_305,Cricket match scheduled today,#Bengaluru,497,21,39,Mumbai,Neutral,557
5012,2026-09-01 22:33:00,user_77,Amazing experience today,#Python,381,102,92,Pune,Positive,575
4513,2026-09-01 22:35:00,user_8,Excellent cricket match,#Fitness,377,12,18,Mumbai,Positive,407
1597,2026-09-01 22:36:00,user_325,Cricket match scheduled today,#Bengaluru,392,21,27,Hyderabad,Neutral,440
9942,2026-09-01 22:39:00,user_350,Python project discussion,#Technology,945,150,85,Hyderabad,Neutral,1180
434,2026-09-01 22:47:00,user_369,Data analytics session today,#AI,760,35,68,Mumbai,Neutral,863
4646,2026-09-01 22:48:00,user_139,This failed again,#Bengaluru,277,136,35,Hyderabad,Negative,448
1164,2026-09-01 22:50:00,user_116,Amazing experience today,#AI,586,167,11,Bengaluru,Positive,764
7596,2026-09-01 22:54:00,user_470,Cricket match scheduled today,#Trending,18,49,53,Delhi,Neutral,120
7786,2026-09-01 23:11:00,user_230,Great technology update,#Fitness,507,163,11,Delhi,Positive,681
4246,2026-09-01 23:14:00,user_242,Terrible service,#Technology,912,92,41,Pune,Negative,1045
6214,2026-09-01 23:24:00,user_184,Weather update from Bengaluru,#Python,567,119,5,Mumbai,Neutral,691
8783,2026-09-01 23:24:00,user_227,Beautiful day in Bengaluru,#Cricket,531,122,87,Mumbai,Positive,740
3656,2026-09-01 23:36:00,user_227,Beautiful day in Bengaluru,#DataAnalytics,777,118,40,Pune,Positive,935
9882,2026-09-01 23:39:00,user_285,Cricket match scheduled today,#AI,827,190,67,Chennai,Neutral,1084
4789,2026-09-01 23:45:00,user_96,AI news update,#Python,667,158,3,Chennai,Neutral,828
4939,2026-09-01 23:50:00,user_115,I love this new AI tool,#Cricket,326,84,33,Pune,Positive,443
1790,2026-09-01 23:51:00,user_208,Python is really useful,#Trending,819,175,7,Bengaluru,Neutral,1001
4136,2026-09-01 23:52:00,user_485,Amazing fitness progress,#Technology,844,90,70,Bengaluru,Positive,1004
2307,2026-09-01 23:53:00,user_295,Data analytics session today,#Technology,416,123,31,Hyderabad,Neutral,570
35,2026-09-01 23:54:00,user_51,Weather update from Bengaluru,#Technology,41,40,3,Mumbai,Neutral,84
2979,2026-09-01 23:55:00,user_241,Bad experience today,#Bengaluru,664,65,31,Chennai,Negative,760
1801,2026-09-01 23:59:00,user_123,Great technology update,#DataAnalytics,438,194,57,Chennai,Positive,689
4741,2026-09-02 00:06:00,user_110,I love this new AI tool,#Trending,597,189,45,Bengaluru,Positive,831
959,2026-09-02 00:15:00,user_77,This failed again,#Trending,116,65,71,Delhi,Negative,252
1155,2026-09-02 00:18:00,user_371,Beautiful day in Bengaluru,#Trending,281,149,35,Pune,Positive,465
623,2026-09-02 00:27:00,user_431,New information available,#Fitness,734,156,21,Hyderabad,Neutral,911
8193,2026-09-02 00:33:00,user_445,Fitness workout completed,#Cricket,151,96,37,Chennai,Neutral,284
4201,2026-09-02 00:43:00,user_178,Technology update today,#Trending,367,38,41,Pune,Neutral,446
7146,2026-09-02 00:44:00,user_171,Worst experience ever,#Bengaluru,532,129,95,Mumbai,Negative,756
3179,2026-09-02 00:46:00,user_492,Weather update from Bengaluru,#Python,816,92,92,Pune,Neutral,1000
3194,2026-09-02 00:49:00,user_221,Data analytics session today,#Bengaluru,106,78,83,Mumbai,Neutral,267
154,2026-09-02 00:49:00,user_210,Data analytics session today,#Cricket,556,107,26,Bengaluru,Neutral,689
7227,2026-09-02 00:50:00,user_266,Very disappointing result,#AI,904,182,23,Hyderabad,Neutral,1109
7741,2026-09-02 00:51:00,user_425,Amazing experience today,#Technology,20,10,38,Bengaluru,Positive,68
8678,2026-09-02 00:51:00,user_239,Data analytics session today,#Bengaluru,955,127,8,Chennai,Neutral,1090
700,2026-09-02 00:56:00,user_3,Amazing experience today,#Fitness,805,143,94,Hyderabad,Positive,1042
194,2026-09-02 00:58:00,user_494,Very disappointing result,#Technology,400,31,29,Delhi,Neutral,460
1623,2026-09-02 01:04:00,user_176,Beautiful day in Bengaluru,#Cricket,458,146,19,Chennai,Positive,623
8328,2026-09-02 01:09:00,user_215,AI news update,#Bengaluru,823,152,26,Mumbai,Neutral,1001
990,2026-09-02 01:10:00,user_278,Amazing fitness progress,#Python,34,106,53,Delhi,Positive,193
9442,2026-09-02 01:12:00,user_340,Cricket match scheduled today,#AI,500,12,88,Hyderabad,Neutral,600
2564,2026-09-02 01:21:00,user_409,Beautiful day in Bengaluru,#Trending,337,49,9,Bengaluru,Positive,395
4054,2026-09-02 01:25:00,user_305,Great technology update,#Python,138,148,7,Mumbai,Positive,293
2448,2026-09-02 01:25:00,user_134,Beautiful day in Bengaluru,#Technology,266,73,46,Bengaluru,Positive,385
2369,2026-09-02 01:28:00,user_367,Technology update today,#Python,181,36,98,Pune,Neutral,315
6416,2026-09-02 01:32:00,user_40,Excellent cricket match,#Technology,362,139,67,Mumbai,Positive,568
8470,2026-09-02 01:39:00,user_140,I am angry about this,#Bengaluru,355,50,52,Hyderabad,Negative,457
9603,2026-09-02 01:42:00,user_108,Worst experience ever,#DataAnalytics,644,155,71,Chennai,Negative,870
2059,2026-09-02 01:47:00,user_302,Python is really useful,#DataAnalytics,511,163,23,Delhi,Neutral,697
5784,2026-09-02 01:55:00,user_95,Python is really useful,#Cricket,739,196,100,Hyderabad,Neutral,1035
5224,2026-09-02 02:05:00,user_46,Amazing experience today,#Bengaluru,970,112,66,Delhi,Positive,1148
2713,2026-09-02 02:17:00,user_340,Python project discussion,#Technology,24,146,60,Pune,Neutral,230
5412,2026-09-02 02:20:00,user_295,Fitness workout completed,#Python,141,91,82,Chennai,Neutral,314
9809,2026-09-02 02:27:00,user_16,Python is really useful,#Bengaluru,960,73,82,Chennai,Neutral,1115
9905,2026-09-02 02:29:00,user_473,Great technology update,#AI,482,72,41,Delhi,Positive,595
541,2026-09-02 02:31:00,user_451,Data analytics session today,#Python,636,200,16,Hyderabad,Neutral,852
3967,2026-09-02 02:33:00,user_169,Python is really useful,#DataAnalytics,52,27,86,Hyderabad,Neutral,165
2597,2026-09-02 02:35:00,user_381,Fitness workout completed,#DataAnalytics,54,113,87,Delhi,Neutral,254
8218,2026-09-02 02:39:00,user_409,Very disappointing result,#Cricket,402,50,28,Bengaluru,Neutral,480
8116,2026-09-02 02:41:00,user_453,I love this new AI tool,#Python,58,37,63,Hyderabad,Positive,158
5940,2026-09-02 02:51:00,user_97,AI news update,#Bengaluru,327,79,16,Pune,Neutral,422
2002,2026-09-02 02:58:00,user_447,I am angry about this,#Fitness,403,199,43,Mumbai,Negative,645
860,2026-09-02 02:59:00,user_225,AI news update,#Trending,512,164,45,Pune,Neutral,721
5736,2026-09-02 02:59:00,user_183,New information available,#AI,304,28,80,Delhi,Neutral,412
2349,2026-09-02 03:09:00,user_283,Bad experience today,#Cricket,503,26,64,Chennai,Negative,593
9124,2026-09-02 03:10:00,user_270,Python is really useful,#Bengaluru,20,90,62,Pune,Neutral,172
9988,2026-09-02 03:14:00,user_149,Great technology update,#Python,541,159,94,Mumbai,Positive,794
7833,2026-09-02 03:16:00,user_91,Bad experience today,#Cricket,720,34,13,Hyderabad,Negative,767
8892,2026-09-02 03:20:00,user_319,Bad experience today,#DataAnalytics,221,148,20,Bengaluru,Negative,389
6647,2026-09-02 03:32:00,user_281,Python project discussion,#Bengaluru,494,173,85,Chennai,Neutral,752
8087,2026-09-02 03:35:00,user_209,AI news update,#AI,777,70,20,Mumbai,Neutral,867
3244,2026-09-02 03:39:00,user_296,Bad experience today,#Technology,195,53,67,Mumbai,Negative,315
4134,2026-09-02 03:54:00,user_83,Weather update from Bengaluru,#DataAnalytics,981,139,36,Pune,Neutral,1156
6188,2026-09-02 03:56:00,user_348,Excellent cricket match,#Bengaluru,872,189,10,Bengaluru,Positive,1071
2268,2026-09-02 04:01:00,user_70,Great work by the team,#Technology,728,1,44,Delhi,Positive,773
9859,2026-09-02 04:08:00,user_53,Great technology update,#Bengaluru,781,198,6,Mumbai,Positive,985
6774,2026-09-02 04:10:00,user_373,Python project discussion,#Trending,939,33,7,Chennai,Neutral,979
9176,2026-09-02 04:14:00,user_37,Worst experience ever,#Python,801,136,62,Chennai,Negative,999
4854,2026-09-02 04:38:00,user_158,Beautiful day in Bengaluru,#DataAnalytics,765,67,45,Hyderabad,Positive,877
5485,2026-09-02 04:38:00,user_16,I hate this problem,#Python,515,40,58,Pune,Negative,613
6339,2026-09-02 04:48:00,user_354,Fitness workout completed,#Fitness,193,96,27,Bengaluru,Neutral,316
6680,2026-09-02 04:54:00,user_185,AI news update,#Cricket,242,53,9,Delhi,Neutral,304
3068,2026-09-02 04:57:00,user_417,Amazing experience today,#Bengaluru,934,69,52,Hyderabad,Positive,1055
6698,2026-09-02 05:00:00,user_232,New information available,#Technology,988,71,3,Hyderabad,Neutral,1062
6838,2026-09-02 05:04:00,user_464,Great work by the team,#Trending,280,165,92,Bengaluru,Positive,537
2764,2026-09-02 05:05:00,user_118,Cricket match scheduled today,#Cricket,544,32,33,Pune,Neutral,609
2065,2026-09-02 05:14:00,user_179,Python project discussion,#Python,712,186,65,Chennai,Neutral,963
6962,2026-09-02 05:14:00,user_498,Great work by the team,#Technology,130,96,18,Chennai,Positive,244
6532,2026-09-02 05:19:00,user_321,Beautiful day in Bengaluru,#Trending,374,121,42,Hyderabad,Positive,537
4869,2026-09-02 05:25:00,user_112,Technology update today,#Fitness,184,89,29,Hyderabad,Neutral,302
4956,2026-09-02 05:26:00,user_423,Weather update from Bengaluru,#Trending,917,185,41,Hyderabad,Neutral,1143
2821,2026-09-02 05:30:00,user_460,Bad experience today,#Technology,105,23,77,Bengaluru,Negative,205
9036,2026-09-02 05:30:00,user_44,I love this new AI tool,#Fitness,871,146,63,Delhi,Positive,1080
8988,2026-09-02 05:33:00,user_392,Bad experience today,#Technology,859,131,99,Delhi,Negative,1089
6352,2026-09-02 05:34:00,user_344,New information available,#Fitness,635,163,93,Hyderabad,Neutral,891
9301,2026-09-02 05:38:00,user_386,Data analytics session today,#Bengaluru,666,150,52,Bengaluru,Neutral,868
5270,2026-09-02 05:40:00,user_431,Beautiful day in Bengaluru,#Bengaluru,178,86,17,Hyderabad,Positive,281
3218,2026-09-02 05:40:00,user_392,I am angry about this,#Trending,268,111,67,Chennai,Negative,446
9319,2026-09-02 05:44:00,user_147,I hate this problem,#AI,867,172,71,Pune,Negative,1110
9024,2026-09-02 05:46:00,user_421,Fitness workout completed,#Trending,834,158,31,Pune,Neutral,1023
9346,2026-09-02 05:48:00,user_123,Amazing experience today,#Bengaluru,662,95,12,Pune,Positive,769
1381,2026-09-02 05:52:00,user_141,I love this new AI tool,#Technology,648,68,40,Delhi,Positive,756
895,2026-09-02 05:58:00,user_399,Python is really useful,#AI,12,17,34,Pune,Neutral,63
2304,2026-09-02 06:06:00,user_104,Python is really useful,#Bengaluru,170,162,84,Bengaluru,Neutral,416
5615,2026-09-02 06:13:00,user_109,This failed again,#Bengaluru,907,10,30,Pune,Negative,947
5534,2026-09-02 06:18:00,user_468,Terrible service,#DataAnalytics,488,94,70,Delhi,Negative,652
8254,2026-09-02 06:20:00,user_222,Amazing fitness progress,#Cricket,995,139,85,Mumbai,Positive,1219
9147,2026-09-02 06:20:00,user_408,Fitness workout completed,#AI,205,180,44,Mumbai,Neutral,429
8371,2026-09-02 06:24:00,user_71,Python project discussion,#AI,86,155,78,Hyderabad,Neutral,319
4677,2026-09-02 06:25:00,user_184,Amazing experience today,#Trending,716,113,48,Chennai,Positive,877
3334,2026-09-02 06:28:00,user_452,Bad experience today,#Cricket,364,43,47,Pune,Negative,454
3890,2026-09-02 06:32:00,user_160,Data analytics session today,#AI,889,60,4,Chennai,Neutral,953
1902,2026-09-02 06:35:00,user_209,Amazing experience today,#Fitness,623,134,92,Hyderabad,Positive,849
9222,2026-09-02 06:35:00,user_353,Worst experience ever,#Trending,798,14,37,Pune,Negative,849
9740,2026-09-02 06:57:00,user_228,Great technology update,#Bengaluru,967,139,84,Mumbai,Positive,1190
6756,2026-09-02 07:02:00,user_129,Poor performance today,#Cricket,228,60,62,Mumbai,Negative,350
3163,2026-09-02 07:05:00,user_213,Great technology update,#Fitness,294,112,87,Chennai,Positive,493
2506,2026-09-02 07:08:00,user_173,Great technology update,#Trending,79,102,44,Chennai,Positive,225
6557,2026-09-02 07:11:00,user_451,Data analytics session today,#Trending,539,135,15,Chennai,Neutral,689
8513,2026-09-02 07:14:00,user_269,Cricket match scheduled today,#Fitness,295,54,86,Mumbai,Neutral,435
6705,2026-09-02 07:18:00,user_355,This failed again,#DataAnalytics,691,91,51,Delhi,Negative,833
8723,2026-09-02 07:22:00,user_414,Cricket match scheduled today,#AI,320,195,22,Chennai,Neutral,537
6722,2026-09-02 07:23:00,user_173,Worst experience ever,#Bengaluru,708,51,90,Bengaluru,Negative,849
8093,2026-09-02 07:28:00,user_156,I hate this problem,#Trending,864,60,95,Pune,Negative,1019
8219,2026-09-02 07:31:00,user_233,Fitness workout completed,#AI,68,200,6,Bengaluru,Neutral,274
2598,2026-09-02 07:36:00,user_309,Great work by the team,#Technology,336,147,80,Hyderabad,Positive,563
8397,2026-09-02 07:39:00,user_95,Python is really useful,#Technology,989,103,79,Bengaluru,Neutral,1171
507,2026-09-02 07:48:00,user_172,Beautiful day in Bengaluru,#Trending,181,167,84,Delhi,Positive,432
2529,2026-09-02 07:55:00,user_478,Data analytics session today,#AI,216,164,69,Mumbai,Neutral,449
3432,2026-09-02 07:55:00,user_496,Python is really useful,#Technology,297,65,79,Pune,Neutral,441
9730,2026-09-02 07:56:00,user_13,Technology update today,#Technology,652,180,86,Bengaluru,Neutral,918
1716,2026-09-02 07:59:00,user_217,Amazing fitness progress,#Fitness,854,177,49,Chennai,Positive,1080
5509,2026-09-02 08:08:00,user_346,Amazing experience today,#Trending,73,150,53,Pune,Positive,276
4258,2026-09-02 08:11:00,user_453,Amazing fitness progress,#Trending,153,171,33,Mumbai,Positive,357
4405,2026-09-02 08:14:00,user_477,Technology update today,#Python,676,83,67,Hyderabad,Neutral,826
4307,2026-09-02 08:16:00,user_311,Excellent cricket match,#Fitness,537,122,67,Chennai,Positive,726
7790,2026-09-02 08:20:00,user_343,Technology update today,#Python,287,163,48,Delhi,Neutral,498
2567,2026-09-02 08:24:00,user_135,Excellent cricket match,#Fitness,862,27,46,Hyderabad,Positive,935
7648,2026-09-02 08:29:00,user_354,I hate this problem,#AI,288,129,51,Mumbai,Negative,468
1176,2026-09-02 08:31:00,user_320,Great work by the team,#Fitness,51,161,19,Pune,Positive,231
6519,2026-09-02 08:33:00,user_125,Data analytics session today,#Trending,363,81,100,Bengaluru,Neutral,544
9751,2026-09-02 08:37:00,user_262,Great technology update,#Trending,693,166,77,Hyderabad,Positive,936
1751,2026-09-02 08:41:00,user_455,Python project discussion,#Technology,522,173,95,Chennai,Neutral,790
2655,2026-09-02 08:43:00,user_301,Great technology update,#DataAnalytics,991,200,31,Hyderabad,Positive,1222
1149,2026-09-02 08:44:00,user_184,Great technology update,#Bengaluru,48,120,36,Hyderabad,Positive,204
481,2026-09-02 08:46:00,user_385,Excellent cricket match,#Python,682,175,79,Chennai,Positive,936
3000,2026-09-02 08:52:00,user_284,Python project discussion,#Trending,596,74,84,Bengaluru,Neutral,754
8373,2026-09-02 08:53:00,user_258,Poor performance today,#Python,540,91,68,Delhi,Negative,699
1417,2026-09-02 08:57:00,user_413,Python project discussion,#Technology,214,140,71,Pune,Neutral,425
5288,2026-09-02 09:00:00,user_471,Excellent cricket match,#DataAnalytics,675,49,58,Delhi,Positive,782
5864,2026-09-02 09:05:00,user_285,Python project discussion,#Trending,705,50,88,Hyderabad,Neutral,843
3490,2026-09-02 09:06:00,user_316,I love this new AI tool,#Technology,719,28,62,Delhi,Positive,809
1413,2026-09-02 09:13:00,user_74,Great work by the team,#Technology,348,42,22,Bengaluru,Positive,412
9137,2026-09-02 09:14:00,user_427,Very disappointing result,#DataAnalytics,971,62,46,Pune,Neutral,1079
4417,2026-09-02 09:20:00,user_143,I love this new AI tool,#Cricket,146,146,75,Hyderabad,Positive,367
6535,2026-09-02 09:40:00,user_471,Great technology update,#Fitness,149,72,67,Mumbai,Positive,288
5234,2026-09-02 09:41:00,user_500,Fitness workout completed,#Trending,70,143,20,Pune,Neutral,233
3624,2026-09-02 09:43:00,user_274,Technology update today,#Fitness,642,90,74,Chennai,Neutral,806
2688,2026-09-02 09:45:00,user_209,Amazing fitness progress,#Trending,932,192,44,Bengaluru,Positive,1168
3802,2026-09-02 09:46:00,user_51,Great work by the team,#Cricket,605,34,67,Pune,Positive,706
3083,2026-09-02 09:47:00,user_35,Amazing fitness progress,#AI,828,64,43,Bengaluru,Positive,935
4968,2026-09-02 10:03:00,user_267,AI news update,#Cricket,556,104,35,Bengaluru,Neutral,695
2819,2026-09-02 10:05:00,user_474,Amazing experience today,#Bengaluru,629,1,100,Mumbai,Positive,730
2673,2026-09-02 10:08:00,user_368,New information available,#Fitness,729,65,28,Delhi,Neutral,822
3143,2026-09-02 10:16:00,user_477,Very disappointing result,#Technology,334,156,28,Pune,Neutral,518
3503,2026-09-02 10:17:00,user_289,Amazing experience today,#Trending,71,105,18,Chennai,Positive,194
5947,2026-09-02 10:17:00,user_477,Technology update today,#Trending,763,34,77,Hyderabad,Neutral,874
7207,2026-09-02 10:20:00,user_497,Weather update from Bengaluru,#Fitness,326,75,59,Bengaluru,Neutral,460
3762,2026-09-02 10:22:00,user_154,Excellent cricket match,#Cricket,845,140,47,Pune,Positive,1032
4963,2026-09-02 10:30:00,user_347,Poor performance today,#Technology,531,110,94,Pune,Negative,735
2569,2026-09-02 10:37:00,user_215,I am angry about this,#Cricket,541,18,9,Chennai,Negative,568
2265,2026-09-02 10:39:00,user_55,Excellent cricket match,#DataAnalytics,173,196,37,Mumbai,Positive,406
9005,2026-09-02 10:46:00,user_280,Beautiful day in Bengaluru,#AI,164,69,58,Delhi,Positive,291
8276,2026-09-02 10:47:00,user_39,AI news update,#DataAnalytics,920,87,66,Delhi,Neutral,1073
7550,2026-09-02 10:51:00,user_298,Amazing fitness progress,#Fitness,301,144,61,Bengaluru,Positive,506
7843,2026-09-02 10:57:00,user_70,Great work by the team,#DataAnalytics,460,159,58,Delhi,Positive,677
9510,2026-09-02 10:58:00,user_367,Very disappointing result,#Cricket,914,16,90,Delhi,Neutral,1020
8607,2026-09-02 10:58:00,user_124,Excellent cricket match,#Technology,318,48,13,Mumbai,Positive,379
9284,2026-09-02 11:01:00,user_349,Weather update from Bengaluru,#Trending,561,194,45,Delhi,Neutral,800
8167,2026-09-02 11:07:00,user_383,Great work by the team,#Cricket,648,155,13,Bengaluru,Positive,816
5471,2026-09-02 11:07:00,user_486,Great work by the team,#DataAnalytics,509,124,38,Mumbai,Positive,671
5979,2026-09-02 11:12:00,user_329,Amazing experience today,#DataAnalytics,872,72,3,Bengaluru,Positive,947
8114,2026-09-02 11:18:00,user_32,Terrible service,#Bengaluru,215,104,14,Mumbai,Negative,333
8368,2026-09-02 11:19:00,user_118,Great technology update,#Fitness,28,63,95,Chennai,Positive,186
1292,2026-09-02 11:20:00,user_87,This failed again,#Cricket,372,57,14,Pune,Negative,443
7951,2026-09-02 11:21:00,user_418,Amazing experience today,#Cricket,880,77,43,Mumbai,Positive,1000
2970,2026-09-02 11:27:00,user_81,Cricket match scheduled today,#Technology,52,87,96,Hyderabad,Neutral,235
2986,2026-09-02 11:28:00,user_459,Great technology update,#Cricket,471,165,13,Bengaluru,Positive,649
6404,2026-09-02 11:36:00,user_424,Great technology update,#Python,755,2,78,Delhi,Positive,835
9539,2026-09-02 11:39:00,user_282,Terrible service,#Fitness,441,32,74,Chennai,Negative,547
7008,2026-09-02 11:40:00,user_361,Beautiful day in Bengaluru,#Bengaluru,756,22,92,Pune,Positive,870
2528,2026-09-02 11:41:00,user_78,Beautiful day in Bengaluru,#Python,953,60,35,Delhi,Positive,1048
417,2026-09-02 11:48:00,user_394,Python is really useful,#Trending,543,136,59,Bengaluru,Neutral,738
8307,2026-09-02 11:49:00,user_313,Great technology update,#Fitness,584,112,91,Pune,Positive,787
1356,2026-09-02 11:54:00,user_179,New information available,#Trending,637,33,35,Hyderabad,Neutral,705
5942,2026-09-02 11:59:00,user_18,This failed again,#AI,426,187,7,Delhi,Negative,620
944,2026-09-02 12:01:00,user_448,Great technology update,#Fitness,680,77,45,Delhi,Positive,802
8887,2026-09-02 12:03:00,user_117,Very disappointing result,#Bengaluru,768,90,8,Delhi,Neutral,866
584,2026-09-02 12:03:00,user_78,Data analytics session today,#Technology,45,154,14,Delhi,Neutral,213
1875,2026-09-02 12:05:00,user_480,Cricket match scheduled today,#Python,933,12,55,Mumbai,Neutral,1000
1040,2026-09-02 12:14:00,user_437,Amazing experience today,#Python,702,81,71,Pune,Positive,854
6600,2026-09-02 12:15:00,user_67,Python is really useful,#Cricket,123,137,57,Delhi,Neutral,317
5296,2026-09-02 12:20:00,user_229,New information available,#Technology,288,44,94,Chennai,Neutral,426
671,2026-09-02 12:33:00,user_67,Python project discussion,#Cricket,909,67,99,Hyderabad,Neutral,1075
9123,2026-09-02 12:39:00,user_223,Fitness workout completed,#DataAnalytics,870,143,57,Hyderabad,Neutral,1070
7403,2026-09-02 12:44:00,user_192,Poor performance today,#Trending,213,117,22,Pune,Negative,352
3082,2026-09-02 12:48:00,user_405,Great technology update,#Technology,343,121,61,Mumbai,Positive,525
3885,2026-09-02 12:49:00,user_247,Terrible service,#Python,578,123,4,Chennai,Negative,705
1636,2026-09-02 12:50:00,user_349,I am angry about this,#Cricket,266,93,95,Mumbai,Negative,454
3942,2026-09-02 12:50:00,user_170,AI news update,#Fitness,834,54,21,Delhi,Neutral,909
342,2026-09-02 12:51:00,user_163,I am angry about this,#AI,58,11,59,Pune,Negative,128
9915,2026-09-02 12:52:00,user_249,I love this new AI tool,#Python,987,116,76,Pune,Positive,1179
8160,2026-09-02 13:06:00,user_34,Excellent cricket match,#Cricket,945,180,28,Mumbai,Positive,1153
9099,2026-09-02 13:08:00,user_25,I hate this problem,#Trending,152,158,10,Mumbai,Negative,320
5314,2026-09-02 13:12:00,user_468,Great work by the team,#Trending,236,200,26,Pune,Positive,462
8595,2026-09-02 13:13:00,user_376,Python project discussion,#Bengaluru,969,37,39,Bengaluru,Neutral,1045
3896,2026-09-02 13:26:00,user_181,Python project discussion,#Cricket,174,139,81,Hyderabad,Neutral,394
9478,2026-09-02 13:37:00,user_311,Python project discussion,#Cricket,871,100,13,Delhi,Neutral,984
2929,2026-09-02 13:39:00,user_240,New information available,#DataAnalytics,297,156,78,Delhi,Neutral,531
145,2026-09-02 13:43:00,user_449,Data analytics session today,#Fitness,781,73,17,Bengaluru,Neutral,871
4603,2026-09-02 13:54:00,user_435,This failed again,#Bengaluru,282,61,7,Bengaluru,Negative,350
7056,2026-09-02 13:58:00,user_162,This failed again,#Trending,201,110,78,Delhi,Negative,389
9361,2026-09-02 14:00:00,user_44,Great technology update,#AI,189,70,67,Delhi,Positive,326
7121,2026-09-02 14:06:00,user_332,Python project discussion,#Technology,142,3,3,Delhi,Neutral,148
930,2026-09-02 14:16:00,user_196,Very disappointing result,#Cricket,966,152,59,Hyderabad,Neutral,1177
6576,2026-09-02 14:20:00,user_21,Poor performance today,#Trending,555,20,2,Bengaluru,Negative,577
8867,2026-09-02 14:20:00,user_210,Data analytics session today,#DataAnalytics,298,151,93,Pune,Neutral,542
2437,2026-09-02 14:27:00,user_101,Beautiful day in Bengaluru,#Bengaluru,333,196,34,Pune,Positive,563
8308,2026-09-02 14:46:00,user_372,New information available,#Cricket,61,53,85,Hyderabad,Neutral,199
5508,2026-09-02 14:48:00,user_16,Worst experience ever,#Cricket,610,155,58,Pune,Negative,823
9347,2026-09-02 14:49:00,user_380,Python project discussion,#Trending,543,32,32,Mumbai,Neutral,607
1521,2026-09-02 14:55:00,user_95,Python project discussion,#Trending,188,11,72,Delhi,Neutral,271
7508,2026-09-02 14:55:00,user_326,Data analytics session today,#Cricket,320,100,83,Bengaluru,Neutral,503
9828,2026-09-02 14:56:00,user_467,Amazing fitness progress,#Technology,101,109,19,Pune,Positive,229
1917,2026-09-02 15:01:00,user_398,Fitness workout completed,#AI,951,65,74,Chennai,Neutral,1090
9230,2026-09-02 15:04:00,user_307,Python is really useful,#Trending,281,15,81,Delhi,Neutral,377
585,2026-09-02 15:05:00,user_429,Beautiful day in Bengaluru,#Trending,884,114,9,Delhi,Positive,1007
3961,2026-09-02 15:05:00,user_406,Data analytics session today,#Fitness,414,70,57,Hyderabad,Neutral,541
2221,2026-09-02 15:17:00,user_221,Amazing experience today,#Bengaluru,285,29,58,Mumbai,Positive,372
5842,2026-09-02 15:17:00,user_192,Poor performance today,#Technology,63,66,98,Hyderabad,Negative,227
5116,2026-09-02 15:18:00,user_305,Amazing fitness progress,#Fitness,546,143,67,Mumbai,Positive,756
397,2026-09-02 15:19:00,user_53,I hate this problem,#Fitness,83,16,18,Hyderabad,Negative,117
1009,2026-09-02 15:21:00,user_327,I love this new AI tool,#DataAnalytics,689,81,68,Bengaluru,Positive,838
1911,2026-09-02 15:27:00,user_243,Amazing experience today,#Cricket,59,50,99,Mumbai,Positive,208
2877,2026-09-02 15:35:00,user_260,Amazing experience today,#Cricket,19,21,90,Pune,Positive,130
4597,2026-09-02 15:39:00,user_128,Worst experience ever,#AI,760,80,42,Mumbai,Negative,882
9566,2026-09-02 15:43:00,user_177,Great technology update,#DataAnalytics,92,70,32,Delhi,Positive,194
11,2026-09-02 15:52:00,user_156,Technology update today,#Python,258,42,65,Bengaluru,Neutral,365
6011,2026-09-02 15:54:00,user_475,Very disappointing result,#Trending,179,30,35,Hyderabad,Neutral,244
6281,2026-09-02 15:59:00,user_454,Great technology update,#Technology,670,190,98,Chennai,Positive,958
3098,2026-09-02 16:16:00,user_149,Worst experience ever,#Trending,618,42,80,Chennai,Negative,740
8044,2026-09-02 16:18:00,user_138,Great technology update,#Technology,209,163,41,Mumbai,Positive,413
4711,2026-09-02 16:27:00,user_190,Poor performance today,#AI,987,69,3,Delhi,Negative,1059
2519,2026-09-02 16:27:00,user_310,Python is really useful,#DataAnalytics,180,47,54,Mumbai,Neutral,281
1563,2026-09-02 16:31:00,user_296,Python is really useful,#Fitness,120,107,38,Mumbai,Neutral,265
2846,2026-09-02 16:32:00,user_398,This failed again,#Technology,64,58,11,Hyderabad,Negative,133
8705,2026-09-02 16:46:00,user_89,Bad experience today,#Fitness,154,79,60,Chennai,Negative,293
2040,2026-09-02 16:47:00,user_442,Excellent cricket match,#AI,360,18,83,Pune,Positive,461
3561,2026-09-02 16:54:00,user_389,Beautiful day in Bengaluru,#Bengaluru,15,84,69,Bengaluru,Positive,168
7385,2026-09-02 16:55:00,user_197,Great work by the team,#Fitness,184,200,26,Chennai,Positive,410
9525,2026-09-02 16:59:00,user_165,AI news update,#Technology,924,119,2,Pune,Neutral,1045
1704,2026-09-02 17:08:00,user_12,Beautiful day in Bengaluru,#Fitness,250,47,76,Mumbai,Positive,373
7660,2026-09-02 17:08:00,user_203,Very disappointing result,#Fitness,632,151,81,Hyderabad,Neutral,864
1817,2026-09-02 17:11:00,user_16,Bad experience today,#Fitness,306,21,61,Mumbai,Negative,388
8483,2026-09-02 17:19:00,user_6,I am angry about this,#Cricket,659,166,36,Hyderabad,Negative,861
927,2026-09-02 17:24:00,user_282,Great technology update,#Trending,925,38,33,Mumbai,Positive,996
2290,2026-09-02 17:24:00,user_236,Cricket match scheduled today,#Fitness,918,71,52,Bengaluru,Neutral,1041
9763,2026-09-02 17:29:00,user_202,I love this new AI tool,#Bengaluru,154,200,27,Pune,Positive,381
722,2026-09-02 17:32:00,user_89,New information available,#AI,392,161,48,Delhi,Neutral,601
4876,2026-09-02 17:33:00,user_46,Amazing fitness progress,#Fitness,99,134,22,Pune,Positive,255
7890,2026-09-02 17:43:00,user_156,Technology update today,#Technology,416,171,23,Delhi,Neutral,610
5531,2026-09-02 17:44:00,user_470,New information available,#DataAnalytics,129,40,86,Hyderabad,Neutral,255
4690,2026-09-02 17:45:00,user_80,Technology update today,#Technology,142,180,24,Delhi,Neutral,346
7643,2026-09-02 17:50:00,user_496,Technology update today,#Trending,388,38,35,Chennai,Neutral,461
9307,2026-09-02 17:53:00,user_349,Fitness workout completed,#Bengaluru,585,84,60,Chennai,Neutral,729
5415,2026-09-02 17:54:00,user_484,I love this new AI tool,#Technology,265,78,35,Hyderabad,Positive,378
3177,2026-09-02 17:59:00,user_108,Cricket match scheduled today,#AI,95,99,77,Mumbai,Neutral,271
3794,2026-09-02 18:02:00,user_98,Amazing experience today,#AI,822,9,40,Pune,Positive,871
3648,2026-09-02 18:14:00,user_362,Great work by the team,#Technology,968,156,12,Pune,Positive,1136
3484,2026-09-02 18:15:00,user_476,Weather update from Bengaluru,#AI,97,25,1,Pune,Neutral,123
9179,2026-09-02 18:18:00,user_45,Technology update today,#Bengaluru,281,58,43,Chennai,Neutral,382
258,2026-09-02 18:20:00,user_151,Bad experience today,#Fitness,73,56,41,Mumbai,Negative,170
4338,2026-09-02 18:24:00,user_414,Great work by the team,#AI,449,113,67,Delhi,Positive,629
450,2026-09-02 18:25:00,user_134,Amazing experience today,#AI,297,74,10,Hyderabad,Positive,381
789,2026-09-02 18:28:00,user_449,Amazing fitness progress,#Python,275,20,19,Bengaluru,Positive,314
5266,2026-09-02 18:33:00,user_303,Data analytics session today,#Technology,233,161,31,Delhi,Neutral,425
5627,2026-09-02 18:33:00,user_141,Python is really useful,#Trending,185,194,54,Bengaluru,Neutral,433
8369,2026-09-02 18:34:00,user_244,Python project discussion,#DataAnalytics,373,50,32,Mumbai,Neutral,455
3707,2026-09-02 18:34:00,user_175,Beautiful day in Bengaluru,#Fitness,216,148,27,Hyderabad,Positive,391
1688,2026-09-02 18:48:00,user_457,Great technology update,#Fitness,400,171,100,Hyderabad,Positive,671
2438,2026-09-02 18:54:00,user_258,AI news update,#Fitness,436,121,61,Delhi,Neutral,618
9980,2026-09-02 18:56:00,user_51,Cricket match scheduled today,#Trending,980,156,3,Chennai,Neutral,1139
355,2026-09-02 18:57:00,user_230,Great work by the team,#Fitness,941,155,80,Hyderabad,Positive,1176
1016,2026-09-02 18:57:00,user_474,Weather update from Bengaluru,#Python,645,197,21,Mumbai,Neutral,863
1221,2026-09-02 18:57:00,user_140,Great technology update,#AI,204,4,16,Hyderabad,Positive,224
7930,2026-09-02 18:58:00,user_456,Great work by the team,#Bengaluru,597,96,55,Delhi,Positive,748
9871,2026-09-02 18:59:00,user_189,Fitness workout completed,#Fitness,920,78,6,Delhi,Neutral,1004
5994,2026-09-02 19:03:00,user_332,Poor performance today,#Python,856,110,16,Pune,Negative,982
2500,2026-09-02 19:07:00,user_477,Python is really useful,#DataAnalytics,929,154,91,Bengaluru,Neutral,1174
9334,2026-09-02 19:11:00,user_93,Great work by the team,#Technology,13,77,91,Delhi,Positive,181
987,2026-09-02 19:22:00,user_46,Python project discussion,#Python,886,20,84,Hyderabad,Neutral,990
6941,2026-09-02 19:22:00,user_252,Technology update today,#Technology,194,27,63,Mumbai,Neutral,284
3660,2026-09-02 19:44:00,user_130,I am angry about this,#Python,44,132,91,Delhi,Negative,267
4181,2026-09-02 19:47:00,user_111,Python is really useful,#Bengaluru,469,2,34,Hyderabad,Neutral,505
9277,2026-09-02 19:50:00,user_177,Cricket match scheduled today,#Trending,933,154,86,Bengaluru,Neutral,1173
5900,2026-09-02 19:50:00,user_3,Fitness workout completed,#Python,523,94,42,Bengaluru,Neutral,659
7702,2026-09-02 19:56:00,user_463,AI news update,#DataAnalytics,238,9,36,Chennai,Neutral,283
7256,2026-09-02 20:02:00,user_166,I love this new AI tool,#Python,529,157,80,Hyderabad,Positive,766
6875,2026-09-02 20:03:00,user_36,Fitness workout completed,#Python,372,83,24,Bengaluru,Neutral,479
8247,2026-09-02 20:06:00,user_94,Amazing fitness progress,#Bengaluru,468,30,36,Delhi,Positive,534
8811,2026-09-02 20:06:00,user_71,Beautiful day in Bengaluru,#Python,775,27,45,Bengaluru,Positive,847
4886,2026-09-02 20:08:00,user_253,Cricket match scheduled today,#Fitness,17,169,6,Bengaluru,Neutral,192
8918,2026-09-02 20:14:00,user_141,Amazing experience today,#Technology,514,69,27,Mumbai,Positive,610
1963,2026-09-02 20:14:00,user_327,Amazing fitness progress,#AI,657,116,90,Mumbai,Positive,863
1127,2026-09-02 20:18:00,user_462,Great work by the team,#AI,634,22,99,Mumbai,Positive,755
5094,2026-09-02 20:25:00,user_364,Amazing experience today,#Python,512,47,74,Delhi,Positive,633
7241,2026-09-02 20:30:00,user_304,Python project discussion,#AI,946,94,25,Bengaluru,Neutral,1065
2989,2026-09-02 20:30:00,user_381,Amazing experience today,#Trending,271,68,7,Pune,Positive,346
5599,2026-09-02 20:41:00,user_491,I am angry about this,#Cricket,277,167,45,Delhi,Negative,489
6929,2026-09-02 20:45:00,user_94,Weather update from Bengaluru,#AI,611,39,93,Hyderabad,Neutral,743
6348,2026-09-02 20:58:00,user_159,Weather update from Bengaluru,#Python,660,21,42,Delhi,Neutral,723
9448,2026-09-02 20:59:00,user_452,Worst experience ever,#AI,665,72,87,Pune,Negative,824
8666,2026-09-02 21:12:00,user_247,Excellent cricket match,#Technology,873,41,84,Delhi,Positive,998
9715,2026-09-02 21:16:00,user_425,Data analytics session today,#Technology,512,23,92,Pune,Neutral,627
2416,2026-09-02 21:19:00,user_456,Bad experience today,#Technology,518,30,23,Delhi,Negative,571
1382,2026-09-02 21:42:00,user_200,Beautiful day in Bengaluru,#DataAnalytics,86,92,47,Pune,Positive,225
5910,2026-09-02 21:46:00,user_414,Python is really useful,#Cricket,37,188,36,Hyderabad,Neutral,261
8710,2026-09-02 21:49:00,user_153,Python is really useful,#Cricket,564,111,24,Delhi,Neutral,699
3982,2026-09-02 21:53:00,user_460,Python project discussion,#Fitness,291,124,22,Hyderabad,Neutral,437
8217,2026-09-02 21:54:00,user_414,Very disappointing result,#Cricket,81,120,50,Pune,Neutral,251
6164,2026-09-02 22:00:00,user_421,New information available,#Bengaluru,923,95,49,Mumbai,Neutral,1067
2867,2026-09-02 22:00:00,user_42,Cricket match scheduled today,#Cricket,738,167,75,Delhi,Neutral,980
8429,2026-09-02 22:04:00,user_15,Weather update from Bengaluru,#Fitness,219,174,9,Delhi,Neutral,402
9748,2026-09-02 22:10:00,user_329,Cricket match scheduled today,#Trending,482,132,3,Bengaluru,Neutral,617
1869,2026-09-02 22:16:00,user_182,Amazing fitness progress,#DataAnalytics,339,105,32,Delhi,Positive,476
9376,2026-09-02 22:20:00,user_191,Technology update today,#Fitness,954,109,26,Mumbai,Neutral,1089
6435,2026-09-02 22:26:00,user_295,Excellent cricket match,#Fitness,248,154,28,Delhi,Positive,430
8428,2026-09-02 22:30:00,user_162,Technology update today,#Trending,875,92,3,Bengaluru,Neutral,970
4373,2026-09-02 22:46:00,user_300,Weather update from Bengaluru,#Python,35,175,80,Delhi,Neutral,290
4301,2026-09-02 22:50:00,user_482,Worst experience ever,#Bengaluru,854,144,88,Bengaluru,Negative,1086
1915,2026-09-02 22:55:00,user_146,Great technology update,#Cricket,646,74,17,Mumbai,Positive,737
1485,2026-09-02 22:57:00,user_232,New information available,#Fitness,368,52,96,Delhi,Neutral,516
7658,2026-09-02 23:05:00,user_327,Amazing fitness progress,#Trending,265,172,28,Mumbai,Positive,465
2721,2026-09-02 23:12:00,user_180,Beautiful day in Bengaluru,#Technology,554,27,24,Hyderabad,Positive,605
6471,2026-09-02 23:13:00,user_58,Excellent cricket match,#AI,165,33,15,Delhi,Positive,213
714,2026-09-02 23:17:00,user_196,Beautiful day in Bengaluru,#Bengaluru,213,141,86,Bengaluru,Positive,440
1351,2026-09-02 23:19:00,user_7,I love this new AI tool,#Cricket,284,28,40,Delhi,Positive,352
956,2026-09-02 23:22:00,user_377,Cricket match scheduled today,#Cricket,933,166,96,Pune,Neutral,1195
8916,2026-09-02 23:29:00,user_212,Terrible service,#Python,739,28,93,Mumbai,Negative,860
977,2026-09-02 23:30:00,user_473,Amazing fitness progress,#Fitness,641,91,38,Delhi,Positive,770
7484,2026-09-02 23:31:00,user_389,Data analytics session today,#Technology,355,182,32,Bengaluru,Neutral,569
7696,2026-09-02 23:34:00,user_88,Python project discussion,#Fitness,374,127,76,Mumbai,Neutral,577
8856,2026-09-02 23:34:00,user_339,Python is really useful,#Trending,894,32,13,Mumbai,Neutral,939
2232,2026-09-02 23:40:00,user_365,Cricket match scheduled today,#DataAnalytics,998,130,75,Hyderabad,Neutral,1203
8702,2026-09-02 23:41:00,user_153,Amazing experience today,#Bengaluru,238,149,69,Delhi,Positive,456
1765,2026-09-02 23:45:00,user_142,Very disappointing result,#Technology,339,193,95,Chennai,Neutral,627
6738,2026-09-02 23:47:00,user_372,Data analytics session today,#Cricket,835,195,41,Pune,Neutral,1071
2496,2026-09-02 23:55:00,user_190,Weather update from Bengaluru,#Python,202,116,64,Delhi,Neutral,382
5914,2026-09-03 00:08:00,user_398,AI news update,#Cricket,184,59,67,Mumbai,Neutral,310
4966,2026-09-03 00:19:00,user_97,Technology update today,#DataAnalytics,744,192,100,Delhi,Neutral,1036
8271,2026-09-03 00:20:00,user_417,I love this new AI tool,#Cricket,686,131,56,Chennai,Positive,873
7322,2026-09-03 00:21:00,user_45,I am angry about this,#AI,552,32,74,Chennai,Negative,658
2922,2026-09-03 00:24:00,user_198,Beautiful day in Bengaluru,#DataAnalytics,343,197,34,Mumbai,Positive,574
7576,2026-09-03 00:32:00,user_32,Poor performance today,#Cricket,610,20,52,Mumbai,Negative,682
7609,2026-09-03 00:44:00,user_470,Poor performance today,#Bengaluru,269,152,82,Chennai,Negative,503
9471,2026-09-03 00:47:00,user_25,Technology update today,#Python,794,178,100,Pune,Neutral,1072
5560,2026-09-03 00:47:00,user_428,Python is really useful,#Fitness,816,183,2,Bengaluru,Neutral,1001
9612,2026-09-03 00:57:00,user_378,Worst experience ever,#Cricket,87,115,64,Bengaluru,Negative,266
6845,2026-09-03 00:59:00,user_16,This failed again,#Trending,619,59,52,Bengaluru,Negative,730
6383,2026-09-03 01:06:00,user_401,Worst experience ever,#Technology,740,24,95,Hyderabad,Negative,859
4505,2026-09-03 01:11:00,user_397,I love this new AI tool,#Cricket,572,24,27,Chennai,Positive,623
5066,2026-09-03 01:18:00,user_70,Excellent cricket match,#Cricket,405,186,31,Pune,Positive,622
5273,2026-09-03 01:25:00,user_289,Great work by the team,#AI,773,135,78,Delhi,Positive,986
1758,2026-09-03 01:25:00,user_21,Technology update today,#Trending,769,106,41,Hyderabad,Neutral,916
1868,2026-09-03 01:28:00,user_489,Bad experience today,#Fitness,952,21,4,Bengaluru,Negative,977
1307,2026-09-03 01:38:00,user_231,I love this new AI tool,#Cricket,96,145,54,Delhi,Positive,295
3091,2026-09-03 01:43:00,user_335,Terrible service,#Trending,629,198,99,Mumbai,Negative,926
2660,2026-09-03 01:46:00,user_451,I am angry about this,#Trending,204,18,21,Chennai,Negative,243
2267,2026-09-03 01:49:00,user_92,AI news update,#Bengaluru,477,87,8,Pune,Neutral,572
8022,2026-09-03 01:55:00,user_102,I love this new AI tool,#AI,682,74,66,Bengaluru,Positive,822
8758,2026-09-03 01:56:00,user_184,Beautiful day in Bengaluru,#DataAnalytics,331,149,26,Delhi,Positive,506
756,2026-09-03 02:04:00,user_133,Weather update from Bengaluru,#Bengaluru,751,77,40,Mumbai,Neutral,868
4339,2026-09-03 02:07:00,user_232,Worst experience ever,#DataAnalytics,995,82,26,Chennai,Negative,1103
5639,2026-09-03 02:23:00,user_84,Beautiful day in Bengaluru,#AI,548,18,66,Mumbai,Positive,632
2602,2026-09-03 02:29:00,user_72,Great technology update,#AI,327,43,98,Hyderabad,Positive,468
7230,2026-09-03 02:30:00,user_167,Amazing experience today,#Fitness,295,52,46,Delhi,Positive,393
7401,2026-09-03 02:36:00,user_133,Cricket match scheduled today,#AI,155,87,8,Pune,Neutral,250
2678,2026-09-03 02:37:00,user_28,Cricket match scheduled today,#Trending,681,141,11,Chennai,Neutral,833
720,2026-09-03 02:46:00,user_323,I am angry about this,#Python,673,101,92,Chennai,Negative,866
498,2026-09-03 02:47:00,user_256,I am angry about this,#AI,242,70,72,Pune,Negative,384
6063,2026-09-03 02:49:00,user_493,Beautiful day in Bengaluru,#Python,267,194,24,Chennai,Positive,485
574,2026-09-03 02:57:00,user_17,Technology update today,#Trending,971,187,19,Chennai,Neutral,1177
5977,2026-09-03 02:58:00,user_188,Fitness workout completed,#DataAnalytics,205,173,33,Mumbai,Neutral,411
5938,2026-09-03 03:08:00,user_31,This failed again,#Fitness,549,154,47,Hyderabad,Negative,750
8654,2026-09-03 03:09:00,user_229,Python is really useful,#Cricket,184,107,39,Pune,Neutral,330
6368,2026-09-03 03:25:00,user_320,Great technology update,#DataAnalytics,886,128,42,Pune,Positive,1056
3380,2026-09-03 03:25:00,user_492,Python is really useful,#Python,19,18,3,Hyderabad,Neutral,40
5352,2026-09-03 03:38:00,user_261,Terrible service,#Python,181,154,84,Bengaluru,Negative,419
193,2026-09-03 03:44:00,user_318,Great work by the team,#Cricket,107,25,18,Pune,Positive,150
9110,2026-09-03 03:47:00,user_35,Excellent cricket match,#Bengaluru,686,37,88,Bengaluru,Positive,811
6392,2026-09-03 03:52:00,user_299,Great technology update,#Fitness,75,109,97,Pune,Positive,281
1726,2026-09-03 03:58:00,user_356,Fitness workout completed,#AI,770,154,70,Delhi,Neutral,994
7340,2026-09-03 04:09:00,user_184,Worst experience ever,#Python,466,160,75,Hyderabad,Negative,701
550,2026-09-03 04:17:00,user_372,Beautiful day in Bengaluru,#Bengaluru,419,186,24,Bengaluru,Positive,629
6794,2026-09-03 04:20:00,user_131,Terrible service,#AI,645,79,6,Delhi,Negative,730
4234,2026-09-03 04:22:00,user_484,AI news update,#Trending,877,140,75,Delhi,Neutral,1092
6689,2026-09-03 04:35:00,user_431,Weather update from Bengaluru,#Trending,411,188,99,Bengaluru,Neutral,698
5625,2026-09-03 04:44:00,user_486,Technology update today,#AI,66,176,63,Pune,Neutral,305
1672,2026-09-03 04:44:00,user_425,Very disappointing result,#Bengaluru,538,170,68,Delhi,Neutral,776
4434,2026-09-03 04:46:00,user_46,Python is really useful,#Bengaluru,647,105,88,Delhi,Neutral,840
4763,2026-09-03 04:48:00,user_338,Cricket match scheduled today,#DataAnalytics,185,55,12,Bengaluru,Neutral,252
3620,2026-09-03 04:53:00,user_135,AI news update,#Python,809,135,83,Mumbai,Neutral,1027
3281,2026-09-03 04:54:00,user_493,Excellent cricket match,#AI,894,178,46,Mumbai,Positive,1118
4362,2026-09-03 04:59:00,user_87,I am angry about this,#DataAnalytics,406,200,8,Mumbai,Negative,614
413,2026-09-03 05:03:00,user_204,Amazing fitness progress,#Cricket,728,142,7,Mumbai,Positive,877
2275,2026-09-03 05:06:00,user_4,Great work by the team,#Bengaluru,713,195,23,Chennai,Positive,931
6345,2026-09-03 05:10:00,user_381,I am angry about this,#Python,110,40,46,Pune,Negative,196
7692,2026-09-03 05:15:00,user_137,Great work by the team,#Cricket,950,81,16,Delhi,Positive,1047
773,2026-09-03 05:28:00,user_24,Bad experience today,#Bengaluru,654,66,84,Pune,Negative,804
9287,2026-09-03 05:29:00,user_439,I love this new AI tool,#AI,935,120,46,Mumbai,Positive,1101
2942,2026-09-03 05:38:00,user_479,Amazing fitness progress,#Trending,369,26,84,Mumbai,Positive,479
9679,2026-09-03 05:41:00,user_237,This failed again,#Python,863,48,91,Pune,Negative,1002
140,2026-09-03 05:44:00,user_64,Cricket match scheduled today,#Python,501,121,36,Pune,Neutral,658
6915,2026-09-03 05:44:00,user_51,Bad experience today,#Cricket,613,176,47,Hyderabad,Negative,836
7517,2026-09-03 05:45:00,user_285,Great technology update,#Cricket,384,193,98,Mumbai,Positive,675
5783,2026-09-03 05:49:00,user_101,Cricket match scheduled today,#AI,375,184,32,Hyderabad,Neutral,591
7092,2026-09-03 05:52:00,user_400,Bad experience today,#Bengaluru,436,118,87,Mumbai,Negative,641
3065,2026-09-03 05:55:00,user_393,Very disappointing result,#Python,282,188,15,Hyderabad,Neutral,485
9262,2026-09-03 05:59:00,user_274,AI news update,#Python,652,60,59,Pune,Neutral,771
802,2026-09-03 05:59:00,user_296,I love this new AI tool,#DataAnalytics,680,65,26,Pune,Positive,771
2279,2026-09-03 06:04:00,user_11,AI news update,#Technology,147,96,71,Pune,Neutral,314
3744,2026-09-03 06:05:00,user_286,Python is really useful,#AI,103,175,68,Pune,Neutral,346
4446,2026-09-03 06:11:00,user_127,Fitness workout completed,#DataAnalytics,333,105,5,Mumbai,Neutral,443
9984,2026-09-03 06:15:00,user_264,Amazing fitness progress,#Cricket,123,186,30,Pune,Positive,339
3420,2026-09-03 06:15:00,user_435,Poor performance today,#Python,616,48,16,Mumbai,Negative,680
862,2026-09-03 06:22:00,user_471,Great work by the team,#Bengaluru,923,100,75,Pune,Positive,1098
6742,2026-09-03 06:31:00,user_129,Technology update today,#Fitness,876,180,89,Hyderabad,Neutral,1145
6402,2026-09-03 06:34:00,user_476,Python project discussion,#AI,36,99,30,Chennai,Neutral,165
1930,2026-09-03 06:43:00,user_405,Beautiful day in Bengaluru,#DataAnalytics,510,1,76,Delhi,Positive,587
3763,2026-09-03 06:53:00,user_154,I love this new AI tool,#Cricket,550,124,39,Delhi,Positive,713
3823,2026-09-03 06:58:00,user_307,This failed again,#Technology,937,28,40,Mumbai,Negative,1005
5921,2026-09-03 07:10:00,user_322,Amazing fitness progress,#Technology,606,94,5,Chennai,Positive,705
474,2026-09-03 07:19:00,user_386,Very disappointing result,#Python,449,131,68,Delhi,Neutral,648
9120,2026-09-03 07:24:00,user_405,I hate this problem,#Python,916,199,47,Bengaluru,Negative,1162
4772,2026-09-03 07:26:00,user_371,This failed again,#Python,978,4,71,Pune,Negative,1053
5779,2026-09-03 07:27:00,user_209,New information available,#Technology,344,197,9,Bengaluru,Neutral,550
557,2026-09-03 07:30:00,user_362,Python project discussion,#Cricket,543,55,18,Hyderabad,Neutral,616
3880,2026-09-03 07:48:00,user_242,Cricket match scheduled today,#DataAnalytics,61,164,100,Mumbai,Neutral,325
638,2026-09-03 07:50:00,user_161,Amazing fitness progress,#Technology,896,98,18,Delhi,Positive,1012
8915,2026-09-03 07:51:00,user_121,I hate this problem,#Technology,304,137,3,Hyderabad,Negative,444
2036,2026-09-03 08:04:00,user_63,Terrible service,#Python,298,44,93,Chennai,Negative,435
8716,2026-09-03 08:05:00,user_380,Amazing fitness progress,#Fitness,391,41,63,Pune,Positive,495
9713,2026-09-03 08:11:00,user_60,Beautiful day in Bengaluru,#Technology,461,64,63,Hyderabad,Positive,588
2068,2026-09-03 08:20:00,user_42,Amazing fitness progress,#Cricket,897,69,34,Pune,Positive,1000
2888,2026-09-03 08:27:00,user_455,Great technology update,#Cricket,838,72,42,Delhi,Positive,952
9818,2026-09-03 08:29:00,user_130,Amazing experience today,#Python,408,156,93,Bengaluru,Positive,657
9827,2026-09-03 08:31:00,user_410,Weather update from Bengaluru,#AI,945,48,15,Chennai,Neutral,1008
6321,2026-09-03 08:31:00,user_395,New information available,#AI,951,52,34,Delhi,Neutral,1037
861,2026-09-03 08:33:00,user_461,Amazing fitness progress,#Cricket,353,102,49,Pune,Positive,504
6323,2026-09-03 08:33:00,user_5,Great work by the team,#Technology,361,73,32,Chennai,Positive,466
5791,2026-09-03 08:44:00,user_285,Cricket match scheduled today,#Bengaluru,743,186,42,Hyderabad,Neutral,971
7864,2026-09-03 08:49:00,user_426,Python is really useful,#DataAnalytics,121,49,22,Mumbai,Neutral,192
159,2026-09-03 08:53:00,user_76,I love this new AI tool,#Python,936,65,18,Chennai,Positive,1019
3088,2026-09-03 08:56:00,user_133,Great technology update,#Technology,792,105,29,Bengaluru,Positive,926
1452,2026-09-03 09:04:00,user_476,New information available,#DataAnalytics,928,17,7,Mumbai,Neutral,952
597,2026-09-03 09:09:00,user_485,I love this new AI tool,#Trending,403,61,12,Mumbai,Positive,476
2844,2026-09-03 09:17:00,user_74,Amazing fitness progress,#Trending,183,199,57,Chennai,Positive,439
1590,2026-09-03 09:20:00,user_459,Great work by the team,#AI,470,127,30,Bengaluru,Positive,627
7443,2026-09-03 09:22:00,user_362,Amazing experience today,#DataAnalytics,986,181,35,Mumbai,Positive,1202
7096,2026-09-03 09:26:00,user_349,Great technology update,#Cricket,238,85,98,Delhi,Positive,421
7402,2026-09-03 09:29:00,user_73,Great work by the team,#Cricket,591,78,76,Delhi,Positive,745
8142,2026-09-03 09:31:00,user_36,Amazing fitness progress,#Cricket,248,116,46,Chennai,Positive,410
4387,2026-09-03 09:35:00,user_211,Python project discussion,#Trending,833,3,33,Hyderabad,Neutral,869
6271,2026-09-03 09:36:00,user_282,This failed again,#Bengaluru,394,45,1,Chennai,Negative,440
1262,2026-09-03 09:40:00,user_465,Cricket match scheduled today,#Bengaluru,339,46,6,Bengaluru,Neutral,391
3418,2026-09-03 09:47:00,user_284,Technology update today,#Cricket,162,146,4,Bengaluru,Neutral,312
9647,2026-09-03 09:48:00,user_198,Amazing fitness progress,#Technology,788,105,85,Chennai,Positive,978
3886,2026-09-03 09:52:00,user_427,Cricket match scheduled today,#DataAnalytics,533,13,65,Pune,Neutral,611
1,2026-09-03 09:53:00,user_287,Very disappointing result,#Trending,219,13,84,Pune,Neutral,316
8496,2026-09-03 09:55:00,user_370,Weather update from Bengaluru,#Fitness,399,13,74,Hyderabad,Neutral,486
1795,2026-09-03 10:19:00,user_255,Beautiful day in Bengaluru,#AI,904,22,88,Bengaluru,Positive,1014
5489,2026-09-03 10:21:00,user_378,Fitness workout completed,#Technology,218,193,83,Hyderabad,Neutral,494
7934,2026-09-03 10:24:00,user_9,AI news update,#Bengaluru,807,14,14,Delhi,Neutral,835
5373,2026-09-03 10:25:00,user_17,I am angry about this,#AI,100,130,60,Delhi,Negative,290
293,2026-09-03 10:36:00,user_315,Excellent cricket match,#Cricket,290,118,10,Pune,Positive,418
2365,2026-09-03 10:46:00,user_364,Great work by the team,#Trending,739,33,51,Bengaluru,Positive,823
2687,2026-09-03 10:46:00,user_450,Weather update from Bengaluru,#Fitness,393,6,40,Chennai,Neutral,439
7216,2026-09-03 10:50:00,user_39,Cricket match scheduled today,#Technology,959,12,39,Hyderabad,Neutral,1010
407,2026-09-03 10:54:00,user_100,I love this new AI tool,#Python,747,96,97,Chennai,Positive,940
9198,2026-09-03 11:04:00,user_189,Cricket match scheduled today,#Bengaluru,860,198,60,Hyderabad,Neutral,1118
6618,2026-09-03 11:07:00,user_309,Excellent cricket match,#Technology,90,40,35,Hyderabad,Positive,165
9684,2026-09-03 11:12:00,user_426,Excellent cricket match,#Technology,988,35,67,Pune,Positive,1090
182,2026-09-03 11:18:00,user_3,Amazing experience today,#DataAnalytics,945,160,52,Delhi,Positive,1157
4427,2026-09-03 11:18:00,user_291,Bad experience today,#Cricket,906,74,90,Mumbai,Negative,1070
2702,2026-09-03 11:23:00,user_469,Technology update today,#AI,113,184,11,Pune,Neutral,308
7882,2026-09-03 11:27:00,user_344,Amazing experience today,#Fitness,271,125,32,Bengaluru,Positive,428
9035,2026-09-03 11:30:00,user_187,Great work by the team,#Technology,980,20,85,Chennai,Positive,1085
1007,2026-09-03 11:30:00,user_67,Python is really useful,#Technology,469,185,52,Chennai,Neutral,706
4376,2026-09-03 11:31:00,user_54,I love this new AI tool,#AI,774,119,76,Bengaluru,Positive,969
8174,2026-09-03 11:40:00,user_134,Python is really useful,#Python,243,146,67,Pune,Neutral,456
8401,2026-09-03 11:50:00,user_333,This failed again,#AI,543,8,63,Mumbai,Negative,614
1432,2026-09-03 11:54:00,user_99,Great work by the team,#Python,820,169,92,Hyderabad,Positive,1081
4681,2026-09-03 11:57:00,user_446,Technology update today,#Bengaluru,288,157,58,Pune,Neutral,503
1660,2026-09-03 11:58:00,user_25,Great technology update,#AI,467,40,59,Mumbai,Positive,566
9975,2026-09-03 11:58:00,user_474,Excellent cricket match,#DataAnalytics,486,160,5,Pune,Positive,651
4644,2026-09-03 12:11:00,user_281,Great work by the team,#Fitness,796,154,41,Mumbai,Positive,991
7105,2026-09-03 12:13:00,user_10,Great technology update,#Fitness,659,90,12,Mumbai,Positive,761
9116,2026-09-03 12:26:00,user_433,Amazing experience today,#Python,288,12,11,Delhi,Positive,311
1994,2026-09-03 12:29:00,user_262,Great technology update,#AI,318,186,92,Delhi,Positive,596
4281,2026-09-03 12:31:00,user_43,I love this new AI tool,#Cricket,626,123,8,Chennai,Positive,757
8792,2026-09-03 12:33:00,user_194,Very disappointing result,#Cricket,49,113,39,Hyderabad,Neutral,201
719,2026-09-03 12:40:00,user_426,Worst experience ever,#Python,920,97,47,Bengaluru,Negative,1064
1159,2026-09-03 12:45:00,user_327,Cricket match scheduled today,#Python,648,168,91,Pune,Neutral,907
5965,2026-09-03 12:48:00,user_33,Excellent cricket match,#DataAnalytics,42,181,13,Delhi,Positive,236
1893,2026-09-03 12:55:00,user_324,Cricket match scheduled today,#Trending,669,139,36,Hyderabad,Neutral,844
9018,2026-09-03 13:03:00,user_332,Amazing experience today,#AI,921,178,33,Hyderabad,Positive,1132
3552,2026-09-03 13:04:00,user_352,Python is really useful,#Python,381,85,71,Pune,Neutral,537
8770,2026-09-03 13:13:00,user_258,Python project discussion,#AI,174,19,4,Mumbai,Neutral,197
1081,2026-09-03 13:21:00,user_296,Technology update today,#AI,60,143,6,Chennai,Neutral,209
7036,2026-09-03 13:21:00,user_58,I love this new AI tool,#AI,972,1,97,Bengaluru,Positive,1070
9060,2026-09-03 13:24:00,user_10,Amazing experience today,#Trending,103,153,33,Mumbai,Positive,289
4925,2026-09-03 13:29:00,user_119,Fitness workout completed,#Bengaluru,756,199,62,Chennai,Neutral,1017
8642,2026-09-03 13:33:00,user_97,Fitness workout completed,#Fitness,208,51,87,Mumbai,Neutral,346
1344,2026-09-03 13:39:00,user_205,Python is really useful,#Fitness,787,148,19,Mumbai,Neutral,954
568,2026-09-03 13:42:00,user_35,This failed again,#DataAnalytics,550,89,55,Mumbai,Negative,694
2753,2026-09-03 13:50:00,user_344,I am angry about this,#Cricket,948,45,90,Mumbai,Negative,1083
9490,2026-09-03 13:57:00,user_73,Cricket match scheduled today,#Trending,168,171,78,Mumbai,Neutral,417
4774,2026-09-03 13:57:00,user_11,Amazing fitness progress,#Trending,476,63,64,Delhi,Positive,603
1314,2026-09-03 14:07:00,user_232,Weather update from Bengaluru,#Trending,231,25,80,Bengaluru,Neutral,336
6668,2026-09-03 14:19:00,user_172,AI news update,#Technology,90,167,82,Pune,Neutral,339
8033,2026-09-03 14:20:00,user_375,Beautiful day in Bengaluru,#Python,507,137,16,Hyderabad,Positive,660
5787,2026-09-03 14:22:00,user_306,I love this new AI tool,#Technology,551,64,87,Pune,Positive,702
376,2026-09-03 14:30:00,user_495,I love this new AI tool,#Python,430,110,71,Bengaluru,Positive,611
695,2026-09-03 14:34:00,user_77,Technology update today,#Cricket,239,145,25,Hyderabad,Neutral,409
3927,2026-09-03 14:35:00,user_143,Beautiful day in Bengaluru,#Fitness,380,53,83,Mumbai,Positive,516
1957,2026-09-03 14:36:00,user_326,I love this new AI tool,#Bengaluru,728,2,60,Chennai,Positive,790
4101,2026-09-03 14:40:00,user_72,Great technology update,#Technology,67,78,33,Bengaluru,Positive,178
9422,2026-09-03 14:44:00,user_314,Technology update today,#Python,133,55,93,Hyderabad,Neutral,281
9893,2026-09-03 14:46:00,user_425,Cricket match scheduled today,#Bengaluru,311,29,56,Pune,Neutral,396
5417,2026-09-03 14:51:00,user_55,Python is really useful,#Fitness,209,3,8,Mumbai,Neutral,220
365,2026-09-03 14:53:00,user_81,Fitness workout completed,#Trending,728,172,33,Chennai,Neutral,933
7535,2026-09-03 15:01:00,user_56,Terrible service,#Cricket,714,116,78,Delhi,Negative,908
5077,2026-09-03 15:01:00,user_311,Weather update from Bengaluru,#Fitness,278,189,3,Mumbai,Neutral,470
2270,2026-09-03 15:01:00,user_112,Amazing experience today,#Bengaluru,908,13,11,Chennai,Positive,932
3126,2026-09-03 15:08:00,user_197,Beautiful day in Bengaluru,#Fitness,118,179,11,Bengaluru,Positive,308
9260,2026-09-03 15:13:00,user_16,Beautiful day in Bengaluru,#Trending,549,9,31,Mumbai,Positive,589
1068,2026-09-03 15:14:00,user_340,Great work by the team,#DataAnalytics,948,153,36,Hyderabad,Positive,1137
9873,2026-09-03 15:24:00,user_490,Excellent cricket match,#AI,22,18,33,Bengaluru,Positive,73
9814,2026-09-03 15:24:00,user_359,Python project discussion,#Bengaluru,896,146,26,Bengaluru,Neutral,1068
1458,2026-09-03 15:28:00,user_423,Bad experience today,#Trending,321,135,99,Pune,Negative,555
441,2026-09-03 15:31:00,user_177,This failed again,#Technology,829,27,83,Chennai,Negative,939
3907,2026-09-03 15:33:00,user_78,Cricket match scheduled today,#Cricket,850,28,34,Chennai,Neutral,912
1979,2026-09-03 15:35:00,user_426,Beautiful day in Bengaluru,#Bengaluru,402,58,27,Delhi,Positive,487
4142,2026-09-03 15:36:00,user_199,AI news update,#Trending,822,71,79,Bengaluru,Neutral,972
8136,2026-09-03 15:38:00,user_249,I love this new AI tool,#DataAnalytics,808,13,94,Hyderabad,Positive,915
316,2026-09-03 15:41:00,user_259,Technology update today,#Cricket,131,92,15,Bengaluru,Neutral,238
9608,2026-09-03 15:51:00,user_343,Great work by the team,#Technology,207,4,20,Pune,Positive,231
8870,2026-09-03 15:58:00,user_120,Python project discussion,#Technology,75,59,69,Pune,Neutral,203
6931,2026-09-03 15:58:00,user_14,Technology update today,#Bengaluru,435,96,3,Pune,Neutral,534
231,2026-09-03 15:58:00,user_337,Cricket match scheduled today,#Fitness,278,167,48,Chennai,Neutral,493
9053,2026-09-03 16:11:00,user_93,I love this new AI tool,#AI,319,170,92,Hyderabad,Positive,581
6110,2026-09-03 16:17:00,user_293,I love this new AI tool,#AI,450,157,34,Bengaluru,Positive,641
9313,2026-09-03 16:22:00,user_213,This failed again,#Fitness,616,151,62,Mumbai,Negative,829
1177,2026-09-03 16:30:00,user_380,New information available,#AI,659,5,77,Chennai,Neutral,741
1064,2026-09-03 16:34:00,user_393,Bad experience today,#AI,804,139,31,Bengaluru,Negative,974
5666,2026-09-03 16:50:00,user_299,Amazing experience today,#DataAnalytics,163,142,42,Mumbai,Positive,347
7274,2026-09-03 17:01:00,user_173,Amazing fitness progress,#Trending,764,25,56,Pune,Positive,845
971,2026-09-03 17:06:00,user_465,Great work by the team,#Bengaluru,11,189,79,Mumbai,Positive,279
8137,2026-09-03 17:07:00,user_191,Amazing experience today,#Technology,817,197,37,Chennai,Positive,1051
6442,2026-09-03 17:10:00,user_316,Amazing experience today,#Python,218,135,53,Pune,Positive,406
3783,2026-09-03 17:12:00,user_423,Cricket match scheduled today,#Technology,670,89,63,Delhi,Neutral,822
366,2026-09-03 17:17:00,user_232,Amazing experience today,#Technology,130,195,76,Hyderabad,Positive,401
1536,2026-09-03 17:28:00,user_61,Worst experience ever,#Trending,853,32,76,Hyderabad,Negative,961
8510,2026-09-03 17:29:00,user_472,Great technology update,#DataAnalytics,941,58,78,Bengaluru,Positive,1077
5514,2026-09-03 17:31:00,user_425,Python is really useful,#DataAnalytics,589,124,79,Chennai,Neutral,792
3617,2026-09-03 17:32:00,user_124,Very disappointing result,#Technology,958,83,24,Bengaluru,Neutral,1065
8474,2026-09-03 17:34:00,user_418,AI news update,#Technology,507,70,56,Bengaluru,Neutral,633
2406,2026-09-03 17:52:00,user_112,Cricket match scheduled today,#Technology,237,68,12,Chennai,Neutral,317
2994,2026-09-03 18:03:00,user_465,Amazing fitness progress,#Technology,927,130,15,Delhi,Positive,1072
8471,2026-09-03 18:09:00,user_97,I am angry about this,#AI,739,2,69,Hyderabad,Negative,810
5356,2026-09-03 18:13:00,user_37,Python is really useful,#Bengaluru,130,57,60,Bengaluru,Neutral,247
9112,2026-09-03 18:15:00,user_409,Amazing fitness progress,#Cricket,784,53,50,Pune,Positive,887
3844,2026-09-03 18:17:00,user_194,Python is really useful,#AI,813,200,32,Delhi,Neutral,1045
3556,2026-09-03 18:20:00,user_252,Python project discussion,#Technology,49,105,11,Hyderabad,Neutral,165
8125,2026-09-03 18:23:00,user_484,Amazing fitness progress,#Fitness,798,130,90,Delhi,Positive,1018
6390,2026-09-03 18:25:00,user_67,I love this new AI tool,#Technology,856,184,48,Pune,Positive,1088
3345,2026-09-03 18:27:00,user_380,AI news update,#Cricket,965,78,16,Delhi,Neutral,1059
6492,2026-09-03 18:29:00,user_67,I love this new AI tool,#DataAnalytics,576,38,74,Hyderabad,Positive,688
4846,2026-09-03 18:33:00,user_50,New information available,#Fitness,857,30,37,Chennai,Neutral,924
9596,2026-09-03 18:35:00,user_481,Amazing fitness progress,#Bengaluru,624,40,30,Chennai,Positive,694
6960,2026-09-03 18:37:00,user_496,Weather update from Bengaluru,#Fitness,316,82,57,Chennai,Neutral,455
3184,2026-09-03 18:38:00,user_212,This failed again,#Cricket,820,54,72,Pune,Negative,946
9472,2026-09-03 18:39:00,user_456,Amazing experience today,#DataAnalytics,988,87,67,Hyderabad,Positive,1142
9178,2026-09-03 18:41:00,user_153,Great work by the team,#Trending,212,26,84,Chennai,Positive,322
6507,2026-09-03 18:47:00,user_148,Great technology update,#AI,996,4,86,Mumbai,Positive,1086
870,2026-09-03 18:50:00,user_307,Excellent cricket match,#Bengaluru,301,129,65,Mumbai,Positive,495
9535,2026-09-03 18:51:00,user_224,Excellent cricket match,#AI,942,6,74,Chennai,Positive,1022
266,2026-09-03 18:58:00,user_178,Python is really useful,#Cricket,676,191,22,Bengaluru,Neutral,889
936,2026-09-03 19:01:00,user_38,Beautiful day in Bengaluru,#AI,707,47,72,Delhi,Positive,826
396,2026-09-03 19:02:00,user_109,Cricket match scheduled today,#AI,288,16,81,Bengaluru,Neutral,385
6628,2026-09-03 19:02:00,user_268,Cricket match scheduled today,#Fitness,970,145,22,Mumbai,Neutral,1137
7362,2026-09-03 19:17:00,user_90,AI news update,#Technology,226,89,18,Chennai,Neutral,333
4229,2026-09-03 19:21:00,user_425,Data analytics session today,#Fitness,222,85,100,Bengaluru,Neutral,407
1291,2026-09-03 19:21:00,user_330,Technology update today,#AI,772,177,23,Delhi,Neutral,972
8287,2026-09-03 19:34:00,user_342,Very disappointing result,#DataAnalytics,108,200,38,Delhi,Neutral,346
3972,2026-09-03 19:36:00,user_115,Beautiful day in Bengaluru,#Bengaluru,526,138,64,Hyderabad,Positive,728
9884,2026-09-03 19:38:00,user_444,Cricket match scheduled today,#AI,226,5,68,Delhi,Neutral,299
4431,2026-09-03 19:38:00,user_355,I love this new AI tool,#Fitness,499,46,78,Mumbai,Positive,623
1653,2026-09-03 19:46:00,user_110,Python is really useful,#AI,785,6,44,Hyderabad,Neutral,835
1813,2026-09-03 19:46:00,user_369,Excellent cricket match,#Trending,283,15,6,Hyderabad,Positive,304
7107,2026-09-03 19:54:00,user_354,Weather update from Bengaluru,#Technology,43,111,86,Mumbai,Neutral,240
5256,2026-09-03 19:59:00,user_393,I love this new AI tool,#Python,462,143,25,Hyderabad,Positive,630
3379,2026-09-03 20:03:00,user_309,Python project discussion,#AI,110,106,3,Delhi,Neutral,219
9948,2026-09-03 20:04:00,user_444,Technology update today,#DataAnalytics,353,113,62,Chennai,Neutral,528
738,2026-09-03 20:05:00,user_329,I am angry about this,#Python,546,99,85,Hyderabad,Negative,730
7832,2026-09-03 20:14:00,user_485,Cricket match scheduled today,#Trending,188,48,77,Pune,Neutral,313
2184,2026-09-03 20:22:00,user_217,Data analytics session today,#Cricket,188,146,27,Chennai,Neutral,361
7342,2026-09-03 20:32:00,user_160,I hate this problem,#Fitness,612,147,24,Chennai,Negative,783
2206,2026-09-03 20:34:00,user_191,Technology update today,#Fitness,587,101,73,Bengaluru,Neutral,761
7793,2026-09-03 20:36:00,user_469,Python is really useful,#Trending,280,47,66,Hyderabad,Neutral,393
6910,2026-09-03 20:38:00,user_118,Data analytics session today,#Technology,715,38,10,Chennai,Neutral,763
6453,2026-09-03 20:41:00,user_418,Cricket match scheduled today,#Trending,603,88,15,Mumbai,Neutral,706
1227,2026-09-03 20:44:00,user_356,Excellent cricket match,#Python,841,162,46,Chennai,Positive,1049
9425,2026-09-03 20:48:00,user_339,Amazing fitness progress,#AI,508,39,40,Chennai,Positive,587
4421,2026-09-03 20:52:00,user_12,Great technology update,#Python,442,79,5,Pune,Positive,526
4800,2026-09-03 20:56:00,user_31,Great work by the team,#AI,119,176,20,Pune,Positive,315
3797,2026-09-03 20:59:00,user_393,Amazing experience today,#Python,998,178,28,Chennai,Positive,1204
8168,2026-09-03 21:03:00,user_239,I love this new AI tool,#AI,848,68,62,Delhi,Positive,978
6864,2026-09-03 21:12:00,user_98,Amazing experience today,#Bengaluru,149,26,55,Bengaluru,Positive,230
4662,2026-09-03 21:12:00,user_376,Weather update from Bengaluru,#Python,448,98,98,Mumbai,Neutral,644
3903,2026-09-03 21:20:00,user_388,Python project discussion,#Bengaluru,962,165,52,Delhi,Neutral,1179
5092,2026-09-03 21:21:00,user_45,I hate this problem,#DataAnalytics,951,122,85,Chennai,Negative,1158
2474,2026-09-03 21:22:00,user_118,Cricket match scheduled today,#Bengaluru,288,142,34,Chennai,Neutral,464
3650,2026-09-03 21:23:00,user_420,I love this new AI tool,#Trending,513,32,72,Chennai,Positive,617
4835,2026-09-03 21:26:00,user_414,Very disappointing result,#Technology,681,19,75,Chennai,Neutral,775
3054,2026-09-03 21:27:00,user_256,Python is really useful,#Trending,167,78,18,Pune,Neutral,263
2823,2026-09-03 21:31:00,user_339,Great work by the team,#Bengaluru,854,123,14,Bengaluru,Positive,991
3701,2026-09-03 21:32:00,user_234,Terrible service,#Fitness,992,48,12,Bengaluru,Negative,1052
590,2026-09-03 21:42:00,user_437,New information available,#Technology,560,121,76,Pune,Neutral,757
6241,2026-09-03 21:52:00,user_138,New information available,#Python,225,19,56,Hyderabad,Neutral,300
1393,2026-09-03 21:55:00,user_294,New information available,#Cricket,216,188,20,Delhi,Neutral,424
8789,2026-09-03 21:58:00,user_200,Cricket match scheduled today,#DataAnalytics,528,181,7,Mumbai,Neutral,716
3167,2026-09-03 22:00:00,user_345,Excellent cricket match,#Technology,666,95,43,Hyderabad,Positive,804
4510,2026-09-03 22:03:00,user_272,Excellent cricket match,#Trending,100,169,71,Delhi,Positive,340
548,2026-09-03 22:08:00,user_398,Terrible service,#Fitness,445,40,55,Hyderabad,Negative,540
9829,2026-09-03 22:12:00,user_396,Great work by the team,#Cricket,174,69,8,Bengaluru,Positive,251
2659,2026-09-03 22:14:00,user_364,Poor performance today,#Fitness,945,176,95,Delhi,Negative,1216
4055,2026-09-03 22:15:00,user_445,Worst experience ever,#DataAnalytics,601,34,44,Bengaluru,Negative,679
6163,2026-09-03 22:16:00,user_366,Amazing experience today,#Bengaluru,113,139,69,Bengaluru,Positive,321
7199,2026-09-03 22:23:00,user_400,This failed again,#Cricket,468,44,64,Delhi,Negative,576
9092,2026-09-03 22:26:00,user_156,I am angry about this,#DataAnalytics,432,183,2,Mumbai,Negative,617
5341,2026-09-03 22:27:00,user_21,Amazing experience today,#Trending,617,28,38,Bengaluru,Positive,683
2144,2026-09-03 22:28:00,user_293,I love this new AI tool,#AI,286,15,32,Bengaluru,Positive,333
1661,2026-09-03 22:34:00,user_110,Great technology update,#AI,901,101,94,Delhi,Positive,1096
5293,2026-09-03 22:34:00,user_214,This failed again,#Python,836,52,21,Pune,Negative,909
6328,2026-09-03 22:36:00,user_38,Excellent cricket match,#Technology,885,24,80,Hyderabad,Positive,989
5225,2026-09-03 22:52:00,user_153,Cricket match scheduled today,#Fitness,104,81,5,Pune,Neutral,190
1710,2026-09-03 22:52:00,user_20,Bad experience today,#Python,207,19,19,Delhi,Negative,245
3835,2026-09-03 22:53:00,user_34,Beautiful day in Bengaluru,#Bengaluru,179,155,72,Pune,Positive,406
6731,2026-09-03 23:15:00,user_13,Excellent cricket match,#Bengaluru,556,144,29,Bengaluru,Positive,729
5336,2026-09-03 23:25:00,user_333,This failed again,#Trending,467,89,13,Mumbai,Negative,569
7364,2026-09-03 23:26:00,user_228,I love this new AI tool,#Python,169,197,88,Mumbai,Positive,454
8598,2026-09-03 23:28:00,user_303,Python is really useful,#Fitness,86,108,44,Pune,Neutral,238
5024,2026-09-03 23:36:00,user_173,New information available,#Bengaluru,116,17,55,Hyderabad,Neutral,188
3717,2026-09-03 23:40:00,user_384,Amazing fitness progress,#Bengaluru,961,155,25,Mumbai,Positive,1141
2093,2026-09-03 23:41:00,user_60,Great work by the team,#Cricket,575,142,91,Hyderabad,Positive,808
3382,2026-09-03 23:44:00,user_225,I hate this problem,#Trending,607,58,77,Bengaluru,Negative,742
1724,2026-09-03 23:47:00,user_464,Excellent cricket match,#Python,356,37,88,Hyderabad,Positive,481
7880,2026-09-03 23:55:00,user_89,AI news update,#Trending,783,74,68,Bengaluru,Neutral,925
1050,2026-09-03 23:57:00,user_204,Amazing experience today,#Trending,698,101,88,Chennai,Positive,887
1373,2026-09-04 00:00:00,user_406,Poor performance today,#Python,46,4,43,Bengaluru,Negative,93
5404,2026-09-04 00:08:00,user_417,I am angry about this,#Python,775,155,30,Hyderabad,Negative,960
9384,2026-09-04 00:14:00,user_36,Worst experience ever,#Trending,551,45,85,Hyderabad,Negative,681
519,2026-09-04 00:15:00,user_300,Data analytics session today,#Python,766,183,4,Mumbai,Neutral,953
8994,2026-09-04 00:16:00,user_287,Terrible service,#Trending,966,156,63,Pune,Negative,1185
8608,2026-09-04 00:20:00,user_243,New information available,#Cricket,101,157,62,Bengaluru,Neutral,320
2590,2026-09-04 00:22:00,user_276,New information available,#Bengaluru,680,11,99,Mumbai,Neutral,790
6902,2026-09-04 00:23:00,user_158,Technology update today,#Bengaluru,484,174,95,Pune,Neutral,753
650,2026-09-04 00:27:00,user_110,Excellent cricket match,#Trending,990,193,47,Bengaluru,Positive,1230
6356,2026-09-04 00:29:00,user_476,Python project discussion,#Fitness,657,51,89,Hyderabad,Neutral,797
2465,2026-09-04 00:31:00,user_412,Great work by the team,#DataAnalytics,261,148,80,Delhi,Positive,489
7298,2026-09-04 00:38:00,user_131,Great work by the team,#Fitness,894,119,39,Delhi,Positive,1052
1327,2026-09-04 00:39:00,user_333,Amazing fitness progress,#Bengaluru,267,43,83,Chennai,Positive,393
2806,2026-09-04 00:44:00,user_225,Great work by the team,#Technology,940,16,90,Hyderabad,Positive,1046
9760,2026-09-04 00:55:00,user_314,Fitness workout completed,#Technology,685,38,65,Delhi,Neutral,788
3962,2026-09-04 00:56:00,user_438,Weather update from Bengaluru,#AI,402,39,97,Delhi,Neutral,538
7055,2026-09-04 00:58:00,user_60,Python is really useful,#DataAnalytics,318,196,30,Chennai,Neutral,544
292,2026-09-04 01:11:00,user_150,Great technology update,#AI,534,6,15,Delhi,Positive,555
9266,2026-09-04 01:16:00,user_255,Amazing experience today,#Python,841,155,40,Mumbai,Positive,1036
6055,2026-09-04 01:22:00,user_278,Amazing experience today,#Bengaluru,559,99,31,Pune,Positive,689
6703,2026-09-04 01:23:00,user_343,Bad experience today,#Trending,649,126,22,Hyderabad,Negative,797
2940,2026-09-04 01:35:00,user_200,Python project discussion,#Fitness,620,9,91,Delhi,Neutral,720
5368,2026-09-04 01:40:00,user_264,I love this new AI tool,#AI,200,9,36,Chennai,Positive,245
1581,2026-09-04 01:42:00,user_294,Data analytics session today,#Trending,959,55,63,Bengaluru,Neutral,1077
7622,2026-09-04 01:44:00,user_28,Excellent cricket match,#Bengaluru,592,167,49,Bengaluru,Positive,808
5313,2026-09-04 01:47:00,user_109,Technology update today,#Python,373,196,36,Bengaluru,Neutral,605
1334,2026-09-04 01:47:00,user_235,Technology update today,#Bengaluru,891,41,46,Mumbai,Neutral,978
8141,2026-09-04 01:50:00,user_433,Great technology update,#DataAnalytics,304,182,17,Pune,Positive,503
7019,2026-09-04 01:53:00,user_390,Amazing fitness progress,#Python,146,43,80,Pune,Positive,269
5287,2026-09-04 01:53:00,user_486,This failed again,#Bengaluru,391,89,34,Mumbai,Negative,514
21,2026-09-04 01:59:00,user_372,Great work by the team,#Python,186,108,17,Mumbai,Positive,311
2300,2026-09-04 02:08:00,user_221,Amazing experience today,#Cricket,955,131,7,Mumbai,Positive,1093
4360,2026-09-04 02:13:00,user_137,Amazing fitness progress,#Trending,34,177,41,Delhi,Positive,252
7910,2026-09-04 02:18:00,user_263,Python is really useful,#Python,880,176,44,Chennai,Neutral,1100
1595,2026-09-04 02:35:00,user_170,Cricket match scheduled today,#Technology,278,24,79,Mumbai,Neutral,381
4668,2026-09-04 02:39:00,user_273,New information available,#Cricket,568,188,5,Hyderabad,Neutral,761
5577,2026-09-04 02:39:00,user_101,Terrible service,#AI,429,22,69,Bengaluru,Negative,520
982,2026-09-04 02:43:00,user_30,Beautiful day in Bengaluru,#AI,37,109,90,Hyderabad,Positive,236
1903,2026-09-04 02:47:00,user_430,Great technology update,#Cricket,716,67,99,Hyderabad,Positive,882
8400,2026-09-04 03:12:00,user_189,Great work by the team,#Bengaluru,881,102,88,Bengaluru,Positive,1071
5139,2026-09-04 03:13:00,user_16,Terrible service,#Trending,462,83,21,Bengaluru,Negative,566
2653,2026-09-04 03:16:00,user_418,Python project discussion,#Bengaluru,194,28,47,Mumbai,Neutral,269
6669,2026-09-04 03:18:00,user_187,Amazing experience today,#Technology,925,81,79,Chennai,Positive,1085
4404,2026-09-04 03:23:00,user_434,Weather update from Bengaluru,#Trending,365,135,68,Pune,Neutral,568
9357,2026-09-04 03:27:00,user_20,New information available,#Trending,131,22,42,Bengaluru,Neutral,195
4099,2026-09-04 03:28:00,user_125,I hate this problem,#Python,911,91,47,Mumbai,Negative,1049
7808,2026-09-04 03:32:00,user_263,Amazing fitness progress,#Technology,506,97,3,Bengaluru,Positive,606
7115,2026-09-04 03:32:00,user_269,I love this new AI tool,#Technology,435,153,46,Pune,Positive,634
5795,2026-09-04 03:32:00,user_173,Beautiful day in Bengaluru,#Technology,71,97,70,Chennai,Positive,238
3761,2026-09-04 03:35:00,user_91,Great technology update,#AI,418,165,20,Chennai,Positive,603
7574,2026-09-04 03:42:00,user_213,Poor performance today,#Cricket,432,42,96,Bengaluru,Negative,570
2606,2026-09-04 03:42:00,user_381,Beautiful day in Bengaluru,#Python,195,77,22,Mumbai,Positive,294
941,2026-09-04 03:46:00,user_329,Amazing fitness progress,#Python,765,64,62,Pune,Positive,891
9913,2026-09-04 03:46:00,user_8,Very disappointing result,#Technology,495,104,74,Delhi,Neutral,673
8436,2026-09-04 03:51:00,user_193,Data analytics session today,#AI,194,168,67,Delhi,Neutral,429
1046,2026-09-04 03:58:00,user_137,Data analytics session today,#Trending,899,83,23,Bengaluru,Neutral,1005
7980,2026-09-04 04:03:00,user_421,Poor performance today,#Technology,509,195,21,Hyderabad,Negative,725
6873,2026-09-04 04:10:00,user_369,Amazing experience today,#Python,767,101,1,Bengaluru,Positive,869
3081,2026-09-04 04:11:00,user_413,Great technology update,#AI,180,28,43,Chennai,Positive,251
7896,2026-09-04 04:12:00,user_176,Worst experience ever,#Trending,777,183,49,Delhi,Negative,1009
2563,2026-09-04 04:14:00,user_332,I love this new AI tool,#DataAnalytics,314,105,78,Bengaluru,Positive,497
4593,2026-09-04 04:20:00,user_93,Python is really useful,#Bengaluru,851,146,8,Bengaluru,Neutral,1005
1524,2026-09-04 04:24:00,user_285,Fitness workout completed,#Trending,138,147,54,Hyderabad,Neutral,339
2818,2026-09-04 04:29:00,user_323,New information available,#Cricket,591,116,37,Bengaluru,Neutral,744
8240,2026-09-04 04:31:00,user_218,Data analytics session today,#Bengaluru,135,56,75,Bengaluru,Neutral,266
6854,2026-09-04 04:32:00,user_488,I love this new AI tool,#Technology,920,104,3,Pune,Positive,1027
2225,2026-09-04 04:32:00,user_424,New information available,#Technology,927,69,85,Hyderabad,Neutral,1081
3127,2026-09-04 04:46:00,user_295,Bad experience today,#Technology,976,176,17,Delhi,Negative,1169
7954,2026-09-04 04:51:00,user_271,Data analytics session today,#Trending,646,44,78,Delhi,Neutral,768
4176,2026-09-04 04:58:00,user_432,Amazing experience today,#Fitness,862,84,43,Mumbai,Positive,989
9042,2026-09-04 04:59:00,user_104,Python is really useful,#Technology,838,45,23,Mumbai,Neutral,906
8216,2026-09-04 04:59:00,user_231,Terrible service,#Cricket,941,42,30,Bengaluru,Negative,1013
7733,2026-09-04 05:05:00,user_29,Poor performance today,#DataAnalytics,190,187,10,Hyderabad,Negative,387
3148,2026-09-04 05:06:00,user_156,Python is really useful,#Bengaluru,687,12,83,Chennai,Neutral,782
8904,2026-09-04 05:13:00,user_494,Great technology update,#AI,76,49,69,Bengaluru,Positive,194
1043,2026-09-04 05:14:00,user_497,Worst experience ever,#Cricket,384,84,59,Pune,Negative,527
5781,2026-09-04 05:17:00,user_359,Beautiful day in Bengaluru,#Trending,990,1,97,Pune,Positive,1088
1799,2026-09-04 05:17:00,user_316,Amazing experience today,#Technology,280,72,31,Hyderabad,Positive,383
2168,2026-09-04 05:19:00,user_483,Beautiful day in Bengaluru,#Trending,576,86,83,Bengaluru,Positive,745
4663,2026-09-04 05:26:00,user_309,I hate this problem,#Bengaluru,249,23,68,Hyderabad,Negative,340
3911,2026-09-04 05:40:00,user_367,Weather update from Bengaluru,#DataAnalytics,65,191,41,Delhi,Neutral,297
6141,2026-09-04 05:45:00,user_94,Beautiful day in Bengaluru,#AI,11,121,75,Pune,Positive,207
1602,2026-09-04 05:50:00,user_102,Very disappointing result,#Trending,390,115,10,Delhi,Neutral,515
6424,2026-09-04 05:57:00,user_191,Worst experience ever,#Fitness,186,179,88,Mumbai,Negative,453
3931,2026-09-04 05:59:00,user_147,Amazing experience today,#Technology,210,80,45,Hyderabad,Positive,335
2772,2026-09-04 06:05:00,user_112,Data analytics session today,#Python,872,116,56,Pune,Neutral,1044
1207,2026-09-04 06:06:00,user_37,Terrible service,#Cricket,993,167,67,Mumbai,Negative,1227
858,2026-09-04 06:11:00,user_394,New information available,#Trending,382,157,55,Mumbai,Neutral,594
2924,2026-09-04 06:12:00,user_348,New information available,#DataAnalytics,626,195,42,Pune,Neutral,863
7205,2026-09-04 06:26:00,user_230,Fitness workout completed,#Fitness,811,72,59,Delhi,Neutral,942
1448,2026-09-04 06:36:00,user_486,Data analytics session today,#AI,540,162,77,Mumbai,Neutral,779
9954,2026-09-04 06:39:00,user_224,Cricket match scheduled today,#AI,116,173,12,Hyderabad,Neutral,301
9512,2026-09-04 06:40:00,user_398,Worst experience ever,#Cricket,185,148,74,Delhi,Negative,407
7174,2026-09-04 06:42:00,user_431,Data analytics session today,#AI,883,116,30,Mumbai,Neutral,1029
9563,2026-09-04 06:43:00,user_44,Great technology update,#Python,150,150,36,Hyderabad,Positive,336
559,2026-09-04 06:45:00,user_163,I hate this problem,#Technology,858,141,63,Mumbai,Negative,1062
1702,2026-09-04 06:45:00,user_470,Great technology update,#AI,428,165,12,Pune,Positive,605
7031,2026-09-04 06:48:00,user_19,Great work by the team,#Bengaluru,90,6,22,Pune,Positive,118
2959,2026-09-04 06:56:00,user_420,Fitness workout completed,#AI,414,25,44,Hyderabad,Neutral,483
5029,2026-09-04 06:58:00,user_110,Beautiful day in Bengaluru,#Fitness,259,91,31,Hyderabad,Positive,381
7162,2026-09-04 06:59:00,user_391,I love this new AI tool,#DataAnalytics,650,41,82,Delhi,Positive,773
6635,2026-09-04 07:01:00,user_64,Great technology update,#Technology,241,151,35,Pune,Positive,427
2662,2026-09-04 07:03:00,user_240,Terrible service,#Python,232,65,98,Mumbai,Negative,395
8829,2026-09-04 07:11:00,user_143,Python is really useful,#Trending,842,41,94,Delhi,Neutral,977
7463,2026-09-04 07:12:00,user_222,Amazing experience today,#Fitness,482,2,93,Delhi,Positive,577
3743,2026-09-04 07:12:00,user_427,Amazing fitness progress,#Technology,488,136,51,Hyderabad,Positive,675
8237,2026-09-04 07:13:00,user_209,AI news update,#Fitness,242,182,59,Chennai,Neutral,483
2143,2026-09-04 07:18:00,user_322,Cricket match scheduled today,#AI,292,64,63,Mumbai,Neutral,419
7970,2026-09-04 07:25:00,user_247,I hate this problem,#Fitness,874,3,86,Mumbai,Negative,963
1941,2026-09-04 07:32:00,user_460,Python is really useful,#DataAnalytics,389,66,88,Hyderabad,Neutral,543
8717,2026-09-04 07:36:00,user_477,Worst experience ever,#Trending,864,102,18,Chennai,Negative,984
7862,2026-09-04 07:55:00,user_258,Python project discussion,#Technology,256,28,33,Pune,Neutral,317
2067,2026-09-04 08:05:00,user_8,Very disappointing result,#Trending,913,101,26,Delhi,Neutral,1040
1604,2026-09-04 08:05:00,user_349,I love this new AI tool,#Fitness,194,162,36,Delhi,Positive,392
4909,2026-09-04 08:06:00,user_122,Amazing experience today,#Python,833,72,81,Hyderabad,Positive,986
3309,2026-09-04 08:09:00,user_290,Weather update from Bengaluru,#Technology,167,160,10,Bengaluru,Neutral,337
5020,2026-09-04 08:12:00,user_226,Fitness workout completed,#Fitness,915,39,56,Chennai,Neutral,1010
5605,2026-09-04 08:13:00,user_318,I love this new AI tool,#Cricket,622,74,17,Hyderabad,Positive,713
2969,2026-09-04 08:15:00,user_93,I love this new AI tool,#DataAnalytics,132,183,92,Chennai,Positive,407
6498,2026-09-04 08:24:00,user_433,Python is really useful,#Fitness,614,85,36,Pune,Neutral,735
7081,2026-09-04 08:29:00,user_452,Beautiful day in Bengaluru,#Fitness,176,164,82,Pune,Positive,422
4095,2026-09-04 08:32:00,user_327,Beautiful day in Bengaluru,#Python,955,10,12,Bengaluru,Positive,977
5839,2026-09-04 08:33:00,user_97,Amazing experience today,#Python,348,62,100,Mumbai,Positive,510
4072,2026-09-04 08:41:00,user_443,Terrible service,#DataAnalytics,632,13,23,Hyderabad,Negative,668
9199,2026-09-04 08:42:00,user_461,Amazing fitness progress,#Technology,371,9,41,Mumbai,Positive,421
1493,2026-09-04 08:43:00,user_473,Great work by the team,#DataAnalytics,595,24,74,Hyderabad,Positive,693
3297,2026-09-04 08:47:00,user_158,Fitness workout completed,#DataAnalytics,563,136,4,Bengaluru,Neutral,703
3331,2026-09-04 08:49:00,user_460,I love this new AI tool,#Cricket,184,182,81,Chennai,Positive,447
8952,2026-09-04 09:06:00,user_216,Amazing experience today,#DataAnalytics,227,8,39,Delhi,Positive,274
9062,2026-09-04 09:08:00,user_64,Excellent cricket match,#Technology,195,137,67,Delhi,Positive,399
9479,2026-09-04 09:16:00,user_264,Great work by the team,#Technology,128,108,32,Bengaluru,Positive,268
7579,2026-09-04 09:20:00,user_220,Excellent cricket match,#Bengaluru,749,32,75,Chennai,Positive,856
8225,2026-09-04 09:20:00,user_14,Great technology update,#Cricket,887,63,49,Hyderabad,Positive,999
1222,2026-09-04 09:23:00,user_456,Amazing fitness progress,#DataAnalytics,261,68,39,Delhi,Positive,368
4829,2026-09-04 09:26:00,user_114,Terrible service,#Cricket,477,107,50,Mumbai,Negative,634
7646,2026-09-04 09:32:00,user_267,Amazing experience today,#Python,194,6,29,Delhi,Positive,229
1483,2026-09-04 09:37:00,user_317,Bad experience today,#Fitness,148,133,88,Mumbai,Negative,369
939,2026-09-04 09:38:00,user_297,Great work by the team,#Bengaluru,735,10,50,Chennai,Positive,795
2161,2026-09-04 09:46:00,user_481,Data analytics session today,#DataAnalytics,378,43,30,Mumbai,Neutral,451
1928,2026-09-04 09:58:00,user_288,I love this new AI tool,#Cricket,451,48,32,Delhi,Positive,531
6617,2026-09-04 10:02:00,user_384,Python is really useful,#Python,594,71,1,Mumbai,Neutral,666
593,2026-09-04 10:08:00,user_146,Excellent cricket match,#DataAnalytics,427,157,61,Pune,Positive,645
3665,2026-09-04 10:09:00,user_289,Fitness workout completed,#Bengaluru,225,99,10,Pune,Neutral,334
7311,2026-09-04 10:17:00,user_13,Terrible service,#AI,295,127,54,Mumbai,Negative,476
4075,2026-09-04 10:18:00,user_467,Beautiful day in Bengaluru,#Bengaluru,429,96,17,Chennai,Positive,542
8078,2026-09-04 10:18:00,user_103,Technology update today,#Cricket,258,90,11,Bengaluru,Neutral,359
5558,2026-09-04 10:20:00,user_213,Great work by the team,#Cricket,530,125,6,Pune,Positive,661
5444,2026-09-04 10:21:00,user_6,Great work by the team,#Fitness,134,58,88,Chennai,Positive,280
4331,2026-09-04 10:22:00,user_299,Very disappointing result,#Cricket,657,26,10,Mumbai,Neutral,693
664,2026-09-04 10:31:00,user_426,I am angry about this,#Python,532,32,73,Chennai,Negative,637
8898,2026-09-04 10:35:00,user_33,Amazing fitness progress,#Cricket,308,92,3,Delhi,Positive,403
9104,2026-09-04 10:35:00,user_71,I love this new AI tool,#AI,651,151,8,Mumbai,Positive,810
7215,2026-09-04 10:37:00,user_480,Cricket match scheduled today,#Fitness,650,25,31,Delhi,Neutral,706
9564,2026-09-04 10:41:00,user_296,Great technology update,#Trending,311,185,86,Pune,Positive,582
6219,2026-09-04 10:50:00,user_202,Great work by the team,#AI,45,100,98,Bengaluru,Positive,243
6246,2026-09-04 10:53:00,user_493,Amazing fitness progress,#Technology,553,118,64,Mumbai,Positive,735
7731,2026-09-04 10:55:00,user_273,Excellent cricket match,#Technology,671,35,87,Hyderabad,Positive,793
2516,2026-09-04 10:57:00,user_455,I am angry about this,#Technology,277,52,88,Bengaluru,Negative,417
8897,2026-09-04 11:00:00,user_36,I am angry about this,#AI,71,39,94,Mumbai,Negative,204
1871,2026-09-04 11:01:00,user_155,Amazing fitness progress,#Technology,469,124,21,Delhi,Positive,614
3385,2026-09-04 11:08:00,user_452,Beautiful day in Bengaluru,#Technology,151,184,37,Delhi,Positive,372
9749,2026-09-04 11:08:00,user_87,Python is really useful,#Bengaluru,165,183,28,Chennai,Neutral,376
5867,2026-09-04 11:14:00,user_326,New information available,#Cricket,695,48,67,Mumbai,Neutral,810
6591,2026-09-04 11:17:00,user_360,Amazing fitness progress,#DataAnalytics,500,153,61,Chennai,Positive,714
7270,2026-09-04 11:21:00,user_335,Poor performance today,#AI,970,17,46,Mumbai,Negative,1033
2916,2026-09-04 11:23:00,user_244,Cricket match scheduled today,#AI,542,84,29,Hyderabad,Neutral,655
6489,2026-09-04 11:26:00,user_222,Python is really useful,#Cricket,588,128,75,Chennai,Neutral,791
8353,2026-09-04 11:31:00,user_427,Beautiful day in Bengaluru,#Trending,860,139,83,Hyderabad,Positive,1082
6316,2026-09-04 11:33:00,user_464,Amazing experience today,#Python,895,23,57,Chennai,Positive,975
693,2026-09-04 11:33:00,user_344,Python is really useful,#Python,394,111,50,Chennai,Neutral,555
1453,2026-09-04 11:43:00,user_300,I love this new AI tool,#DataAnalytics,434,26,26,Chennai,Positive,486
6221,2026-09-04 11:44:00,user_330,Weather update from Bengaluru,#Technology,136,114,29,Bengaluru,Neutral,279
967,2026-09-04 11:53:00,user_498,Great technology update,#AI,911,60,39,Chennai,Positive,1010
1923,2026-09-04 11:53:00,user_2,Amazing experience today,#AI,562,140,4,Pune,Positive,706
1777,2026-09-04 11:56:00,user_409,Amazing fitness progress,#AI,416,185,73,Hyderabad,Positive,674
6333,2026-09-04 11:58:00,user_21,Technology update today,#Python,637,178,81,Bengaluru,Neutral,896
7007,2026-09-04 12:02:00,user_484,Bad experience today,#Bengaluru,861,14,41,Hyderabad,Negative,916
2862,2026-09-04 12:04:00,user_383,Great work by the team,#Fitness,644,114,43,Delhi,Positive,801
2754,2026-09-04 12:07:00,user_338,Worst experience ever,#AI,90,94,2,Hyderabad,Negative,186
1940,2026-09-04 12:08:00,user_262,This failed again,#Technology,435,15,22,Delhi,Negative,472
7521,2026-09-04 12:08:00,user_303,Beautiful day in Bengaluru,#Trending,103,74,82,Hyderabad,Positive,259
2980,2026-09-04 12:21:00,user_233,Python is really useful,#DataAnalytics,913,115,16,Pune,Neutral,1044
1263,2026-09-04 12:24:00,user_226,Amazing experience today,#Cricket,938,26,18,Chennai,Positive,982
1240,2026-09-04 12:25:00,user_303,Amazing experience today,#Technology,430,98,52,Hyderabad,Positive,580
7650,2026-09-04 12:27:00,user_94,Python is really useful,#Trending,859,192,31,Bengaluru,Neutral,1082
8540,2026-09-04 12:31:00,user_299,Python is really useful,#AI,696,37,85,Delhi,Neutral,818
9957,2026-09-04 12:35:00,user_236,Amazing experience today,#Python,290,123,34,Mumbai,Positive,447
3825,2026-09-04 12:41:00,user_264,Technology update today,#Python,692,136,30,Mumbai,Neutral,858
5836,2026-09-04 12:47:00,user_186,Bad experience today,#AI,971,148,93,Delhi,Negative,1212
4667,2026-09-04 12:51:00,user_466,Poor performance today,#Python,387,35,40,Chennai,Negative,462
7034,2026-09-04 12:57:00,user_333,Technology update today,#Bengaluru,268,168,91,Chennai,Neutral,527
9255,2026-09-04 12:58:00,user_9,Poor performance today,#Cricket,369,194,20,Delhi,Negative,583
9741,2026-09-04 13:00:00,user_198,Very disappointing result,#Trending,724,40,31,Delhi,Neutral,795
7641,2026-09-04 13:05:00,user_141,Python project discussion,#AI,903,85,91,Mumbai,Neutral,1079
1727,2026-09-04 13:11:00,user_37,Excellent cricket match,#AI,554,89,56,Pune,Positive,699
7499,2026-09-04 13:17:00,user_373,Amazing experience today,#Technology,550,141,22,Bengaluru,Positive,713
6074,2026-09-04 13:23:00,user_367,Beautiful day in Bengaluru,#Trending,391,147,20,Mumbai,Positive,558
8820,2026-09-04 13:30:00,user_443,Amazing experience today,#Trending,753,179,16,Delhi,Positive,948
8907,2026-09-04 13:35:00,user_293,Fitness workout completed,#Trending,413,196,36,Hyderabad,Neutral,645
6025,2026-09-04 13:42:00,user_404,Technology update today,#AI,843,187,75,Pune,Neutral,1105
2464,2026-09-04 13:43:00,user_246,Very disappointing result,#Technology,861,42,66,Chennai,Neutral,969
8703,2026-09-04 13:44:00,user_257,Very disappointing result,#Trending,513,103,99,Bengaluru,Neutral,715
5355,2026-09-04 13:46:00,user_100,Bad experience today,#Python,181,1,87,Bengaluru,Negative,269
3406,2026-09-04 13:50:00,user_490,AI news update,#Trending,985,110,46,Delhi,Neutral,1141
9043,2026-09-04 13:57:00,user_141,Amazing fitness progress,#Fitness,162,10,34,Chennai,Positive,206
40,2026-09-04 14:06:00,user_174,I love this new AI tool,#Cricket,122,179,9,Hyderabad,Positive,310
9454,2026-09-04 14:07:00,user_319,Bad experience today,#Python,502,15,15,Pune,Negative,532
4580,2026-09-04 14:10:00,user_499,AI news update,#Fitness,530,11,77,Chennai,Neutral,618
6155,2026-09-04 14:16:00,user_6,New information available,#Cricket,172,32,74,Mumbai,Neutral,278
7746,2026-09-04 14:21:00,user_205,Technology update today,#Fitness,967,23,84,Pune,Neutral,1074
4845,2026-09-04 14:21:00,user_32,Python is really useful,#Cricket,805,200,12,Pune,Neutral,1017
8707,2026-09-04 14:28:00,user_186,Cricket match scheduled today,#Cricket,781,162,68,Chennai,Neutral,1011
5080,2026-09-04 14:29:00,user_158,Great work by the team,#Fitness,927,6,25,Bengaluru,Positive,958
1208,2026-09-04 14:35:00,user_244,Python is really useful,#Bengaluru,56,112,66,Chennai,Neutral,234
3312,2026-09-04 14:46:00,user_126,This failed again,#Python,462,155,71,Mumbai,Negative,688
612,2026-09-04 14:50:00,user_187,Weather update from Bengaluru,#AI,45,104,88,Bengaluru,Neutral,237
1472,2026-09-04 14:53:00,user_166,Great technology update,#Bengaluru,206,20,5,Delhi,Positive,231
6149,2026-09-04 14:59:00,user_27,Great work by the team,#Python,112,34,21,Bengaluru,Positive,167
1420,2026-09-04 15:03:00,user_74,Beautiful day in Bengaluru,#Python,724,190,91,Mumbai,Positive,1005
6527,2026-09-04 15:11:00,user_238,Cricket match scheduled today,#AI,108,142,17,Pune,Neutral,267
1720,2026-09-04 15:23:00,user_265,Cricket match scheduled today,#Cricket,861,193,45,Mumbai,Neutral,1099
641,2026-09-04 15:31:00,user_57,I hate this problem,#Bengaluru,871,165,34,Hyderabad,Negative,1070
9994,2026-09-04 15:31:00,user_176,Weather update from Bengaluru,#DataAnalytics,316,169,27,Pune,Neutral,512
5916,2026-09-04 15:44:00,user_205,This failed again,#Technology,174,175,41,Hyderabad,Negative,390
9184,2026-09-04 15:46:00,user_227,Beautiful day in Bengaluru,#Bengaluru,364,154,67,Bengaluru,Positive,585
4146,2026-09-04 15:49:00,user_410,Amazing fitness progress,#Cricket,485,15,67,Delhi,Positive,567
2234,2026-09-04 15:53:00,user_313,This failed again,#Trending,323,185,29,Bengaluru,Negative,537
9775,2026-09-04 15:55:00,user_193,Great work by the team,#DataAnalytics,523,78,70,Bengaluru,Positive,671
7186,2026-09-04 16:02:00,user_420,Amazing experience today,#Technology,974,132,8,Bengaluru,Positive,1114
8629,2026-09-04 16:04:00,user_175,Great technology update,#Trending,145,99,54,Chennai,Positive,298
8819,2026-09-04 16:04:00,user_278,Great technology update,#Python,649,133,43,Hyderabad,Positive,825
5209,2026-09-04 16:08:00,user_138,I love this new AI tool,#Technology,262,68,57,Pune,Positive,387
1001,2026-09-04 16:09:00,user_305,Beautiful day in Bengaluru,#Bengaluru,75,138,97,Bengaluru,Positive,310
3670,2026-09-04 16:13:00,user_101,Poor performance today,#DataAnalytics,76,151,9,Mumbai,Negative,236
1214,2026-09-04 16:14:00,user_142,Excellent cricket match,#Trending,124,148,8,Hyderabad,Positive,280
6231,2026-09-04 16:17:00,user_138,Python is really useful,#Technology,590,177,33,Bengaluru,Neutral,800
9598,2026-09-04 16:18:00,user_164,New information available,#DataAnalytics,298,40,49,Mumbai,Neutral,387
4061,2026-09-04 16:20:00,user_458,Weather update from Bengaluru,#Trending,959,189,3,Hyderabad,Neutral,1151
3093,2026-09-04 16:21:00,user_331,Beautiful day in Bengaluru,#Cricket,416,197,9,Bengaluru,Positive,622
2804,2026-09-04 16:23:00,user_496,Weather update from Bengaluru,#Fitness,467,194,1,Delhi,Neutral,662
6135,2026-09-04 16:25:00,user_360,AI news update,#Python,256,134,42,Delhi,Neutral,432
5523,2026-09-04 16:27:00,user_288,New information available,#Python,221,108,73,Chennai,Neutral,402
6744,2026-09-04 16:27:00,user_224,Weather update from Bengaluru,#AI,472,114,49,Mumbai,Neutral,635
4433,2026-09-04 16:28:00,user_276,This failed again,#Python,748,76,46,Pune,Negative,870
6325,2026-09-04 16:29:00,user_105,Great technology update,#Cricket,237,125,69,Delhi,Positive,431
65,2026-09-04 16:30:00,user_436,Great work by the team,#Bengaluru,764,157,91,Pune,Positive,1012
7684,2026-09-04 16:38:00,user_82,New information available,#Python,832,154,89,Mumbai,Neutral,1075
4424,2026-09-04 16:55:00,user_317,Great technology update,#Technology,428,26,18,Chennai,Positive,472
2260,2026-09-04 16:58:00,user_440,Data analytics session today,#Trending,646,181,93,Chennai,Neutral,920
5184,2026-09-04 17:05:00,user_491,Python is really useful,#Fitness,292,78,61,Pune,Neutral,431
5628,2026-09-04 17:05:00,user_45,Amazing fitness progress,#AI,938,119,30,Bengaluru,Positive,1087
2460,2026-09-04 17:07:00,user_157,Fitness workout completed,#Fitness,525,6,69,Pune,Neutral,600
7854,2026-09-04 17:13:00,user_154,Data analytics session today,#Python,388,62,60,Mumbai,Neutral,510
1880,2026-09-04 17:13:00,user_257,Excellent cricket match,#Cricket,742,181,74,Mumbai,Positive,997
3204,2026-09-04 17:33:00,user_174,Python is really useful,#Python,600,137,89,Pune,Neutral,826
2306,2026-09-04 17:45:00,user_464,Worst experience ever,#Cricket,44,78,81,Hyderabad,Negative,203
7941,2026-09-04 17:51:00,user_398,Excellent cricket match,#Python,599,180,72,Pune,Positive,851
6317,2026-09-04 17:51:00,user_456,Data analytics session today,#Cricket,94,135,72,Chennai,Neutral,301
4757,2026-09-04 17:57:00,user_258,Fitness workout completed,#Python,117,87,48,Pune,Neutral,252
2483,2026-09-04 17:57:00,user_273,Great work by the team,#Technology,815,158,79,Delhi,Positive,1052
8346,2026-09-04 18:00:00,user_408,Data analytics session today,#Fitness,667,91,68,Mumbai,Neutral,826
3965,2026-09-04 18:06:00,user_30,Amazing fitness progress,#Cricket,519,81,98,Hyderabad,Positive,698
4723,2026-09-04 18:06:00,user_21,Excellent cricket match,#Technology,264,200,82,Mumbai,Positive,546
1983,2026-09-04 18:08:00,user_130,Technology update today,#Fitness,249,67,80,Bengaluru,Neutral,396
8302,2026-09-04 18:09:00,user_254,This failed again,#Fitness,438,196,31,Pune,Negative,665
2680,2026-09-04 18:16:00,user_235,I love this new AI tool,#DataAnalytics,893,133,95,Pune,Positive,1121
9705,2026-09-04 18:18:00,user_19,Very disappointing result,#Technology,910,177,43,Chennai,Neutral,1130
3099,2026-09-04 18:31:00,user_190,Data analytics session today,#Python,540,101,68,Pune,Neutral,709
7478,2026-09-04 18:35:00,user_222,Excellent cricket match,#Cricket,609,137,69,Delhi,Positive,815
8522,2026-09-04 18:45:00,user_157,Great work by the team,#Trending,84,17,41,Mumbai,Positive,142
2098,2026-09-04 18:46:00,user_292,Cricket match scheduled today,#DataAnalytics,980,87,25,Bengaluru,Neutral,1092
2156,2026-09-04 18:49:00,user_82,Great work by the team,#Cricket,382,46,11,Bengaluru,Positive,439
7681,2026-09-04 18:52:00,user_83,Beautiful day in Bengaluru,#Bengaluru,852,45,52,Pune,Positive,949
2079,2026-09-04 18:59:00,user_60,Weather update from Bengaluru,#DataAnalytics,185,58,29,Mumbai,Neutral,272
1938,2026-09-04 18:59:00,user_396,Great technology update,#Bengaluru,542,41,46,Bengaluru,Positive,629
6543,2026-09-04 19:02:00,user_207,Amazing experience today,#AI,726,53,96,Chennai,Positive,875
8156,2026-09-04 19:03:00,user_302,New information available,#Python,841,161,38,Delhi,Neutral,1040
4501,2026-09-04 19:03:00,user_204,Amazing experience today,#Cricket,755,175,47,Chennai,Positive,977
3107,2026-09-04 19:04:00,user_17,Technology update today,#Technology,973,19,24,Mumbai,Neutral,1016
1380,2026-09-04 19:10:00,user_150,Cricket match scheduled today,#Technology,589,200,37,Bengaluru,Neutral,826
8956,2026-09-04 19:25:00,user_238,Excellent cricket match,#Technology,106,151,6,Pune,Positive,263
3027,2026-09-04 19:27:00,user_217,Python project discussion,#Technology,388,166,19,Mumbai,Neutral,573
2580,2026-09-04 19:47:00,user_26,Python is really useful,#AI,755,110,31,Mumbai,Neutral,896
9190,2026-09-04 19:47:00,user_175,I am angry about this,#DataAnalytics,265,165,10,Bengaluru,Negative,440
2360,2026-09-04 19:49:00,user_12,Technology update today,#DataAnalytics,825,102,94,Chennai,Neutral,1021
3424,2026-09-04 19:59:00,user_255,Worst experience ever,#Python,630,135,34,Chennai,Negative,799
997,2026-09-04 20:00:00,user_219,I hate this problem,#DataAnalytics,149,127,33,Pune,Negative,309
2440,2026-09-04 20:02:00,user_336,Excellent cricket match,#Bengaluru,995,52,4,Hyderabad,Positive,1051
2796,2026-09-04 20:03:00,user_138,Fitness workout completed,#Bengaluru,307,154,13,Bengaluru,Neutral,474
4783,2026-09-04 20:07:00,user_253,Weather update from Bengaluru,#Cricket,643,186,51,Bengaluru,Neutral,880
2983,2026-09-04 20:09:00,user_440,Amazing experience today,#DataAnalytics,587,59,27,Chennai,Positive,673
3228,2026-09-04 20:10:00,user_338,Technology update today,#Technology,245,175,2,Mumbai,Neutral,422
7704,2026-09-04 20:11:00,user_76,Fitness workout completed,#Bengaluru,466,159,53,Delhi,Neutral,678
6826,2026-09-04 20:11:00,user_178,Weather update from Bengaluru,#Technology,628,168,48,Chennai,Neutral,844
3489,2026-09-04 20:11:00,user_165,Great technology update,#Cricket,23,134,29,Delhi,Positive,186
4496,2026-09-04 20:21:00,user_84,AI news update,#Python,805,178,82,Hyderabad,Neutral,1065
7328,2026-09-04 20:28:00,user_488,New information available,#Technology,302,22,29,Bengaluru,Neutral,353
4852,2026-09-04 20:28:00,user_40,Worst experience ever,#Python,822,163,11,Mumbai,Negative,996
4738,2026-09-04 20:29:00,user_337,AI news update,#Python,690,50,5,Mumbai,Neutral,745
3469,2026-09-04 20:31:00,user_136,Worst experience ever,#Trending,981,199,27,Bengaluru,Negative,1207
5801,2026-09-04 20:34:00,user_440,Amazing fitness progress,#Technology,571,159,47,Mumbai,Positive,777
8839,2026-09-04 20:42:00,user_389,Cricket match scheduled today,#Bengaluru,245,47,2,Chennai,Neutral,294
4279,2026-09-04 20:50:00,user_372,Bad experience today,#DataAnalytics,638,151,65,Hyderabad,Negative,854
3060,2026-09-04 20:57:00,user_177,Beautiful day in Bengaluru,#Bengaluru,972,89,64,Bengaluru,Positive,1125
4838,2026-09-04 20:59:00,user_307,Poor performance today,#Cricket,381,31,32,Delhi,Negative,444
8359,2026-09-04 21:06:00,user_113,Python project discussion,#DataAnalytics,343,189,41,Bengaluru,Neutral,573
4782,2026-09-04 21:14:00,user_448,Python is really useful,#Trending,967,22,56,Pune,Neutral,1045
6013,2026-09-04 21:20:00,user_252,Poor performance today,#AI,299,179,9,Mumbai,Negative,487
3940,2026-09-04 21:23:00,user_241,Beautiful day in Bengaluru,#Python,563,3,66,Hyderabad,Positive,632
1497,2026-09-04 21:34:00,user_219,Great work by the team,#Bengaluru,788,176,59,Pune,Positive,1023
3472,2026-09-04 21:40:00,user_86,Very disappointing result,#Python,45,37,9,Hyderabad,Neutral,91
4901,2026-09-04 21:48:00,user_171,I am angry about this,#Python,271,29,19,Chennai,Negative,319
6334,2026-09-04 21:49:00,user_423,Great technology update,#AI,937,44,31,Hyderabad,Positive,1012
6613,2026-09-04 21:52:00,user_380,Terrible service,#Fitness,681,80,88,Delhi,Negative,849
5354,2026-09-04 21:56:00,user_67,I am angry about this,#Python,837,123,70,Bengaluru,Negative,1030
6777,2026-09-04 22:00:00,user_403,Great work by the team,#Python,431,174,58,Chennai,Positive,663
8586,2026-09-04 22:01:00,user_131,Python is really useful,#Python,178,99,5,Bengaluru,Neutral,282
2517,2026-09-04 22:05:00,user_470,New information available,#Technology,437,70,100,Pune,Neutral,607
9565,2026-09-04 22:08:00,user_261,Fitness workout completed,#Python,252,168,62,Chennai,Neutral,482
8273,2026-09-04 22:11:00,user_238,Technology update today,#Technology,71,136,46,Bengaluru,Neutral,253
3791,2026-09-04 22:17:00,user_307,I am angry about this,#Technology,552,54,78,Chennai,Negative,684
3458,2026-09-04 22:29:00,user_92,Technology update today,#Python,350,152,13,Chennai,Neutral,515
260,2026-09-04 22:39:00,user_418,Excellent cricket match,#Trending,652,100,31,Chennai,Positive,783
2745,2026-09-04 22:42:00,user_211,Amazing fitness progress,#Trending,260,146,75,Delhi,Positive,481
2211,2026-09-04 22:43:00,user_142,Python is really useful,#Trending,985,147,95,Mumbai,Neutral,1227
5305,2026-09-04 22:43:00,user_140,I love this new AI tool,#DataAnalytics,403,127,77,Bengaluru,Positive,607
500,2026-09-04 22:48:00,user_371,Great work by the team,#DataAnalytics,81,58,68,Delhi,Positive,207
5204,2026-09-04 22:49:00,user_82,Very disappointing result,#DataAnalytics,364,175,85,Chennai,Neutral,624
4087,2026-09-04 22:49:00,user_356,Data analytics session today,#DataAnalytics,959,6,32,Delhi,Neutral,997
6944,2026-09-04 23:01:00,user_368,Great work by the team,#DataAnalytics,283,152,1,Delhi,Positive,436
2423,2026-09-04 23:01:00,user_15,Worst experience ever,#Python,741,126,42,Pune,Negative,909
7390,2026-09-04 23:01:00,user_419,Cricket match scheduled today,#Technology,203,67,6,Delhi,Neutral,276
5160,2026-09-04 23:02:00,user_142,Amazing fitness progress,#Trending,78,179,57,Hyderabad,Positive,314
7829,2026-09-04 23:10:00,user_156,Amazing fitness progress,#Bengaluru,952,139,15,Mumbai,Positive,1106
4296,2026-09-04 23:14:00,user_320,Terrible service,#DataAnalytics,657,184,31,Pune,Negative,872
410,2026-09-04 23:14:00,user_463,I hate this problem,#DataAnalytics,602,183,5,Hyderabad,Negative,790
4287,2026-09-04 23:31:00,user_494,Python project discussion,#Cricket,821,124,37,Hyderabad,Neutral,982
5686,2026-09-04 23:33:00,user_417,Great work by the team,#DataAnalytics,812,104,42,Chennai,Positive,958
8585,2026-09-04 23:45:00,user_21,Excellent cricket match,#Technology,186,57,51,Chennai,Positive,294
518,2026-09-04 23:47:00,user_43,Excellent cricket match,#DataAnalytics,611,10,18,Pune,Positive,639
8086,2026-09-04 23:47:00,user_155,Python is really useful,#AI,77,22,89,Bengaluru,Neutral,188
9838,2026-09-04 23:51:00,user_268,I hate this problem,#AI,788,54,20,Pune,Negative,862
4143,2026-09-04 23:57:00,user_364,Poor performance today,#Trending,854,58,95,Mumbai,Negative,1007
3159,2026-09-05 00:01:00,user_369,Excellent cricket match,#Technology,262,99,54,Bengaluru,Positive,415
2671,2026-09-05 00:07:00,user_256,Fitness workout completed,#AI,361,12,46,Mumbai,Neutral,419
4675,2026-09-05 00:08:00,user_464,Weather update from Bengaluru,#Technology,743,147,65,Chennai,Neutral,955
3064,2026-09-05 00:08:00,user_257,I love this new AI tool,#Bengaluru,801,37,65,Hyderabad,Positive,903
8564,2026-09-05 00:16:00,user_416,Great technology update,#Fitness,798,168,81,Mumbai,Positive,1047
8827,2026-09-05 00:17:00,user_250,Great technology update,#AI,505,176,86,Chennai,Positive,767
1091,2026-09-05 00:19:00,user_271,Terrible service,#Technology,694,82,51,Hyderabad,Negative,827
5926,2026-09-05 00:19:00,user_42,New information available,#DataAnalytics,951,33,18,Pune,Neutral,1002
6639,2026-09-05 00:22:00,user_247,Technology update today,#Cricket,318,117,83,Pune,Neutral,518
1559,2026-09-05 00:26:00,user_173,Excellent cricket match,#Bengaluru,373,156,21,Delhi,Positive,550
3711,2026-09-05 00:27:00,user_281,Poor performance today,#Bengaluru,892,175,23,Pune,Negative,1090
8685,2026-09-05 00:29:00,user_228,Terrible service,#DataAnalytics,549,134,97,Bengaluru,Negative,780
5869,2026-09-05 00:33:00,user_293,Python project discussion,#Python,965,124,28,Chennai,Neutral,1117
8042,2026-09-05 00:33:00,user_6,Very disappointing result,#Trending,733,125,61,Bengaluru,Neutral,919
5711,2026-09-05 00:38:00,user_424,Python is really useful,#Technology,464,18,2,Delhi,Neutral,484
9978,2026-09-05 00:41:00,user_301,Very disappointing result,#Python,533,89,11,Delhi,Neutral,633
2931,2026-09-05 00:42:00,user_217,Very disappointing result,#Trending,157,31,4,Chennai,Neutral,192
4683,2026-09-05 00:51:00,user_176,I hate this problem,#Trending,723,139,40,Pune,Negative,902
5455,2026-09-05 00:51:00,user_50,Python is really useful,#AI,750,4,66,Pune,Neutral,820
9924,2026-09-05 00:52:00,user_429,Very disappointing result,#Python,885,124,55,Delhi,Neutral,1064
9409,2026-09-05 00:53:00,user_147,Very disappointing result,#Trending,424,23,55,Pune,Neutral,502
7472,2026-09-05 00:57:00,user_366,Bad experience today,#AI,657,183,54,Mumbai,Negative,894
7024,2026-09-05 01:04:00,user_105,Python is really useful,#Trending,554,107,73,Delhi,Neutral,734
1683,2026-09-05 01:08:00,user_193,Amazing fitness progress,#Bengaluru,356,73,87,Delhi,Positive,516
5765,2026-09-05 01:09:00,user_431,Data analytics session today,#Cricket,747,145,94,Bengaluru,Neutral,986
6822,2026-09-05 01:14:00,user_344,Data analytics session today,#DataAnalytics,420,94,42,Chennai,Neutral,556
622,2026-09-05 01:16:00,user_196,Cricket match scheduled today,#DataAnalytics,478,103,1,Hyderabad,Neutral,582
3290,2026-09-05 01:18:00,user_228,Bad experience today,#Python,473,14,58,Bengaluru,Negative,545
1656,2026-09-05 01:23:00,user_249,I am angry about this,#Python,522,92,38,Bengaluru,Negative,652
8403,2026-09-05 01:27:00,user_378,This failed again,#Bengaluru,664,19,6,Chennai,Negative,689
468,2026-09-05 01:36:00,user_309,Great work by the team,#Bengaluru,937,177,13,Mumbai,Positive,1127
2505,2026-09-05 01:44:00,user_187,Weather update from Bengaluru,#Fitness,649,185,91,Mumbai,Neutral,925
2289,2026-09-05 01:46:00,user_237,Amazing experience today,#Technology,942,107,75,Pune,Positive,1124
8791,2026-09-05 01:48:00,user_92,Great work by the team,#Fitness,595,71,70,Hyderabad,Positive,736
1816,2026-09-05 01:52:00,user_423,Beautiful day in Bengaluru,#Python,266,136,20,Mumbai,Positive,422
3932,2026-09-05 02:02:00,user_260,Cricket match scheduled today,#AI,387,144,62,Hyderabad,Neutral,593
1752,2026-09-05 02:07:00,user_366,Fitness workout completed,#Trending,624,50,44,Pune,Neutral,718
6883,2026-09-05 02:08:00,user_179,I love this new AI tool,#Technology,760,99,49,Delhi,Positive,908
1454,2026-09-05 02:09:00,user_379,AI news update,#Fitness,359,107,20,Bengaluru,Neutral,486
5121,2026-09-05 02:15:00,user_39,Poor performance today,#AI,646,115,55,Pune,Negative,816
239,2026-09-05 02:19:00,user_480,I love this new AI tool,#DataAnalytics,287,113,63,Pune,Positive,463
8228,2026-09-05 02:27:00,user_343,Data analytics session today,#Technology,549,197,14,Delhi,Neutral,760
9343,2026-09-05 02:29:00,user_351,This failed again,#Technology,613,102,18,Mumbai,Negative,733
3376,2026-09-05 02:33:00,user_293,Amazing fitness progress,#Python,670,196,95,Delhi,Positive,961
7937,2026-09-05 02:36:00,user_412,Data analytics session today,#Python,512,35,84,Hyderabad,Neutral,631
1364,2026-09-05 02:40:00,user_29,Data analytics session today,#AI,951,125,26,Mumbai,Neutral,1102
6749,2026-09-05 02:43:00,user_17,Poor performance today,#Technology,639,93,88,Delhi,Negative,820
4330,2026-09-05 02:46:00,user_84,I love this new AI tool,#AI,428,46,25,Bengaluru,Positive,499
3946,2026-09-05 02:46:00,user_348,Data analytics session today,#DataAnalytics,624,178,7,Bengaluru,Neutral,809
1544,2026-09-05 02:46:00,user_436,Excellent cricket match,#Bengaluru,867,34,94,Mumbai,Positive,995
847,2026-09-05 02:50:00,user_276,Poor performance today,#Cricket,542,105,11,Mumbai,Negative,658
1282,2026-09-05 02:51:00,user_306,New information available,#Fitness,794,83,13,Hyderabad,Neutral,890
962,2026-09-05 03:03:00,user_193,Technology update today,#Bengaluru,803,150,99,Pune,Neutral,1052
6070,2026-09-05 03:10:00,user_225,Fitness workout completed,#AI,207,163,52,Mumbai,Neutral,422
3508,2026-09-05 03:13:00,user_72,Cricket match scheduled today,#Technology,906,6,25,Bengaluru,Neutral,937
3706,2026-09-05 03:16:00,user_47,Poor performance today,#Cricket,60,17,61,Mumbai,Negative,138
8251,2026-09-05 03:17:00,user_146,Python project discussion,#Trending,217,162,95,Pune,Neutral,474
2031,2026-09-05 03:18:00,user_373,Terrible service,#Technology,310,125,74,Chennai,Negative,509
1398,2026-09-05 03:19:00,user_462,Amazing experience today,#Python,600,6,50,Bengaluru,Positive,656
2518,2026-09-05 03:28:00,user_461,Terrible service,#Python,97,138,86,Delhi,Negative,321
5105,2026-09-05 03:37:00,user_181,Technology update today,#Bengaluru,10,99,16,Pune,Neutral,125
9103,2026-09-05 03:48:00,user_8,Weather update from Bengaluru,#Fitness,603,91,36,Delhi,Neutral,730
7449,2026-09-05 03:50:00,user_404,New information available,#AI,853,25,38,Chennai,Neutral,916
4062,2026-09-05 03:57:00,user_10,Great work by the team,#Fitness,328,66,29,Mumbai,Positive,423
1440,2026-09-05 03:59:00,user_303,Great technology update,#Cricket,511,84,3,Hyderabad,Positive,598
3833,2026-09-05 04:02:00,user_52,Python is really useful,#Trending,935,82,87,Chennai,Neutral,1104
8055,2026-09-05 04:03:00,user_224,Python is really useful,#AI,618,77,88,Hyderabad,Neutral,783
277,2026-09-05 04:03:00,user_229,Great technology update,#Trending,984,74,11,Mumbai,Positive,1069
310,2026-09-05 04:03:00,user_6,AI news update,#AI,162,158,97,Chennai,Neutral,417
2170,2026-09-05 04:06:00,user_458,Cricket match scheduled today,#Cricket,887,90,77,Delhi,Neutral,1054
2136,2026-09-05 04:10:00,user_168,Data analytics session today,#Fitness,169,69,14,Pune,Neutral,252
120,2026-09-05 04:15:00,user_383,Python project discussion,#Technology,925,141,16,Delhi,Neutral,1082
1468,2026-09-05 04:19:00,user_299,Terrible service,#Bengaluru,477,163,55,Mumbai,Negative,695
902,2026-09-05 04:19:00,user_8,This failed again,#Fitness,387,165,71,Mumbai,Negative,623
2645,2026-09-05 04:26:00,user_355,Cricket match scheduled today,#Technology,378,76,8,Chennai,Neutral,462
5047,2026-09-05 04:29:00,user_384,Great work by the team,#Bengaluru,767,152,42,Hyderabad,Positive,961
483,2026-09-05 04:32:00,user_239,Worst experience ever,#AI,818,117,65,Hyderabad,Negative,1000
5753,2026-09-05 04:33:00,user_179,I love this new AI tool,#Trending,505,72,73,Delhi,Positive,650
6723,2026-09-05 04:33:00,user_477,Data analytics session today,#Python,331,87,31,Delhi,Neutral,449
1039,2026-09-05 04:34:00,user_398,Excellent cricket match,#Cricket,217,183,3,Bengaluru,Positive,403
1392,2026-09-05 04:36:00,user_43,Great technology update,#DataAnalytics,824,137,68,Mumbai,Positive,1029
3984,2026-09-05 04:43:00,user_238,Great work by the team,#AI,250,152,14,Bengaluru,Positive,416
5002,2026-09-05 04:59:00,user_388,New information available,#Python,944,56,65,Hyderabad,Neutral,1065
3805,2026-09-05 05:03:00,user_40,Great technology update,#Bengaluru,858,165,34,Pune,Positive,1057
6601,2026-09-05 05:05:00,user_240,Bad experience today,#Python,897,149,37,Bengaluru,Negative,1083
4626,2026-09-05 05:12:00,user_350,I am angry about this,#Python,274,38,79,Pune,Negative,391
7064,2026-09-05 05:27:00,user_106,Worst experience ever,#DataAnalytics,539,48,56,Bengaluru,Negative,643
4077,2026-09-05 05:31:00,user_308,Data analytics session today,#Technology,691,173,60,Delhi,Neutral,924
4987,2026-09-05 05:36:00,user_315,Excellent cricket match,#Fitness,693,156,63,Delhi,Positive,912
7075,2026-09-05 05:39:00,user_457,Great work by the team,#Technology,329,95,22,Pune,Positive,446
5258,2026-09-05 05:43:00,user_396,Amazing fitness progress,#Python,969,196,4,Mumbai,Positive,1169
7811,2026-09-05 05:43:00,user_146,Amazing fitness progress,#AI,544,93,83,Delhi,Positive,720
7195,2026-09-05 05:55:00,user_181,Cricket match scheduled today,#AI,544,26,8,Mumbai,Neutral,578
4444,2026-09-05 05:55:00,user_434,Very disappointing result,#Cricket,578,65,32,Mumbai,Neutral,675
1489,2026-09-05 05:55:00,user_108,I love this new AI tool,#AI,36,13,93,Pune,Positive,142
9182,2026-09-05 06:04:00,user_148,I love this new AI tool,#Python,324,132,57,Pune,Positive,513
8520,2026-09-05 06:09:00,user_376,Excellent cricket match,#Technology,885,170,94,Chennai,Positive,1149
2825,2026-09-05 06:12:00,user_424,Cricket match scheduled today,#Cricket,569,1,84,Delhi,Neutral,654
5943,2026-09-05 06:17:00,user_334,Great technology update,#Fitness,356,69,60,Bengaluru,Positive,485
2679,2026-09-05 06:17:00,user_82,Python is really useful,#Technology,51,177,84,Bengaluru,Neutral,312
2037,2026-09-05 06:19:00,user_53,I love this new AI tool,#Cricket,400,115,1,Delhi,Positive,516
6504,2026-09-05 06:22:00,user_193,This failed again,#Fitness,416,24,12,Bengaluru,Negative,452
4251,2026-09-05 06:23:00,user_472,I love this new AI tool,#Trending,391,21,78,Hyderabad,Positive,490
3572,2026-09-05 06:27:00,user_247,Amazing experience today,#DataAnalytics,12,199,56,Hyderabad,Positive,267
613,2026-09-05 06:48:00,user_81,Terrible service,#Python,193,142,79,Mumbai,Negative,414
219,2026-09-05 06:48:00,user_178,New information available,#Bengaluru,289,18,63,Bengaluru,Neutral,370
7893,2026-09-05 06:54:00,user_409,Amazing fitness progress,#Python,983,143,20,Mumbai,Positive,1146
6633,2026-09-05 07:02:00,user_186,Technology update today,#Bengaluru,432,104,9,Hyderabad,Neutral,545
5573,2026-09-05 07:02:00,user_52,Data analytics session today,#Bengaluru,338,71,51,Hyderabad,Neutral,460
9645,2026-09-05 07:09:00,user_81,Amazing fitness progress,#Python,331,44,77,Delhi,Positive,452
6938,2026-09-05 07:10:00,user_80,Python project discussion,#DataAnalytics,240,66,100,Pune,Neutral,406
4340,2026-09-05 07:11:00,user_227,Cricket match scheduled today,#Python,144,58,35,Bengaluru,Neutral,237
8375,2026-09-05 07:24:00,user_132,Fitness workout completed,#Fitness,574,63,16,Chennai,Neutral,653
5821,2026-09-05 07:25:00,user_151,Python project discussion,#Bengaluru,516,142,55,Hyderabad,Neutral,713
1027,2026-09-05 07:29:00,user_320,This failed again,#DataAnalytics,744,67,70,Chennai,Negative,881
3951,2026-09-05 07:34:00,user_450,Python is really useful,#AI,690,159,79,Chennai,Neutral,928
7272,2026-09-05 07:40:00,user_440,This failed again,#Fitness,31,111,36,Delhi,Negative,178
7621,2026-09-05 07:52:00,user_321,Amazing experience today,#Fitness,60,76,18,Delhi,Positive,154
4235,2026-09-05 07:56:00,user_364,Terrible service,#Trending,674,80,82,Chennai,Negative,836
1610,2026-09-05 08:01:00,user_308,Weather update from Bengaluru,#Python,200,90,75,Pune,Neutral,365
7649,2026-09-05 08:03:00,user_351,Python project discussion,#DataAnalytics,595,82,6,Hyderabad,Neutral,683
3838,2026-09-05 08:07:00,user_159,Weather update from Bengaluru,#Bengaluru,825,9,15,Pune,Neutral,849
2560,2026-09-05 08:12:00,user_58,Python is really useful,#Trending,406,76,36,Chennai,Neutral,518
5731,2026-09-05 08:13:00,user_283,I hate this problem,#DataAnalytics,726,51,61,Pune,Negative,838
5727,2026-09-05 08:13:00,user_344,Excellent cricket match,#Trending,988,35,33,Delhi,Positive,1056
7071,2026-09-05 08:27:00,user_295,Great technology update,#Trending,319,31,70,Hyderabad,Positive,420
2034,2026-09-05 08:36:00,user_247,I love this new AI tool,#AI,292,90,7,Delhi,Positive,389
6102,2026-09-05 08:36:00,user_105,Weather update from Bengaluru,#Python,841,84,38,Delhi,Neutral,963
3488,2026-09-05 08:38:00,user_322,Terrible service,#Fitness,383,50,24,Delhi,Negative,457
9847,2026-09-05 08:43:00,user_237,Beautiful day in Bengaluru,#Bengaluru,131,185,9,Bengaluru,Positive,325
505,2026-09-05 08:55:00,user_55,Fitness workout completed,#Fitness,813,53,64,Delhi,Neutral,930
3201,2026-09-05 09:00:00,user_472,Bad experience today,#Fitness,832,129,29,Delhi,Negative,990
8818,2026-09-05 09:01:00,user_325,Amazing experience today,#AI,444,86,76,Pune,Positive,606
5541,2026-09-05 09:08:00,user_500,Python project discussion,#AI,379,33,65,Hyderabad,Neutral,477
2596,2026-09-05 09:09:00,user_445,Excellent cricket match,#Cricket,932,170,7,Chennai,Positive,1109
4481,2026-09-05 09:11:00,user_193,Great technology update,#Fitness,593,119,39,Delhi,Positive,751
8098,2026-09-05 09:19:00,user_9,Great technology update,#DataAnalytics,489,89,10,Hyderabad,Positive,588
5885,2026-09-05 09:21:00,user_372,Great work by the team,#Python,22,102,50,Hyderabad,Positive,174
6595,2026-09-05 09:22:00,user_305,New information available,#Technology,87,115,13,Chennai,Neutral,215
7153,2026-09-05 09:50:00,user_453,Terrible service,#AI,84,144,99,Mumbai,Negative,327
6028,2026-09-05 09:56:00,user_408,Data analytics session today,#Technology,317,152,10,Mumbai,Neutral,479
9726,2026-09-05 10:00:00,user_275,Terrible service,#Trending,596,169,36,Delhi,Negative,801
5329,2026-09-05 10:01:00,user_426,Python project discussion,#DataAnalytics,414,155,70,Hyderabad,Neutral,639
7599,2026-09-05 10:03:00,user_268,Amazing experience today,#DataAnalytics,153,181,76,Mumbai,Positive,410
6050,2026-09-05 10:04:00,user_5,New information available,#Python,825,181,51,Bengaluru,Neutral,1057
2153,2026-09-05 10:11:00,user_77,Weather update from Bengaluru,#Technology,200,130,80,Delhi,Neutral,410
6752,2026-09-05 10:12:00,user_484,I love this new AI tool,#Python,101,133,76,Chennai,Positive,310
9631,2026-09-05 10:15:00,user_347,Fitness workout completed,#DataAnalytics,601,7,95,Mumbai,Neutral,703
7474,2026-09-05 10:15:00,user_307,Great technology update,#Trending,103,200,78,Pune,Positive,381
4892,2026-09-05 10:15:00,user_108,Great work by the team,#Bengaluru,132,37,37,Delhi,Positive,206
6039,2026-09-05 10:17:00,user_63,Data analytics session today,#Python,658,187,16,Hyderabad,Neutral,861
5644,2026-09-05 10:19:00,user_474,Worst experience ever,#Bengaluru,370,86,56,Bengaluru,Negative,512
1251,2026-09-05 10:25:00,user_43,Amazing experience today,#AI,385,126,65,Bengaluru,Positive,576
7382,2026-09-05 10:30:00,user_500,Very disappointing result,#Python,496,99,30,Hyderabad,Neutral,625
7110,2026-09-05 10:36:00,user_435,Python project discussion,#Technology,281,142,54,Hyderabad,Neutral,477
8615,2026-09-05 10:41:00,user_407,Weather update from Bengaluru,#Python,197,56,1,Hyderabad,Neutral,254
2585,2026-09-05 10:42:00,user_186,Amazing fitness progress,#Trending,14,34,58,Mumbai,Positive,106
4578,2026-09-05 10:44:00,user_89,Bad experience today,#AI,112,40,56,Chennai,Negative,208
4760,2026-09-05 10:45:00,user_320,Bad experience today,#AI,47,81,36,Delhi,Negative,164
358,2026-09-05 10:51:00,user_78,New information available,#AI,596,103,54,Pune,Neutral,753
4940,2026-09-05 11:02:00,user_189,Beautiful day in Bengaluru,#Fitness,194,152,27,Chennai,Positive,373
5315,2026-09-05 11:05:00,user_114,Bad experience today,#Cricket,467,111,68,Mumbai,Negative,646
2115,2026-09-05 11:14:00,user_341,Python project discussion,#AI,145,188,68,Delhi,Neutral,401
146,2026-09-05 11:15:00,user_58,Great work by the team,#Fitness,479,175,26,Bengaluru,Positive,680
7021,2026-09-05 11:15:00,user_347,Great technology update,#Python,987,80,47,Delhi,Positive,1114
1740,2026-09-05 11:15:00,user_38,I love this new AI tool,#Fitness,120,101,18,Mumbai,Positive,239
5060,2026-09-05 11:41:00,user_139,Very disappointing result,#Bengaluru,521,184,40,Mumbai,Neutral,745
9799,2026-09-05 11:46:00,user_398,I love this new AI tool,#Bengaluru,392,94,42,Bengaluru,Positive,528
1596,2026-09-05 11:53:00,user_363,Amazing fitness progress,#AI,315,38,99,Pune,Positive,452
7375,2026-09-05 11:55:00,user_416,Amazing experience today,#Bengaluru,451,3,6,Hyderabad,Positive,460
4304,2026-09-05 12:15:00,user_265,Great technology update,#Bengaluru,560,5,92,Chennai,Positive,657
3610,2026-09-05 12:17:00,user_201,Amazing fitness progress,#Fitness,314,104,10,Delhi,Positive,428
2046,2026-09-05 12:25:00,user_245,Poor performance today,#Trending,231,47,51,Chennai,Negative,329
9125,2026-09-05 12:25:00,user_236,I hate this problem,#Bengaluru,32,174,11,Bengaluru,Negative,217
1070,2026-09-05 12:28:00,user_98,I love this new AI tool,#DataAnalytics,682,168,66,Delhi,Positive,916
8672,2026-09-05 12:31:00,user_25,Very disappointing result,#Fitness,775,138,28,Bengaluru,Neutral,941
3681,2026-09-05 12:37:00,user_345,Worst experience ever,#Cricket,612,160,82,Mumbai,Negative,854
7606,2026-09-05 12:38:00,user_392,Technology update today,#AI,18,23,10,Hyderabad,Neutral,51
5896,2026-09-05 12:42:00,user_448,Excellent cricket match,#DataAnalytics,400,199,53,Delhi,Positive,652
3220,2026-09-05 12:42:00,user_163,Fitness workout completed,#Trending,977,24,49,Hyderabad,Neutral,1050
7326,2026-09-05 12:44:00,user_290,Terrible service,#DataAnalytics,787,84,35,Mumbai,Negative,906
3995,2026-09-05 12:45:00,user_26,Terrible service,#AI,880,150,53,Chennai,Negative,1083
9177,2026-09-05 12:46:00,user_68,Excellent cricket match,#Technology,356,6,13,Mumbai,Positive,375
785,2026-09-05 12:51:00,user_140,Fitness workout completed,#AI,388,47,96,Delhi,Neutral,531
9286,2026-09-05 13:03:00,user_424,Great technology update,#Bengaluru,999,90,48,Hyderabad,Positive,1137
1908,2026-09-05 13:06:00,user_177,Cricket match scheduled today,#Fitness,313,137,20,Delhi,Neutral,470
3567,2026-09-05 13:06:00,user_208,Fitness workout completed,#Technology,932,152,71,Hyderabad,Neutral,1155
3237,2026-09-05 13:09:00,user_287,Beautiful day in Bengaluru,#AI,819,47,95,Pune,Positive,961
4091,2026-09-05 13:11:00,user_386,Amazing fitness progress,#AI,26,192,95,Delhi,Positive,313
8120,2026-09-05 13:16:00,user_132,Amazing fitness progress,#Python,673,55,12,Chennai,Positive,740
3071,2026-09-05 13:22:00,user_463,Amazing experience today,#Technology,366,116,52,Chennai,Positive,534
6747,2026-09-05 13:25:00,user_212,Worst experience ever,#Bengaluru,825,87,85,Delhi,Negative,997
7840,2026-09-05 13:32:00,user_42,Excellent cricket match,#Bengaluru,992,74,4,Pune,Positive,1070
3101,2026-09-05 13:39:00,user_484,Terrible service,#Trending,658,121,89,Hyderabad,Negative,868
804,2026-09-05 13:41:00,user_30,Technology update today,#Trending,726,131,62,Chennai,Neutral,919
5292,2026-09-05 13:45:00,user_260,Python project discussion,#Python,535,159,37,Chennai,Neutral,731
4452,2026-09-05 13:45:00,user_439,Terrible service,#DataAnalytics,734,165,65,Chennai,Negative,964
6450,2026-09-05 13:52:00,user_100,Python is really useful,#Trending,812,151,8,Hyderabad,Neutral,971
164,2026-09-05 13:55:00,user_265,Data analytics session today,#Python,10,19,50,Pune,Neutral,79
3481,2026-09-05 13:57:00,user_71,AI news update,#Cricket,386,46,95,Mumbai,Neutral,527
8552,2026-09-05 14:09:00,user_351,Great technology update,#Cricket,267,110,66,Mumbai,Positive,443
4799,2026-09-05 14:23:00,user_150,Terrible service,#Cricket,773,172,69,Delhi,Negative,1014
9007,2026-09-05 14:24:00,user_445,Weather update from Bengaluru,#Python,943,88,83,Delhi,Neutral,1114
6111,2026-09-05 14:31:00,user_83,Cricket match scheduled today,#Cricket,44,87,43,Chennai,Neutral,174
6397,2026-09-05 14:34:00,user_107,Technology update today,#Technology,848,186,24,Mumbai,Neutral,1058
2761,2026-09-05 14:34:00,user_98,Worst experience ever,#Trending,944,39,97,Pune,Negative,1080
139,2026-09-05 14:45:00,user_34,Worst experience ever,#Bengaluru,219,93,84,Chennai,Negative,396
5397,2026-09-05 14:47:00,user_108,Amazing fitness progress,#DataAnalytics,92,59,25,Chennai,Positive,176
9388,2026-09-05 14:53:00,user_393,I hate this problem,#Python,67,78,50,Pune,Negative,195
3873,2026-09-05 15:02:00,user_406,Amazing experience today,#Cricket,672,2,64,Hyderabad,Positive,738
922,2026-09-05 15:05:00,user_283,Bad experience today,#DataAnalytics,229,70,49,Hyderabad,Negative,348
8545,2026-09-05 15:10:00,user_440,Bad experience today,#Bengaluru,188,78,85,Hyderabad,Negative,351
1275,2026-09-05 15:10:00,user_205,Great work by the team,#AI,105,70,96,Delhi,Positive,271
6375,2026-09-05 15:15:00,user_489,Very disappointing result,#Technology,507,91,99,Delhi,Neutral,697
535,2026-09-05 15:16:00,user_91,Weather update from Bengaluru,#Fitness,818,125,71,Bengaluru,Neutral,1014
8115,2026-09-05 15:17:00,user_480,Beautiful day in Bengaluru,#Technology,184,110,61,Mumbai,Positive,355
9897,2026-09-05 15:29:00,user_327,Python is really useful,#Python,767,96,23,Bengaluru,Neutral,886
4958,2026-09-05 15:34:00,user_142,AI news update,#AI,114,41,76,Pune,Neutral,231
4040,2026-09-05 15:35:00,user_346,Poor performance today,#DataAnalytics,605,131,82,Chennai,Negative,818
1603,2026-09-05 15:39:00,user_300,Python is really useful,#Fitness,469,200,16,Bengaluru,Neutral,685
2783,2026-09-05 15:42:00,user_343,Great technology update,#Fitness,385,68,35,Mumbai,Positive,488
7059,2026-09-05 15:47:00,user_375,Excellent cricket match,#DataAnalytics,935,95,98,Pune,Positive,1128
8362,2026-09-05 15:48:00,user_495,Great work by the team,#Trending,337,127,71,Pune,Positive,535
453,2026-09-05 15:49:00,user_242,Great work by the team,#Python,939,39,1,Chennai,Positive,979
6949,2026-09-05 15:53:00,user_56,Beautiful day in Bengaluru,#AI,991,179,38,Bengaluru,Positive,1208
2740,2026-09-05 15:56:00,user_263,Amazing fitness progress,#Cricket,521,175,6,Chennai,Positive,702
4311,2026-09-05 15:58:00,user_101,Excellent cricket match,#DataAnalytics,423,50,84,Bengaluru,Positive,557
8011,2026-09-05 15:58:00,user_5,Python is really useful,#DataAnalytics,727,109,15,Mumbai,Neutral,851
5565,2026-09-05 15:59:00,user_279,Poor performance today,#Trending,181,119,67,Chennai,Negative,367
6619,2026-09-05 16:05:00,user_429,I love this new AI tool,#Bengaluru,571,157,95,Mumbai,Positive,823
1167,2026-09-05 16:05:00,user_144,Cricket match scheduled today,#Python,608,29,33,Hyderabad,Neutral,670
3121,2026-09-05 16:17:00,user_289,Python project discussion,#DataAnalytics,776,64,55,Delhi,Neutral,895
731,2026-09-05 16:32:00,user_72,Beautiful day in Bengaluru,#Python,841,167,85,Delhi,Positive,1093
9492,2026-09-05 16:34:00,user_58,Great technology update,#Trending,159,192,89,Delhi,Positive,440
8435,2026-09-05 16:43:00,user_3,Technology update today,#DataAnalytics,518,200,68,Pune,Neutral,786
7323,2026-09-05 16:47:00,user_379,Amazing experience today,#DataAnalytics,416,151,39,Delhi,Positive,606
3735,2026-09-05 16:48:00,user_214,Beautiful day in Bengaluru,#DataAnalytics,613,108,83,Bengaluru,Positive,804
2574,2026-09-05 16:53:00,user_82,Cricket match scheduled today,#DataAnalytics,733,155,74,Mumbai,Neutral,962
9758,2026-09-05 16:55:00,user_381,Bad experience today,#DataAnalytics,864,74,8,Delhi,Negative,946
5825,2026-09-05 16:55:00,user_459,Cricket match scheduled today,#Cricket,485,94,76,Pune,Neutral,655
7955,2026-09-05 16:58:00,user_474,Worst experience ever,#Cricket,86,52,31,Bengaluru,Negative,169
9991,2026-09-05 16:58:00,user_201,Beautiful day in Bengaluru,#Bengaluru,47,196,97,Chennai,Positive,340
1244,2026-09-05 17:01:00,user_492,Great technology update,#Technology,738,72,84,Mumbai,Positive,894
8500,2026-09-05 17:11:00,user_174,Fitness workout completed,#DataAnalytics,765,55,24,Mumbai,Neutral,844
1377,2026-09-05 17:13:00,user_394,Amazing experience today,#AI,167,84,37,Pune,Positive,288
8176,2026-09-05 17:24:00,user_497,AI news update,#Bengaluru,199,83,99,Pune,Neutral,381
5524,2026-09-05 17:39:00,user_338,Data analytics session today,#Bengaluru,214,31,36,Pune,Neutral,281
7715,2026-09-05 17:45:00,user_336,Beautiful day in Bengaluru,#Technology,720,172,26,Hyderabad,Positive,918
4785,2026-09-05 17:55:00,user_119,Amazing fitness progress,#Cricket,971,61,6,Pune,Positive,1038
7627,2026-09-05 17:57:00,user_339,Worst experience ever,#Fitness,541,67,51,Pune,Negative,659
4437,2026-09-05 17:58:00,user_39,Technology update today,#Cricket,808,29,79,Chennai,Neutral,916
4346,2026-09-05 17:58:00,user_403,Weather update from Bengaluru,#Technology,966,109,19,Hyderabad,Neutral,1094
4666,2026-09-05 18:05:00,user_279,I love this new AI tool,#Cricket,147,86,98,Pune,Positive,331
6083,2026-09-05 18:06:00,user_377,I hate this problem,#Fitness,666,24,3,Delhi,Negative,693
5592,2026-09-05 18:12:00,user_473,Python project discussion,#DataAnalytics,301,112,86,Mumbai,Neutral,499
485,2026-09-05 18:14:00,user_157,Terrible service,#AI,67,62,18,Delhi,Negative,147
9078,2026-09-05 18:24:00,user_358,Python is really useful,#Fitness,743,157,82,Pune,Neutral,982
6537,2026-09-05 18:26:00,user_282,Great technology update,#Fitness,701,166,52,Hyderabad,Positive,919
8834,2026-09-05 18:31:00,user_383,Amazing experience today,#Bengaluru,512,15,82,Chennai,Positive,609
6819,2026-09-05 18:35:00,user_63,Great technology update,#Bengaluru,388,173,1,Chennai,Positive,562
2896,2026-09-05 18:36:00,user_207,I love this new AI tool,#Cricket,658,120,80,Pune,Positive,858
6019,2026-09-05 18:37:00,user_352,Beautiful day in Bengaluru,#Fitness,406,155,12,Chennai,Positive,573
2638,2026-09-05 18:38:00,user_138,Amazing experience today,#Cricket,915,111,74,Mumbai,Positive,1100
4648,2026-09-05 18:38:00,user_252,I love this new AI tool,#Trending,928,36,38,Chennai,Positive,1002
8453,2026-09-05 18:42:00,user_435,I love this new AI tool,#Fitness,92,14,15,Bengaluru,Positive,121
6029,2026-09-05 18:53:00,user_234,Very disappointing result,#AI,557,139,5,Pune,Neutral,701
6168,2026-09-05 19:00:00,user_483,Cricket match scheduled today,#Fitness,335,88,44,Delhi,Neutral,467
999,2026-09-05 19:01:00,user_41,New information available,#Bengaluru,531,9,64,Delhi,Neutral,604
7014,2026-09-05 19:02:00,user_424,Weather update from Bengaluru,#DataAnalytics,699,199,3,Hyderabad,Neutral,901
9964,2026-09-05 19:05:00,user_259,Bad experience today,#Python,551,65,99,Hyderabad,Negative,715
2709,2026-09-05 19:07:00,user_171,Excellent cricket match,#Cricket,849,150,13,Bengaluru,Positive,1012
1459,2026-09-05 19:24:00,user_171,Terrible service,#Fitness,950,184,59,Mumbai,Negative,1193
8568,2026-09-05 19:24:00,user_47,Python is really useful,#Technology,972,13,77,Bengaluru,Neutral,1062
6901,2026-09-05 19:27:00,user_54,Beautiful day in Bengaluru,#Bengaluru,508,105,17,Hyderabad,Positive,630
6540,2026-09-05 19:33:00,user_37,Beautiful day in Bengaluru,#AI,470,95,14,Pune,Positive,579
1354,2026-09-05 19:37:00,user_411,Amazing fitness progress,#Bengaluru,238,83,10,Hyderabad,Positive,331
2643,2026-09-05 19:38:00,user_316,I am angry about this,#Trending,610,60,40,Chennai,Negative,710
1121,2026-09-05 19:44:00,user_178,Beautiful day in Bengaluru,#Python,457,89,27,Delhi,Positive,573
8878,2026-09-05 19:46:00,user_175,Worst experience ever,#Bengaluru,342,54,24,Bengaluru,Negative,420
3920,2026-09-05 19:47:00,user_78,Great work by the team,#AI,543,174,88,Chennai,Positive,805
67,2026-09-05 19:52:00,user_189,AI news update,#Fitness,952,154,36,Pune,Neutral,1142
5403,2026-09-05 19:59:00,user_430,Worst experience ever,#Bengaluru,634,38,88,Mumbai,Negative,760
7299,2026-09-05 20:02:00,user_317,I love this new AI tool,#Technology,920,48,16,Delhi,Positive,984
7772,2026-09-05 20:08:00,user_217,I love this new AI tool,#Technology,351,100,84,Pune,Positive,535
9351,2026-09-05 20:28:00,user_498,Excellent cricket match,#Technology,989,159,58,Delhi,Positive,1206
524,2026-09-05 20:32:00,user_125,Python is really useful,#Cricket,446,7,84,Delhi,Neutral,537
4685,2026-09-05 20:36:00,user_460,I am angry about this,#DataAnalytics,551,11,11,Chennai,Negative,573
5033,2026-09-05 20:40:00,user_403,Excellent cricket match,#Fitness,381,40,53,Chennai,Positive,474
6583,2026-09-05 20:45:00,user_218,Python project discussion,#DataAnalytics,409,18,50,Pune,Neutral,477
436,2026-09-05 20:46:00,user_412,Weather update from Bengaluru,#Cricket,354,124,100,Hyderabad,Neutral,578
4144,2026-09-05 20:50:00,user_353,Great work by the team,#Bengaluru,208,84,45,Delhi,Positive,337
7638,2026-09-05 20:58:00,user_392,Python is really useful,#Cricket,398,82,20,Bengaluru,Neutral,500
6240,2026-09-05 20:59:00,user_278,This failed again,#Python,789,110,13,Pune,Negative,912
504,2026-09-05 21:03:00,user_7,Python is really useful,#AI,388,47,23,Mumbai,Neutral,458
4159,2026-09-05 21:03:00,user_19,New information available,#DataAnalytics,307,6,10,Mumbai,Neutral,323
7586,2026-09-05 21:03:00,user_105,Worst experience ever,#Technology,348,43,44,Hyderabad,Negative,435
3986,2026-09-05 21:08:00,user_452,Amazing fitness progress,#AI,312,59,24,Delhi,Positive,395
8203,2026-09-05 21:11:00,user_14,New information available,#Trending,262,81,50,Pune,Neutral,393
7637,2026-09-05 21:13:00,user_257,Great work by the team,#AI,812,195,43,Hyderabad,Positive,1050
6890,2026-09-05 21:20:00,user_18,Great technology update,#Python,267,194,76,Chennai,Positive,537
5684,2026-09-05 21:31:00,user_236,Beautiful day in Bengaluru,#AI,486,33,29,Hyderabad,Positive,548
1674,2026-09-05 21:37:00,user_362,Excellent cricket match,#Bengaluru,843,180,91,Bengaluru,Positive,1114
8099,2026-09-05 21:45:00,user_143,AI news update,#Bengaluru,398,148,31,Delhi,Neutral,577
5850,2026-09-05 21:45:00,user_352,Excellent cricket match,#Python,763,37,47,Delhi,Positive,847
6335,2026-09-05 21:52:00,user_290,This failed again,#Fitness,785,54,51,Bengaluru,Negative,890
8775,2026-09-05 21:54:00,user_27,Cricket match scheduled today,#DataAnalytics,981,137,48,Pune,Neutral,1166
5099,2026-09-05 22:04:00,user_99,Excellent cricket match,#Technology,569,108,56,Mumbai,Positive,733
8561,2026-09-05 22:08:00,user_52,Great work by the team,#Technology,277,59,88,Pune,Positive,424
838,2026-09-05 22:09:00,user_240,Excellent cricket match,#Fitness,643,152,28,Chennai,Positive,823
7080,2026-09-05 22:10:00,user_440,Python is really useful,#Cricket,81,35,98,Hyderabad,Neutral,214
8343,2026-09-05 22:26:00,user_178,Amazing fitness progress,#Technology,436,156,42,Chennai,Positive,634
632,2026-09-05 22:28:00,user_467,Amazing experience today,#DataAnalytics,287,169,90,Delhi,Positive,546
5431,2026-09-05 22:34:00,user_162,AI news update,#AI,426,24,47,Chennai,Neutral,497
7878,2026-09-05 22:39:00,user_236,Data analytics session today,#Fitness,841,142,92,Bengaluru,Neutral,1075
6320,2026-09-05 22:47:00,user_224,Great work by the team,#Trending,461,195,31,Mumbai,Positive,687
6361,2026-09-05 22:56:00,user_463,Python project discussion,#Cricket,315,65,31,Chennai,Neutral,411
4133,2026-09-05 22:56:00,user_258,Data analytics session today,#Technology,21,80,55,Delhi,Neutral,156
5124,2026-09-05 22:56:00,user_109,Great technology update,#Fitness,600,74,13,Mumbai,Positive,687
8411,2026-09-05 22:58:00,user_304,Terrible service,#Cricket,738,44,2,Chennai,Negative,784
4109,2026-09-05 23:01:00,user_277,Excellent cricket match,#Cricket,51,97,30,Hyderabad,Positive,178
4393,2026-09-05 23:02:00,user_65,Beautiful day in Bengaluru,#Trending,318,46,31,Delhi,Positive,395
945,2026-09-05 23:04:00,user_300,Amazing experience today,#Cricket,238,2,9,Delhi,Positive,249
7844,2026-09-05 23:07:00,user_67,Great technology update,#Bengaluru,396,192,25,Bengaluru,Positive,613
3233,2026-09-05 23:07:00,user_172,Great work by the team,#Trending,631,131,27,Pune,Positive,789
1507,2026-09-05 23:08:00,user_29,Excellent cricket match,#Trending,191,128,58,Delhi,Positive,377
1383,2026-09-05 23:09:00,user_327,Worst experience ever,#Technology,349,32,13,Delhi,Negative,394
6224,2026-09-05 23:16:00,user_219,Cricket match scheduled today,#Cricket,701,3,80,Pune,Neutral,784
9657,2026-09-05 23:25:00,user_31,Python is really useful,#DataAnalytics,329,190,87,Delhi,Neutral,606
8187,2026-09-05 23:28:00,user_263,Beautiful day in Bengaluru,#Cricket,283,168,58,Pune,Positive,509
4065,2026-09-05 23:30:00,user_380,Weather update from Bengaluru,#DataAnalytics,641,133,94,Bengaluru,Neutral,868
5876,2026-09-05 23:39:00,user_341,Cricket match scheduled today,#Technology,850,60,17,Chennai,Neutral,927
9013,2026-09-05 23:42:00,user_265,Great work by the team,#Bengaluru,519,161,79,Pune,Positive,759
3471,2026-09-05 23:45:00,user_160,Fitness workout completed,#AI,257,16,85,Mumbai,Neutral,358
915,2026-09-05 23:46:00,user_465,Python is really useful,#DataAnalytics,558,186,76,Delhi,Neutral,820
798,2026-09-05 23:49:00,user_38,New information available,#DataAnalytics,933,12,62,Mumbai,Neutral,1007
8874,2026-09-05 23:50:00,user_395,Great work by the team,#Fitness,991,141,75,Pune,Positive,1207
4548,2026-09-05 23:51:00,user_399,Data analytics session today,#AI,812,163,90,Hyderabad,Neutral,1065
1019,2026-09-06 00:05:00,user_451,Terrible service,#Trending,974,163,72,Mumbai,Negative,1209
6472,2026-09-06 00:09:00,user_317,Excellent cricket match,#AI,415,190,61,Chennai,Positive,666
3147,2026-09-06 00:10:00,user_490,Great technology update,#Python,397,121,2,Chennai,Positive,520
2547,2026-09-06 00:14:00,user_371,Poor performance today,#AI,998,89,91,Hyderabad,Negative,1178
9701,2026-09-06 00:29:00,user_121,Fitness workout completed,#Python,954,184,99,Chennai,Neutral,1237
3348,2026-09-06 00:30:00,user_296,Amazing experience today,#Cricket,590,17,41,Delhi,Positive,648
4299,2026-09-06 00:44:00,user_134,Amazing experience today,#DataAnalytics,499,76,59,Mumbai,Positive,634
6660,2026-09-06 00:47:00,user_110,Data analytics session today,#Fitness,339,106,16,Pune,Neutral,461
5590,2026-09-06 00:55:00,user_256,Python is really useful,#Bengaluru,395,72,48,Mumbai,Neutral,515
4887,2026-09-06 00:55:00,user_165,I love this new AI tool,#AI,171,60,72,Delhi,Positive,303
4882,2026-09-06 01:00:00,user_111,Amazing fitness progress,#DataAnalytics,52,54,88,Pune,Positive,194
8129,2026-09-06 01:07:00,user_214,I love this new AI tool,#Technology,300,27,77,Bengaluru,Positive,404
1405,2026-09-06 01:16:00,user_345,Excellent cricket match,#Python,549,200,100,Delhi,Positive,849
4070,2026-09-06 01:40:00,user_84,Data analytics session today,#AI,908,188,22,Chennai,Neutral,1118
9452,2026-09-06 01:41:00,user_394,Excellent cricket match,#Trending,159,102,43,Hyderabad,Positive,304
7047,2026-09-06 01:42:00,user_347,Amazing experience today,#Trending,338,93,51,Chennai,Positive,482
2537,2026-09-06 01:45:00,user_68,I hate this problem,#DataAnalytics,933,159,50,Chennai,Negative,1142
2378,2026-09-06 01:47:00,user_134,Amazing fitness progress,#Fitness,323,97,13,Hyderabad,Positive,433
1162,2026-09-06 01:53:00,user_363,Python is really useful,#Technology,793,86,12,Hyderabad,Neutral,891
7453,2026-09-06 01:57:00,user_189,Cricket match scheduled today,#AI,516,137,36,Hyderabad,Neutral,689
923,2026-09-06 02:06:00,user_170,Excellent cricket match,#Technology,904,172,27,Bengaluru,Positive,1103
6012,2026-09-06 02:20:00,user_306,Amazing experience today,#Fitness,256,122,54,Bengaluru,Positive,432
2254,2026-09-06 02:34:00,user_242,Beautiful day in Bengaluru,#Python,277,61,78,Pune,Positive,416
3664,2026-09-06 02:35:00,user_309,Amazing experience today,#Cricket,841,37,57,Chennai,Positive,935
8656,2026-09-06 02:50:00,user_115,Amazing experience today,#DataAnalytics,261,199,87,Pune,Positive,547
2691,2026-09-06 02:56:00,user_68,I am angry about this,#AI,751,194,18,Delhi,Negative,963
4336,2026-09-06 02:56:00,user_392,Amazing fitness progress,#AI,975,131,62,Mumbai,Positive,1168
2573,2026-09-06 02:57:00,user_195,Great technology update,#Trending,357,133,65,Hyderabad,Positive,555
6645,2026-09-06 03:03:00,user_452,Cricket match scheduled today,#Technology,511,76,48,Bengaluru,Neutral,635
1084,2026-09-06 03:03:00,user_235,Python is really useful,#Trending,219,71,16,Mumbai,Neutral,306
3069,2026-09-06 03:04:00,user_145,Great technology update,#Cricket,705,194,96,Bengaluru,Positive,995
2163,2026-09-06 03:11:00,user_116,I love this new AI tool,#DataAnalytics,36,171,46,Pune,Positive,253
6971,2026-09-06 03:13:00,user_420,Great technology update,#Cricket,655,133,59,Mumbai,Positive,847
6289,2026-09-06 03:17:00,user_500,I love this new AI tool,#DataAnalytics,322,34,61,Pune,Positive,417
8569,2026-09-06 03:23:00,user_69,Great work by the team,#Trending,60,167,57,Mumbai,Positive,284
3435,2026-09-06 03:24:00,user_4,Excellent cricket match,#AI,244,199,71,Bengaluru,Positive,514
4564,2026-09-06 03:27:00,user_282,Excellent cricket match,#Python,637,165,76,Mumbai,Positive,878
6327,2026-09-06 03:33:00,user_346,Technology update today,#Python,922,71,12,Hyderabad,Neutral,1005
2991,2026-09-06 03:41:00,user_101,Amazing fitness progress,#Python,699,163,20,Chennai,Positive,882
9526,2026-09-06 03:41:00,user_324,Excellent cricket match,#AI,231,156,64,Chennai,Positive,451
4082,2026-09-06 03:45:00,user_378,Python is really useful,#Bengaluru,758,24,56,Mumbai,Neutral,838
5710,2026-09-06 03:48:00,user_312,AI news update,#Bengaluru,263,42,66,Hyderabad,Neutral,371
1047,2026-09-06 03:54:00,user_396,Beautiful day in Bengaluru,#Fitness,801,82,81,Mumbai,Positive,964
3264,2026-09-06 03:59:00,user_140,Poor performance today,#Technology,205,99,79,Bengaluru,Negative,383
9379,2026-09-06 04:02:00,user_401,New information available,#Technology,727,33,21,Delhi,Neutral,781
465,2026-09-06 04:02:00,user_401,Python is really useful,#Technology,672,145,18,Pune,Neutral,835
26,2026-09-06 04:12:00,user_104,AI news update,#DataAnalytics,750,7,9,Pune,Neutral,766
9761,2026-09-06 04:14:00,user_329,Technology update today,#Trending,99,70,23,Pune,Neutral,192
3828,2026-09-06 04:16:00,user_91,Cricket match scheduled today,#Python,939,140,26,Bengaluru,Neutral,1105
8260,2026-09-06 04:24:00,user_201,Great work by the team,#DataAnalytics,253,115,59,Hyderabad,Positive,427
7497,2026-09-06 04:38:00,user_169,Excellent cricket match,#Cricket,38,126,64,Delhi,Positive,228
4700,2026-09-06 04:41:00,user_330,Fitness workout completed,#AI,249,10,42,Delhi,Neutral,301
9114,2026-09-06 04:43:00,user_298,Excellent cricket match,#Bengaluru,332,162,64,Delhi,Positive,558
777,2026-09-06 04:49:00,user_192,Amazing fitness progress,#Cricket,648,9,98,Bengaluru,Positive,755
3851,2026-09-06 04:50:00,user_229,Cricket match scheduled today,#Bengaluru,944,133,6,Bengaluru,Neutral,1083
8384,2026-09-06 04:55:00,user_339,Beautiful day in Bengaluru,#Cricket,279,154,21,Pune,Positive,454
6704,2026-09-06 04:58:00,user_490,This failed again,#Bengaluru,781,58,71,Pune,Negative,910
1519,2026-09-06 05:03:00,user_40,Fitness workout completed,#DataAnalytics,985,35,57,Bengaluru,Neutral,1077
7931,2026-09-06 05:03:00,user_226,Beautiful day in Bengaluru,#Python,399,63,100,Chennai,Positive,562
4601,2026-09-06 05:08:00,user_479,Poor performance today,#Bengaluru,332,129,78,Delhi,Negative,539
9015,2026-09-06 05:08:00,user_189,Great work by the team,#DataAnalytics,687,199,88,Bengaluru,Positive,974
3591,2026-09-06 05:09:00,user_144,Python is really useful,#Trending,688,106,9,Bengaluru,Neutral,803
7078,2026-09-06 05:13:00,user_430,Python project discussion,#Trending,232,154,42,Mumbai,Neutral,428
1872,2026-09-06 05:14:00,user_307,Fitness workout completed,#DataAnalytics,819,80,27,Pune,Neutral,926
7852,2026-09-06 05:27:00,user_488,Python project discussion,#DataAnalytics,875,53,19,Delhi,Neutral,947
710,2026-09-06 05:28:00,user_130,Beautiful day in Bengaluru,#Trending,837,154,14,Pune,Positive,1005
3770,2026-09-06 05:29:00,user_382,Amazing fitness progress,#DataAnalytics,839,145,52,Mumbai,Positive,1036
5470,2026-09-06 05:32:00,user_167,Fitness workout completed,#Python,686,154,30,Delhi,Neutral,870
8969,2026-09-06 05:36:00,user_338,I am angry about this,#DataAnalytics,720,26,19,Bengaluru,Negative,765
8200,2026-09-06 05:40:00,user_282,Data analytics session today,#AI,518,138,45,Pune,Neutral,701
5656,2026-09-06 05:45:00,user_88,Excellent cricket match,#Trending,888,79,17,Bengaluru,Positive,984
2960,2026-09-06 05:49:00,user_338,Great work by the team,#AI,500,13,61,Hyderabad,Positive,574
2824,2026-09-06 05:49:00,user_23,Data analytics session today,#AI,747,158,70,Hyderabad,Neutral,975
2581,2026-09-06 05:56:00,user_236,Technology update today,#AI,929,158,44,Chennai,Neutral,1131
1634,2026-09-06 06:09:00,user_42,Cricket match scheduled today,#DataAnalytics,810,98,19,Mumbai,Neutral,927
3226,2026-09-06 06:09:00,user_405,AI news update,#DataAnalytics,811,118,41,Pune,Neutral,970
1445,2026-09-06 06:21:00,user_204,Poor performance today,#Python,63,37,89,Delhi,Negative,189
7857,2026-09-06 06:23:00,user_330,Data analytics session today,#DataAnalytics,598,14,72,Mumbai,Neutral,684
8088,2026-09-06 06:36:00,user_364,I love this new AI tool,#Python,186,7,69,Chennai,Positive,262
4825,2026-09-06 06:45:00,user_74,Poor performance today,#Bengaluru,798,133,50,Pune,Negative,981
8990,2026-09-06 06:50:00,user_419,Cricket match scheduled today,#Bengaluru,19,60,49,Chennai,Neutral,128
4315,2026-09-06 06:51:00,user_426,This failed again,#Cricket,233,192,48,Delhi,Negative,473
1115,2026-09-06 06:52:00,user_306,Amazing experience today,#AI,215,130,76,Delhi,Positive,421
5737,2026-09-06 06:54:00,user_76,Python is really useful,#Technology,920,92,49,Delhi,Neutral,1061
2454,2026-09-06 07:07:00,user_57,Fitness workout completed,#Technology,639,114,82,Delhi,Neutral,835
7663,2026-09-06 07:07:00,user_133,Python project discussion,#Technology,218,57,40,Bengaluru,Neutral,315
9750,2026-09-06 07:07:00,user_183,Amazing fitness progress,#Trending,943,115,2,Delhi,Positive,1060
6191,2026-09-06 07:10:00,user_161,Beautiful day in Bengaluru,#AI,508,70,68,Mumbai,Positive,646
2501,2026-09-06 07:17:00,user_487,Cricket match scheduled today,#DataAnalytics,425,107,78,Delhi,Neutral,610
5831,2026-09-06 07:32:00,user_299,Great work by the team,#Cricket,638,107,55,Delhi,Positive,800
4341,2026-09-06 07:45:00,user_167,Technology update today,#Trending,315,137,22,Mumbai,Neutral,474
3269,2026-09-06 07:51:00,user_174,I am angry about this,#Cricket,473,83,15,Mumbai,Negative,571
9807,2026-09-06 07:54:00,user_160,I am angry about this,#Trending,857,144,32,Delhi,Negative,1033
4919,2026-09-06 07:54:00,user_170,I am angry about this,#AI,370,15,21,Delhi,Negative,406
9553,2026-09-06 08:02:00,user_46,Python project discussion,#Fitness,172,195,46,Mumbai,Neutral,413
6785,2026-09-06 08:12:00,user_194,Amazing fitness progress,#Bengaluru,605,172,11,Mumbai,Positive,788
75,2026-09-06 08:13:00,user_286,Python project discussion,#AI,11,150,11,Chennai,Neutral,172
8013,2026-09-06 08:19:00,user_260,Amazing fitness progress,#Fitness,256,181,20,Delhi,Positive,457
9339,2026-09-06 08:29:00,user_461,I hate this problem,#Bengaluru,433,46,51,Pune,Negative,530
3498,2026-09-06 08:30:00,user_240,Beautiful day in Bengaluru,#Fitness,882,194,98,Delhi,Positive,1174
1401,2026-09-06 08:42:00,user_268,Great technology update,#Cricket,266,146,85,Chennai,Positive,497
1476,2026-09-06 08:59:00,user_284,Python is really useful,#Bengaluru,383,36,48,Hyderabad,Neutral,467
5662,2026-09-06 09:04:00,user_376,AI news update,#Cricket,860,113,88,Pune,Neutral,1061
4063,2026-09-06 09:05:00,user_75,Fitness workout completed,#DataAnalytics,861,81,55,Pune,Neutral,997
2476,2026-09-06 09:05:00,user_376,Great work by the team,#DataAnalytics,582,86,39,Pune,Positive,707
2128,2026-09-06 09:14:00,user_70,Python project discussion,#Cricket,530,79,28,Mumbai,Neutral,637
1511,2026-09-06 09:16:00,user_79,Technology update today,#AI,266,84,9,Delhi,Neutral,359
7206,2026-09-06 09:20:00,user_454,Bad experience today,#Fitness,202,168,76,Chennai,Negative,446
99,2026-09-06 09:22:00,user_408,Amazing fitness progress,#Python,550,182,72,Hyderabad,Positive,804
528,2026-09-06 09:24:00,user_244,Amazing fitness progress,#Trending,508,179,8,Bengaluru,Positive,695
6398,2026-09-06 09:26:00,user_10,Great technology update,#Python,458,190,7,Hyderabad,Positive,655
2894,2026-09-06 09:29:00,user_128,Python is really useful,#AI,988,178,25,Delhi,Neutral,1191
8,2026-09-06 09:31:00,user_495,Amazing fitness progress,#Trending,981,78,5,Hyderabad,Positive,1064
954,2026-09-06 09:37:00,user_1,Worst experience ever,#Cricket,75,133,44,Mumbai,Negative,252
2210,2026-09-06 09:50:00,user_337,Bad experience today,#Fitness,533,62,43,Bengaluru,Negative,638
122,2026-09-06 09:57:00,user_407,Python is really useful,#Technology,685,70,51,Pune,Neutral,806
8983,2026-09-06 10:02:00,user_146,Beautiful day in Bengaluru,#Fitness,440,172,48,Mumbai,Positive,660
854,2026-09-06 10:03:00,user_231,Beautiful day in Bengaluru,#Trending,543,83,64,Pune,Positive,690
3183,2026-09-06 10:06:00,user_403,Great technology update,#Technology,367,7,11,Pune,Positive,385
4050,2026-09-06 10:10:00,user_361,Python is really useful,#Trending,753,80,32,Chennai,Neutral,865
8570,2026-09-06 10:12:00,user_86,Technology update today,#AI,743,7,88,Chennai,Neutral,838
9278,2026-09-06 10:16:00,user_480,Technology update today,#DataAnalytics,308,54,27,Chennai,Neutral,389
4276,2026-09-06 10:23:00,user_430,Technology update today,#Python,546,102,74,Delhi,Neutral,722
180,2026-09-06 10:24:00,user_82,Great work by the team,#AI,246,42,52,Mumbai,Positive,340
5690,2026-09-06 10:26:00,user_442,Terrible service,#AI,313,79,50,Hyderabad,Negative,442
5722,2026-09-06 10:27:00,user_226,Python is really useful,#Bengaluru,700,46,93,Delhi,Neutral,839
1083,2026-09-06 10:29:00,user_321,New information available,#Technology,911,78,2,Hyderabad,Neutral,991
8840,2026-09-06 10:49:00,user_367,Great technology update,#Bengaluru,318,71,11,Mumbai,Positive,400
2930,2026-09-06 10:49:00,user_406,New information available,#Bengaluru,849,134,75,Pune,Neutral,1058
2392,2026-09-06 11:02:00,user_161,Great work by the team,#Python,582,169,29,Pune,Positive,780
7916,2026-09-06 11:03:00,user_160,Fitness workout completed,#DataAnalytics,914,118,88,Bengaluru,Neutral,1120
2908,2026-09-06 11:07:00,user_77,Data analytics session today,#Bengaluru,789,17,57,Pune,Neutral,863
4306,2026-09-06 11:18:00,user_487,Amazing experience today,#Python,617,23,71,Mumbai,Positive,711
206,2026-09-06 11:19:00,user_1,Poor performance today,#Python,899,154,50,Chennai,Negative,1103
3447,2026-09-06 11:26:00,user_343,I love this new AI tool,#Bengaluru,322,107,38,Bengaluru,Positive,467
9268,2026-09-06 11:32:00,user_439,Amazing fitness progress,#Cricket,405,98,52,Bengaluru,Positive,555
7016,2026-09-06 11:33:00,user_442,Excellent cricket match,#Python,272,118,40,Hyderabad,Positive,430
9624,2026-09-06 11:34:00,user_30,Data analytics session today,#Trending,837,83,21,Delhi,Neutral,941
8917,2026-09-06 11:42:00,user_338,New information available,#Bengaluru,149,48,4,Delhi,Neutral,201
3373,2026-09-06 11:44:00,user_235,Python project discussion,#Trending,677,87,60,Mumbai,Neutral,824
9537,2026-09-06 11:53:00,user_339,Worst experience ever,#Technology,390,123,79,Chennai,Negative,592
4218,2026-09-06 12:08:00,user_191,I love this new AI tool,#AI,792,179,26,Chennai,Positive,997
7590,2026-09-06 12:08:00,user_112,Excellent cricket match,#Fitness,807,130,100,Pune,Positive,1037
3437,2026-09-06 12:15:00,user_135,Technology update today,#DataAnalytics,73,145,37,Mumbai,Neutral,255
4169,2026-09-06 12:19:00,user_467,This failed again,#AI,690,37,90,Delhi,Negative,817
9736,2026-09-06 12:26:00,user_60,Great technology update,#AI,126,122,61,Delhi,Positive,309
3270,2026-09-06 12:29:00,user_246,Amazing experience today,#Trending,91,105,9,Pune,Positive,205
3326,2026-09-06 12:30:00,user_456,Technology update today,#DataAnalytics,437,47,57,Chennai,Neutral,541
2724,2026-09-06 12:39:00,user_385,Python is really useful,#Technology,268,138,2,Pune,Neutral,408
6799,2026-09-06 12:42:00,user_403,Bad experience today,#DataAnalytics,172,153,82,Delhi,Negative,407
3689,2026-09-06 12:43:00,user_139,Weather update from Bengaluru,#Fitness,183,7,97,Chennai,Neutral,287
2738,2026-09-06 12:44:00,user_23,Amazing experience today,#Fitness,287,152,85,Chennai,Positive,524
8901,2026-09-06 12:46:00,user_283,Great technology update,#AI,684,61,63,Hyderabad,Positive,808
7633,2026-09-06 12:47:00,user_240,I hate this problem,#Technology,768,136,67,Chennai,Negative,971
2840,2026-09-06 12:55:00,user_12,I love this new AI tool,#Trending,484,68,6,Mumbai,Positive,558
8533,2026-09-06 12:56:00,user_436,Great work by the team,#Trending,868,63,11,Delhi,Positive,942
2968,2026-09-06 12:57:00,user_361,Amazing experience today,#Python,909,91,72,Chennai,Positive,1072
1161,2026-09-06 13:02:00,user_315,Cricket match scheduled today,#Bengaluru,972,116,83,Bengaluru,Neutral,1171
2556,2026-09-06 13:04:00,user_172,I am angry about this,#AI,801,154,41,Hyderabad,Negative,996
9587,2026-09-06 13:07:00,user_193,Great work by the team,#DataAnalytics,752,71,20,Chennai,Positive,843
520,2026-09-06 13:11:00,user_180,Poor performance today,#AI,48,160,36,Mumbai,Negative,244
6270,2026-09-06 13:13:00,user_358,Amazing experience today,#AI,621,131,13,Pune,Positive,765
711,2026-09-06 13:23:00,user_96,Amazing experience today,#AI,425,133,76,Bengaluru,Positive,634
9692,2026-09-06 13:23:00,user_225,Poor performance today,#Fitness,167,107,54,Hyderabad,Negative,328
1279,2026-09-06 13:25:00,user_474,Amazing fitness progress,#Fitness,408,104,65,Pune,Positive,577
8195,2026-09-06 13:27:00,user_152,Very disappointing result,#Cricket,429,129,82,Mumbai,Neutral,640
3008,2026-09-06 13:27:00,user_112,I love this new AI tool,#Cricket,386,63,62,Chennai,Positive,511
5322,2026-09-06 13:32:00,user_76,Python project discussion,#Technology,565,62,62,Chennai,Neutral,689
6554,2026-09-06 13:36:00,user_359,Data analytics session today,#DataAnalytics,842,171,65,Bengaluru,Neutral,1078
5503,2026-09-06 13:37:00,user_145,New information available,#Fitness,391,35,52,Delhi,Neutral,478
828,2026-09-06 13:38:00,user_113,New information available,#AI,738,66,90,Delhi,Neutral,894
4457,2026-09-06 13:39:00,user_32,Excellent cricket match,#Trending,867,1,54,Hyderabad,Positive,922
2235,2026-09-06 13:45:00,user_170,Fitness workout completed,#DataAnalytics,748,156,8,Delhi,Neutral,912
4980,2026-09-06 13:49:00,user_22,Cricket match scheduled today,#Trending,264,106,33,Hyderabad,Neutral,403
8066,2026-09-06 13:49:00,user_398,This failed again,#Python,912,199,94,Delhi,Negative,1205
2293,2026-09-06 13:54:00,user_245,Technology update today,#Technology,701,110,99,Chennai,Neutral,910
5246,2026-09-06 13:55:00,user_61,Great technology update,#DataAnalytics,44,158,22,Pune,Positive,224
4982,2026-09-06 13:55:00,user_282,Beautiful day in Bengaluru,#DataAnalytics,356,164,36,Hyderabad,Positive,556
771,2026-09-06 13:59:00,user_451,Technology update today,#Bengaluru,836,143,87,Mumbai,Neutral,1066
3010,2026-09-06 14:00:00,user_268,Python is really useful,#Technology,157,87,55,Pune,Neutral,299
3048,2026-09-06 14:00:00,user_127,Beautiful day in Bengaluru,#Cricket,361,98,12,Chennai,Positive,471
1618,2026-09-06 14:02:00,user_3,Fitness workout completed,#Cricket,703,29,18,Hyderabad,Neutral,750
7011,2026-09-06 14:10:00,user_97,Python is really useful,#AI,126,86,50,Mumbai,Neutral,262
3760,2026-09-06 14:14:00,user_209,Great technology update,#Trending,561,34,64,Pune,Positive,659
9755,2026-09-06 14:19:00,user_56,New information available,#Cricket,738,57,19,Delhi,Neutral,814
6818,2026-09-06 14:20:00,user_63,This failed again,#Cricket,404,61,8,Chennai,Negative,473
3224,2026-09-06 14:21:00,user_178,Great work by the team,#AI,286,67,12,Bengaluru,Positive,365
1948,2026-09-06 14:30:00,user_111,Python is really useful,#Python,568,177,59,Hyderabad,Neutral,804
2450,2026-09-06 14:31:00,user_311,I love this new AI tool,#Fitness,127,117,93,Delhi,Positive,337
5111,2026-09-06 14:39:00,user_202,Great work by the team,#AI,584,102,43,Chennai,Positive,729
2318,2026-09-06 14:41:00,user_199,Great technology update,#DataAnalytics,290,173,32,Delhi,Positive,495
5574,2026-09-06 14:41:00,user_443,AI news update,#Python,163,65,4,Bengaluru,Neutral,232
5238,2026-09-06 14:43:00,user_4,Great technology update,#DataAnalytics,946,84,100,Chennai,Positive,1130
873,2026-09-06 14:44:00,user_183,Very disappointing result,#AI,92,6,47,Pune,Neutral,145
4530,2026-09-06 14:46:00,user_97,Very disappointing result,#Technology,667,55,67,Mumbai,Neutral,789
6021,2026-09-06 14:48:00,user_27,Beautiful day in Bengaluru,#Cricket,697,147,52,Delhi,Positive,896
354,2026-09-06 14:48:00,user_344,This failed again,#Python,169,189,81,Mumbai,Negative,439
9904,2026-09-06 14:53:00,user_19,I love this new AI tool,#Trending,818,140,27,Pune,Positive,985
8603,2026-09-06 14:53:00,user_241,New information available,#DataAnalytics,140,9,27,Pune,Neutral,176
1378,2026-09-06 14:56:00,user_280,Fitness workout completed,#DataAnalytics,297,142,36,Bengaluru,Neutral,475
2364,2026-09-06 14:59:00,user_496,Bad experience today,#Fitness,908,29,79,Hyderabad,Negative,1016
7029,2026-09-06 15:00:00,user_291,AI news update,#AI,566,180,71,Chennai,Neutral,817
330,2026-09-06 15:01:00,user_252,Technology update today,#Fitness,930,137,54,Pune,Neutral,1121
9792,2026-09-06 15:01:00,user_413,Beautiful day in Bengaluru,#DataAnalytics,904,42,4,Bengaluru,Positive,950
3843,2026-09-06 15:04:00,user_328,Bad experience today,#AI,446,78,18,Bengaluru,Negative,542
463,2026-09-06 15:11:00,user_262,Great work by the team,#Fitness,79,199,58,Delhi,Positive,336
5171,2026-09-06 15:14:00,user_268,Great work by the team,#Trending,81,64,28,Delhi,Positive,173
8009,2026-09-06 15:18:00,user_312,I love this new AI tool,#AI,64,52,69,Bengaluru,Positive,185
9650,2026-09-06 15:29:00,user_419,Python is really useful,#Python,439,128,61,Mumbai,Neutral,628
8949,2026-09-06 15:31:00,user_226,Fitness workout completed,#AI,708,140,56,Bengaluru,Neutral,904
648,2026-09-06 15:44:00,user_214,Poor performance today,#Bengaluru,516,179,11,Hyderabad,Negative,706
9387,2026-09-06 15:48:00,user_155,This failed again,#Technology,793,61,36,Bengaluru,Negative,890
725,2026-09-06 15:55:00,user_131,Fitness workout completed,#AI,18,36,63,Chennai,Neutral,117
2717,2026-09-06 16:03:00,user_357,Excellent cricket match,#Cricket,802,145,85,Hyderabad,Positive,1032
9077,2026-09-06 16:10:00,user_29,Great technology update,#Python,84,123,1,Delhi,Positive,208
6894,2026-09-06 16:23:00,user_31,I love this new AI tool,#Technology,288,137,21,Pune,Positive,446
7553,2026-09-06 16:30:00,user_344,AI news update,#Cricket,201,13,26,Pune,Neutral,240
6468,2026-09-06 16:35:00,user_301,Great technology update,#Trending,246,166,39,Mumbai,Positive,451
1706,2026-09-06 16:36:00,user_347,AI news update,#Technology,970,86,54,Chennai,Neutral,1110
8694,2026-09-06 16:38:00,user_15,Great work by the team,#Technology,810,97,17,Chennai,Positive,924
1140,2026-09-06 16:43:00,user_409,Beautiful day in Bengaluru,#AI,604,18,64,Bengaluru,Positive,686
1331,2026-09-06 16:43:00,user_49,I am angry about this,#Bengaluru,816,107,29,Bengaluru,Negative,952
8696,2026-09-06 16:45:00,user_185,Amazing experience today,#DataAnalytics,926,6,74,Chennai,Positive,1006
4147,2026-09-06 16:45:00,user_380,Fitness workout completed,#Technology,183,2,30,Mumbai,Neutral,215
696,2026-09-06 16:46:00,user_132,Python is really useful,#Fitness,207,40,68,Mumbai,Neutral,315
5855,2026-09-06 16:50:00,user_201,I love this new AI tool,#Cricket,666,95,25,Bengaluru,Positive,786
5267,2026-09-06 16:57:00,user_407,Great work by the team,#Fitness,773,180,88,Hyderabad,Positive,1041
8871,2026-09-06 16:57:00,user_251,Amazing fitness progress,#Trending,63,105,80,Pune,Positive,248
3768,2026-09-06 16:59:00,user_187,Cricket match scheduled today,#Fitness,428,109,23,Pune,Neutral,560
2199,2026-09-06 17:01:00,user_152,Very disappointing result,#DataAnalytics,376,169,53,Mumbai,Neutral,598
4858,2026-09-06 17:05:00,user_188,I hate this problem,#Cricket,435,172,8,Pune,Negative,615
1676,2026-09-06 17:14:00,user_417,Data analytics session today,#DataAnalytics,475,193,78,Chennai,Neutral,746
782,2026-09-06 17:16:00,user_250,AI news update,#Python,32,69,40,Hyderabad,Neutral,141
7667,2026-09-06 17:18:00,user_347,Amazing fitness progress,#Cricket,956,13,32,Hyderabad,Positive,1001
2380,2026-09-06 17:18:00,user_274,Amazing experience today,#Fitness,303,112,28,Delhi,Positive,443
88,2026-09-06 17:23:00,user_13,I love this new AI tool,#Python,126,100,53,Mumbai,Positive,279
763,2026-09-06 17:24:00,user_126,Very disappointing result,#Cricket,709,192,31,Pune,Neutral,932
6782,2026-09-06 17:25:00,user_223,Data analytics session today,#Python,672,40,45,Chennai,Neutral,757
3402,2026-09-06 17:29:00,user_159,Terrible service,#Bengaluru,398,1,23,Chennai,Negative,422
3431,2026-09-06 17:32:00,user_47,Great work by the team,#AI,812,22,96,Hyderabad,Positive,930
1302,2026-09-06 17:33:00,user_439,Great work by the team,#Bengaluru,529,75,18,Bengaluru,Positive,622
6611,2026-09-06 17:38:00,user_413,Poor performance today,#Bengaluru,964,170,2,Hyderabad,Negative,1136
9473,2026-09-06 17:39:00,user_388,Amazing fitness progress,#AI,218,79,2,Delhi,Positive,299
9193,2026-09-06 17:39:00,user_201,Amazing fitness progress,#Technology,904,58,41,Bengaluru,Positive,1003
3217,2026-09-06 17:42:00,user_354,Worst experience ever,#DataAnalytics,672,159,88,Chennai,Negative,919
7,2026-09-06 17:43:00,user_415,Fitness workout completed,#DataAnalytics,411,66,33,Chennai,Neutral,510
741,2026-09-06 17:52:00,user_112,Python is really useful,#Trending,357,86,78,Chennai,Neutral,521
1077,2026-09-06 18:03:00,user_106,Amazing experience today,#Bengaluru,727,148,23,Pune,Positive,898
3889,2026-09-06 18:03:00,user_496,Excellent cricket match,#Bengaluru,366,7,49,Chennai,Positive,422
4627,2026-09-06 18:09:00,user_320,Excellent cricket match,#AI,594,155,16,Mumbai,Positive,765
3372,2026-09-06 18:09:00,user_66,Worst experience ever,#Bengaluru,55,49,43,Mumbai,Negative,147
5272,2026-09-06 18:10:00,user_287,Python is really useful,#Trending,271,126,61,Hyderabad,Neutral,458
94,2026-09-06 18:19:00,user_252,Python is really useful,#Python,583,171,62,Delhi,Neutral,816
6624,2026-09-06 18:20:00,user_47,Excellent cricket match,#AI,542,26,18,Delhi,Positive,586
8945,2026-09-06 18:24:00,user_169,Amazing fitness progress,#Cricket,81,53,38,Pune,Positive,172
6048,2026-09-06 18:33:00,user_239,Great technology update,#Fitness,965,148,9,Bengaluru,Positive,1122
156,2026-09-06 18:36:00,user_179,Excellent cricket match,#Cricket,105,153,67,Bengaluru,Positive,325
6085,2026-09-06 18:38:00,user_289,Bad experience today,#Technology,392,180,87,Delhi,Negative,659
5533,2026-09-06 18:39:00,user_341,Amazing experience today,#Cricket,442,42,100,Hyderabad,Positive,584
7996,2026-09-06 18:39:00,user_400,Very disappointing result,#DataAnalytics,655,93,30,Hyderabad,Neutral,778
3,2026-09-06 18:43:00,user_187,Great technology update,#Trending,548,132,61,Bengaluru,Positive,741
3752,2026-09-06 18:43:00,user_335,I am angry about this,#Cricket,722,13,9,Mumbai,Negative,744
8095,2026-09-06 18:47:00,user_8,Great work by the team,#Python,995,31,69,Chennai,Positive,1095
8252,2026-09-06 19:02:00,user_355,I love this new AI tool,#DataAnalytics,574,111,85,Mumbai,Positive,770
6269,2026-09-06 19:03:00,user_339,Technology update today,#Technology,112,87,63,Mumbai,Neutral,262
9126,2026-09-06 19:03:00,user_438,Beautiful day in Bengaluru,#DataAnalytics,157,88,74,Mumbai,Positive,319
6238,2026-09-06 19:22:00,user_73,Amazing fitness progress,#Trending,968,22,41,Mumbai,Positive,1031
1820,2026-09-06 19:29:00,user_28,Python is really useful,#Technology,842,127,32,Delhi,Neutral,1001
9135,2026-09-06 19:32:00,user_120,Amazing experience today,#AI,316,49,32,Mumbai,Positive,397
4225,2026-09-06 19:44:00,user_17,AI news update,#Bengaluru,559,121,59,Mumbai,Neutral,739
7091,2026-09-06 19:47:00,user_303,Great work by the team,#Fitness,156,189,17,Pune,Positive,362
4249,2026-09-06 19:57:00,user_155,Technology update today,#Cricket,440,4,35,Hyderabad,Neutral,479
2608,2026-09-06 19:59:00,user_320,Amazing experience today,#AI,238,94,4,Mumbai,Positive,336
9542,2026-09-06 20:04:00,user_149,Terrible service,#Python,70,110,82,Bengaluru,Negative,262
5339,2026-09-06 20:11:00,user_151,New information available,#Trending,91,48,19,Mumbai,Neutral,158
3170,2026-09-06 20:25:00,user_449,Python is really useful,#Technology,719,172,77,Bengaluru,Neutral,968
8199,2026-09-06 20:28:00,user_173,I love this new AI tool,#Technology,316,70,44,Hyderabad,Positive,430
2475,2026-09-06 20:30:00,user_456,Beautiful day in Bengaluru,#Trending,123,165,53,Mumbai,Positive,341
7441,2026-09-06 20:30:00,user_14,Data analytics session today,#Bengaluru,922,190,25,Delhi,Neutral,1137
6649,2026-09-06 20:38:00,user_226,Fitness workout completed,#Python,503,9,1,Pune,Neutral,513
8389,2026-09-06 20:39:00,user_477,I love this new AI tool,#Trending,292,109,6,Bengaluru,Positive,407
1158,2026-09-06 20:41:00,user_96,Fitness workout completed,#Cricket,823,9,80,Delhi,Neutral,912
2869,2026-09-06 20:44:00,user_464,Great technology update,#Bengaluru,508,119,77,Pune,Positive,704
2107,2026-09-06 20:46:00,user_378,I hate this problem,#Bengaluru,496,25,96,Hyderabad,Negative,617
8725,2026-09-06 20:48:00,user_148,Weather update from Bengaluru,#Fitness,29,1,40,Chennai,Neutral,70
9207,2026-09-06 20:52:00,user_233,Data analytics session today,#Technology,198,145,39,Mumbai,Neutral,382
9083,2026-09-06 20:54:00,user_121,Great technology update,#Fitness,817,102,34,Hyderabad,Positive,953
332,2026-09-06 20:58:00,user_24,New information available,#Python,837,94,39,Pune,Neutral,970
4221,2026-09-06 21:05:00,user_409,Cricket match scheduled today,#AI,899,58,70,Chennai,Neutral,1027
7797,2026-09-06 21:10:00,user_379,AI news update,#DataAnalytics,483,187,46,Pune,Neutral,716
5826,2026-09-06 21:16:00,user_82,Excellent cricket match,#Trending,842,21,34,Chennai,Positive,897
7578,2026-09-06 21:16:00,user_429,Data analytics session today,#Technology,187,189,30,Chennai,Neutral,406
7525,2026-09-06 21:30:00,user_101,Python project discussion,#Python,388,142,72,Hyderabad,Neutral,602
3524,2026-09-06 21:32:00,user_239,I love this new AI tool,#Bengaluru,929,59,17,Chennai,Positive,1005
2266,2026-09-06 21:37:00,user_468,Very disappointing result,#Fitness,898,163,61,Mumbai,Neutral,1122
5851,2026-09-06 21:42:00,user_496,Python is really useful,#DataAnalytics,253,106,95,Mumbai,Neutral,454
5582,2026-09-06 21:43:00,user_100,Fitness workout completed,#Fitness,741,123,91,Bengaluru,Neutral,955
1803,2026-09-06 21:53:00,user_254,Fitness workout completed,#Fitness,764,30,12,Pune,Neutral,806
2538,2026-09-06 21:55:00,user_21,Great technology update,#Bengaluru,444,7,94,Pune,Positive,545
433,2026-09-06 21:58:00,user_237,Python project discussion,#Bengaluru,489,18,37,Delhi,Neutral,544
2167,2026-09-06 22:00:00,user_440,Beautiful day in Bengaluru,#Technology,750,138,32,Delhi,Positive,920
7164,2026-09-06 22:04:00,user_110,Beautiful day in Bengaluru,#AI,89,5,78,Pune,Positive,172
8550,2026-09-06 22:06:00,user_35,Great work by the team,#Fitness,843,27,46,Delhi,Positive,916
1964,2026-09-06 22:07:00,user_20,Python project discussion,#AI,214,98,16,Pune,Neutral,328
6760,2026-09-06 22:07:00,user_263,Great technology update,#Fitness,781,193,15,Chennai,Positive,989
2703,2026-09-06 22:13:00,user_155,Cricket match scheduled today,#Bengaluru,520,76,64,Bengaluru,Neutral,660
9352,2026-09-06 22:18:00,user_146,Bad experience today,#Technology,209,17,42,Bengaluru,Negative,268
7255,2026-09-06 22:21:00,user_400,Worst experience ever,#Cricket,177,146,27,Hyderabad,Negative,350
4918,2026-09-06 22:22:00,user_28,New information available,#Cricket,954,164,57,Mumbai,Neutral,1175
7871,2026-09-06 22:28:00,user_275,Data analytics session today,#Cricket,145,13,46,Hyderabad,Neutral,204
8963,2026-09-06 22:34:00,user_43,I love this new AI tool,#DataAnalytics,513,127,50,Chennai,Positive,690
2583,2026-09-06 22:40:00,user_371,Amazing experience today,#DataAnalytics,166,54,58,Pune,Positive,278
9052,2026-09-06 22:41:00,user_79,Very disappointing result,#AI,167,161,77,Delhi,Neutral,405
3830,2026-09-06 22:50:00,user_418,Great technology update,#Bengaluru,493,155,28,Bengaluru,Positive,676
7569,2026-09-06 22:52:00,user_120,Great technology update,#DataAnalytics,687,138,24,Hyderabad,Positive,849
8309,2026-09-06 22:53:00,user_436,I love this new AI tool,#Fitness,411,73,18,Hyderabad,Positive,502
5068,2026-09-06 22:59:00,user_383,Very disappointing result,#Bengaluru,305,142,1,Bengaluru,Neutral,448
222,2026-09-06 23:17:00,user_328,Amazing fitness progress,#Bengaluru,394,10,97,Bengaluru,Positive,501
4262,2026-09-06 23:18:00,user_285,Beautiful day in Bengaluru,#AI,837,192,7,Delhi,Positive,1036
7458,2026-09-06 23:22:00,user_220,Worst experience ever,#Cricket,844,117,83,Chennai,Negative,1044
3391,2026-09-06 23:26:00,user_458,Cricket match scheduled today,#Python,403,15,69,Pune,Neutral,487
3145,2026-09-06 23:32:00,user_326,Cricket match scheduled today,#Fitness,558,49,47,Delhi,Neutral,654
2700,2026-09-06 23:44:00,user_86,Data analytics session today,#AI,33,119,83,Delhi,Neutral,235
9373,2026-09-06 23:50:00,user_415,Poor performance today,#Python,32,49,49,Bengaluru,Negative,130
7448,2026-09-06 23:51:00,user_260,Python is really useful,#DataAnalytics,120,133,86,Bengaluru,Neutral,339
8341,2026-09-07 00:02:00,user_142,Bad experience today,#AI,629,166,5,Delhi,Negative,800
1796,2026-09-07 00:05:00,user_432,Very disappointing result,#DataAnalytics,983,75,38,Hyderabad,Neutral,1096
4821,2026-09-07 00:30:00,user_366,Cricket match scheduled today,#Cricket,209,69,84,Chennai,Neutral,362
8715,2026-09-07 00:33:00,user_172,I hate this problem,#Trending,637,61,99,Hyderabad,Negative,797
8873,2026-09-07 00:34:00,user_51,Great work by the team,#Python,630,200,96,Chennai,Positive,926
8426,2026-09-07 00:48:00,user_237,AI news update,#Python,821,63,33,Bengaluru,Neutral,917
8589,2026-09-07 00:50:00,user_186,Technology update today,#Technology,956,137,85,Mumbai,Neutral,1178
8050,2026-09-07 00:54:00,user_93,I hate this problem,#Fitness,436,147,2,Bengaluru,Negative,585
4187,2026-09-07 00:57:00,user_82,Bad experience today,#Trending,67,134,56,Mumbai,Negative,257
1294,2026-09-07 00:58:00,user_455,Fitness workout completed,#AI,959,125,76,Delhi,Neutral,1160
3994,2026-09-07 00:59:00,user_475,Terrible service,#DataAnalytics,928,105,17,Mumbai,Negative,1050
2063,2026-09-07 01:00:00,user_123,Technology update today,#AI,240,133,15,Bengaluru,Neutral,388
2344,2026-09-07 01:03:00,user_495,Great technology update,#Trending,815,84,28,Mumbai,Positive,927
7953,2026-09-07 01:04:00,user_465,Cricket match scheduled today,#Fitness,621,148,59,Delhi,Neutral,828
6469,2026-09-07 01:04:00,user_117,I love this new AI tool,#AI,259,187,35,Pune,Positive,481
303,2026-09-07 01:12:00,user_172,Bad experience today,#Trending,382,38,80,Delhi,Negative,500
3985,2026-09-07 01:13:00,user_163,Data analytics session today,#Python,867,17,27,Chennai,Neutral,911
8726,2026-09-07 01:13:00,user_415,Poor performance today,#Python,925,98,77,Pune,Negative,1100
9499,2026-09-07 01:14:00,user_55,I am angry about this,#DataAnalytics,209,85,58,Pune,Negative,352
3588,2026-09-07 01:16:00,user_30,I love this new AI tool,#Python,73,18,67,Pune,Positive,158
5529,2026-09-07 01:20:00,user_132,Cricket match scheduled today,#Technology,94,79,90,Delhi,Neutral,263
5022,2026-09-07 01:23:00,user_142,Great technology update,#Fitness,754,129,73,Pune,Positive,956
7002,2026-09-07 01:29:00,user_474,Amazing fitness progress,#Cricket,788,22,84,Bengaluru,Positive,894
2328,2026-09-07 01:34:00,user_240,Excellent cricket match,#Bengaluru,140,200,24,Chennai,Positive,364
9768,2026-09-07 02:07:00,user_403,Great work by the team,#Cricket,684,64,4,Delhi,Positive,752
3954,2026-09-07 02:07:00,user_73,Great work by the team,#Cricket,674,117,44,Pune,Positive,835
5453,2026-09-07 02:10:00,user_124,Amazing experience today,#AI,412,72,40,Bengaluru,Positive,524
2092,2026-09-07 02:14:00,user_322,Beautiful day in Bengaluru,#Python,719,117,29,Chennai,Positive,865
7516,2026-09-07 02:14:00,user_320,Great technology update,#Cricket,823,194,50,Pune,Positive,1067
4441,2026-09-07 02:16:00,user_453,Great work by the team,#Trending,522,53,95,Hyderabad,Positive,670
7459,2026-09-07 02:21:00,user_161,Amazing experience today,#Technology,398,35,42,Chennai,Positive,475
2230,2026-09-07 02:24:00,user_60,Python project discussion,#Python,368,114,52,Bengaluru,Neutral,534
4379,2026-09-07 02:26:00,user_388,Poor performance today,#DataAnalytics,717,146,42,Pune,Negative,905
9781,2026-09-07 02:26:00,user_283,I love this new AI tool,#Python,126,47,51,Chennai,Positive,224
6024,2026-09-07 02:29:00,user_318,This failed again,#Technology,937,109,11,Pune,Negative,1057
6086,2026-09-07 02:30:00,user_123,Great technology update,#Trending,975,86,15,Pune,Positive,1076
2045,2026-09-07 02:33:00,user_84,Bad experience today,#DataAnalytics,776,1,97,Chennai,Negative,874
7703,2026-09-07 02:41:00,user_208,I am angry about this,#AI,299,103,99,Pune,Negative,501
9671,2026-09-07 02:44:00,user_274,Very disappointing result,#Trending,960,73,35,Pune,Neutral,1068
6580,2026-09-07 02:49:00,user_111,New information available,#Bengaluru,363,150,96,Pune,Neutral,609
6306,2026-09-07 02:49:00,user_282,Data analytics session today,#Python,568,189,67,Hyderabad,Neutral,824
3856,2026-09-07 02:58:00,user_65,Great work by the team,#Python,360,108,48,Pune,Positive,516
4569,2026-09-07 02:58:00,user_456,I love this new AI tool,#Trending,352,65,14,Hyderabad,Positive,431
9019,2026-09-07 02:58:00,user_441,Great work by the team,#Fitness,962,141,99,Hyderabad,Positive,1202
3570,2026-09-07 03:00:00,user_467,Amazing fitness progress,#Cricket,280,4,95,Pune,Positive,379
2826,2026-09-07 03:00:00,user_388,Weather update from Bengaluru,#Technology,760,2,51,Delhi,Neutral,813
6181,2026-09-07 03:02:00,user_127,New information available,#Trending,683,51,76,Chennai,Neutral,810
8663,2026-09-07 03:08:00,user_424,Great technology update,#Python,133,127,93,Bengaluru,Positive,353
2920,2026-09-07 03:15:00,user_99,Cricket match scheduled today,#DataAnalytics,289,79,66,Chennai,Neutral,434
5550,2026-09-07 03:25:00,user_320,This failed again,#AI,728,5,66,Bengaluru,Negative,799
3304,2026-09-07 03:27:00,user_87,AI news update,#Bengaluru,827,179,52,Bengaluru,Neutral,1058
9534,2026-09-07 03:28:00,user_469,Excellent cricket match,#Bengaluru,288,125,68,Mumbai,Positive,481
9161,2026-09-07 03:28:00,user_331,Python is really useful,#AI,784,62,2,Pune,Neutral,848
6984,2026-09-07 03:29:00,user_155,Beautiful day in Bengaluru,#Bengaluru,168,137,43,Chennai,Positive,348
4274,2026-09-07 03:31:00,user_41,Python project discussion,#Trending,838,47,2,Chennai,Neutral,887
6694,2026-09-07 03:32:00,user_122,Python is really useful,#Technology,841,26,33,Pune,Neutral,900
9155,2026-09-07 03:53:00,user_101,I love this new AI tool,#DataAnalytics,175,42,83,Pune,Positive,300
5991,2026-09-07 03:57:00,user_280,Fitness workout completed,#Bengaluru,86,178,10,Pune,Neutral,274
7745,2026-09-07 04:05:00,user_72,Great technology update,#DataAnalytics,107,149,23,Hyderabad,Positive,279
5239,2026-09-07 04:07:00,user_61,Weather update from Bengaluru,#Fitness,716,149,49,Mumbai,Neutral,914
5725,2026-09-07 04:09:00,user_256,Weather update from Bengaluru,#DataAnalytics,225,25,24,Bengaluru,Neutral,274
6167,2026-09-07 04:11:00,user_19,Worst experience ever,#AI,299,134,32,Mumbai,Negative,465
1619,2026-09-07 04:13:00,user_492,Worst experience ever,#DataAnalytics,118,184,90,Mumbai,Negative,392
7101,2026-09-07 04:16:00,user_89,I love this new AI tool,#Bengaluru,408,171,96,Mumbai,Positive,675
686,2026-09-07 04:22:00,user_312,Poor performance today,#Python,353,122,67,Mumbai,Negative,542
2893,2026-09-07 04:22:00,user_446,Amazing fitness progress,#Cricket,102,23,99,Chennai,Positive,224
1079,2026-09-07 04:32:00,user_463,Amazing fitness progress,#Python,915,68,92,Mumbai,Positive,1075
8680,2026-09-07 04:34:00,user_120,Beautiful day in Bengaluru,#AI,554,81,80,Delhi,Positive,715
2412,2026-09-07 04:38:00,user_102,Excellent cricket match,#Cricket,806,107,4,Bengaluru,Positive,917
1096,2026-09-07 04:46:00,user_156,Data analytics session today,#Cricket,505,40,73,Delhi,Neutral,618
9914,2026-09-07 04:50:00,user_330,Great technology update,#Trending,396,46,37,Delhi,Positive,479
1968,2026-09-07 04:50:00,user_419,Beautiful day in Bengaluru,#Trending,775,51,94,Delhi,Positive,920
6300,2026-09-07 04:54:00,user_334,AI news update,#DataAnalytics,582,146,24,Delhi,Neutral,752
8349,2026-09-07 04:55:00,user_383,Amazing fitness progress,#Technology,912,97,22,Chennai,Positive,1031
9412,2026-09-07 04:58:00,user_468,Great work by the team,#DataAnalytics,578,167,59,Delhi,Positive,804
9688,2026-09-07 05:01:00,user_331,Amazing fitness progress,#Fitness,97,163,77,Pune,Positive,337
5576,2026-09-07 05:01:00,user_468,I love this new AI tool,#AI,286,8,46,Chennai,Positive,340
7348,2026-09-07 05:04:00,user_385,Amazing experience today,#Fitness,718,162,33,Pune,Positive,913
5675,2026-09-07 05:15:00,user_350,Poor performance today,#Cricket,916,54,41,Bengaluru,Negative,1011
374,2026-09-07 05:20:00,user_269,Amazing fitness progress,#Technology,170,122,75,Mumbai,Positive,367
412,2026-09-07 05:24:00,user_212,Python is really useful,#Trending,549,140,4,Hyderabad,Neutral,693
9466,2026-09-07 05:28:00,user_252,Excellent cricket match,#DataAnalytics,10,106,48,Delhi,Positive,164
2215,2026-09-07 05:35:00,user_424,Great work by the team,#Cricket,205,34,37,Chennai,Positive,276
3053,2026-09-07 05:35:00,user_90,Python is really useful,#Technology,579,39,100,Hyderabad,Neutral,718
466,2026-09-07 05:41:00,user_22,Amazing experience today,#Bengaluru,143,63,64,Delhi,Positive,270
8511,2026-09-07 05:43:00,user_286,Terrible service,#DataAnalytics,752,31,42,Mumbai,Negative,825
8814,2026-09-07 05:51:00,user_376,AI news update,#Python,563,31,98,Pune,Neutral,692
3810,2026-09-07 05:57:00,user_221,Weather update from Bengaluru,#Trending,442,75,22,Delhi,Neutral,539
4403,2026-09-07 06:03:00,user_432,I am angry about this,#Python,265,194,12,Mumbai,Negative,471
6991,2026-09-07 06:04:00,user_34,Excellent cricket match,#Trending,905,158,45,Bengaluru,Positive,1108
5840,2026-09-07 06:09:00,user_482,Worst experience ever,#Cricket,263,5,73,Delhi,Negative,341
6711,2026-09-07 06:12:00,user_349,Great technology update,#Cricket,456,60,3,Bengaluru,Positive,519
456,2026-09-07 06:13:00,user_187,Bad experience today,#Technology,923,7,16,Hyderabad,Negative,946
8057,2026-09-07 06:17:00,user_324,Python is really useful,#Trending,901,154,14,Pune,Neutral,1069
2014,2026-09-07 06:27:00,user_66,New information available,#Python,880,74,16,Chennai,Neutral,970
3389,2026-09-07 06:33:00,user_51,Amazing fitness progress,#DataAnalytics,44,67,11,Pune,Positive,122
5701,2026-09-07 06:35:00,user_1,Great technology update,#Python,652,192,64,Bengaluru,Positive,908
7198,2026-09-07 06:39:00,user_284,Terrible service,#Fitness,999,9,1,Chennai,Negative,1009
286,2026-09-07 06:43:00,user_354,This failed again,#Bengaluru,91,155,9,Delhi,Negative,255
9091,2026-09-07 06:48:00,user_458,I hate this problem,#Trending,774,28,8,Delhi,Negative,810
8652,2026-09-07 06:57:00,user_42,I am angry about this,#Fitness,820,40,98,Mumbai,Negative,958
6776,2026-09-07 06:58:00,user_342,Amazing fitness progress,#AI,879,71,36,Mumbai,Positive,986
6229,2026-09-07 07:11:00,user_20,Great work by the team,#Python,967,34,30,Pune,Positive,1031
2271,2026-09-07 07:18:00,user_54,Poor performance today,#Fitness,170,44,11,Delhi,Negative,225
5810,2026-09-07 07:20:00,user_483,Technology update today,#Fitness,121,23,89,Delhi,Neutral,233
9079,2026-09-07 07:23:00,user_371,I love this new AI tool,#Cricket,479,173,91,Mumbai,Positive,743
699,2026-09-07 07:27:00,user_496,I love this new AI tool,#AI,30,55,62,Hyderabad,Positive,147
6040,2026-09-07 07:34:00,user_266,I love this new AI tool,#Bengaluru,79,32,84,Mumbai,Positive,195
8337,2026-09-07 07:40:00,user_117,Very disappointing result,#Fitness,647,5,74,Hyderabad,Neutral,726
5058,2026-09-07 07:42:00,user_382,Terrible service,#Fitness,987,71,63,Delhi,Negative,1121
2461,2026-09-07 07:44:00,user_90,Great technology update,#Fitness,384,1,42,Chennai,Positive,427
6934,2026-09-07 07:48:00,user_453,AI news update,#Technology,347,174,68,Pune,Neutral,589
7901,2026-09-07 07:52:00,user_407,Great work by the team,#Bengaluru,98,196,95,Pune,Positive,389
3807,2026-09-07 08:10:00,user_463,I love this new AI tool,#Technology,231,145,90,Chennai,Positive,466
1976,2026-09-07 08:13:00,user_290,Great technology update,#Cricket,140,154,37,Pune,Positive,331
1324,2026-09-07 08:26:00,user_68,Python project discussion,#Fitness,449,90,96,Delhi,Neutral,635
6096,2026-09-07 08:27:00,user_136,Amazing experience today,#DataAnalytics,535,72,52,Chennai,Positive,659
3862,2026-09-07 08:29:00,user_371,Excellent cricket match,#AI,254,37,49,Pune,Positive,340
7235,2026-09-07 08:32:00,user_394,I hate this problem,#Cricket,316,64,19,Mumbai,Negative,399
5334,2026-09-07 08:35:00,user_416,Amazing fitness progress,#Cricket,102,51,96,Hyderabad,Positive,249
1935,2026-09-07 08:39:00,user_175,I love this new AI tool,#Technology,753,122,47,Mumbai,Positive,922
449,2026-09-07 08:40:00,user_214,This failed again,#AI,814,200,76,Delhi,Negative,1090
7268,2026-09-07 08:42:00,user_483,I love this new AI tool,#Bengaluru,277,147,78,Pune,Positive,502
4154,2026-09-07 08:43:00,user_89,Worst experience ever,#Cricket,200,8,59,Chennai,Negative,267
7088,2026-09-07 08:45:00,user_23,Python project discussion,#Trending,463,199,97,Bengaluru,Neutral,759
5858,2026-09-07 08:46:00,user_388,Python is really useful,#Cricket,946,175,48,Bengaluru,Neutral,1169
198,2026-09-07 08:50:00,user_80,I am angry about this,#Cricket,801,200,38,Delhi,Negative,1039
8852,2026-09-07 08:50:00,user_43,Very disappointing result,#Bengaluru,115,169,10,Chennai,Neutral,294
1768,2026-09-07 09:02:00,user_16,Poor performance today,#DataAnalytics,383,4,81,Pune,Negative,468
8859,2026-09-07 09:14:00,user_396,Terrible service,#Bengaluru,979,190,87,Bengaluru,Negative,1256
6602,2026-09-07 09:20:00,user_442,I love this new AI tool,#Cricket,91,162,99,Bengaluru,Positive,352
4459,2026-09-07 09:20:00,user_276,Python project discussion,#DataAnalytics,96,129,6,Chennai,Neutral,231
362,2026-09-07 09:21:00,user_203,Cricket match scheduled today,#Trending,238,114,86,Mumbai,Neutral,438
8579,2026-09-07 09:23:00,user_352,Very disappointing result,#Bengaluru,738,131,26,Pune,Neutral,895
1195,2026-09-07 09:23:00,user_451,Python project discussion,#Bengaluru,863,89,85,Hyderabad,Neutral,1037
5756,2026-09-07 09:25:00,user_17,Beautiful day in Bengaluru,#Fitness,451,79,98,Mumbai,Positive,628
3004,2026-09-07 09:25:00,user_95,Poor performance today,#AI,798,75,66,Hyderabad,Negative,939
4410,2026-09-07 09:30:00,user_67,This failed again,#Python,265,108,2,Delhi,Negative,375
800,2026-09-07 09:32:00,user_126,Poor performance today,#Trending,345,8,41,Chennai,Negative,394
9162,2026-09-07 09:36:00,user_375,Cricket match scheduled today,#AI,725,145,80,Chennai,Neutral,950
1183,2026-09-07 09:58:00,user_284,Cricket match scheduled today,#Trending,126,12,26,Hyderabad,Neutral,164
7430,2026-09-07 10:15:00,user_137,Technology update today,#Python,788,8,49,Pune,Neutral,845
3814,2026-09-07 10:22:00,user_240,Data analytics session today,#Bengaluru,504,34,30,Hyderabad,Neutral,568
9685,2026-09-07 10:25:00,user_335,Cricket match scheduled today,#Cricket,246,45,65,Chennai,Neutral,356
1494,2026-09-07 10:28:00,user_285,Terrible service,#Trending,467,59,82,Delhi,Negative,608
7699,2026-09-07 10:34:00,user_171,Bad experience today,#Cricket,868,189,63,Mumbai,Negative,1120
1713,2026-09-07 10:36:00,user_101,Technology update today,#Fitness,846,7,49,Bengaluru,Neutral,902
8943,2026-09-07 10:36:00,user_238,Great technology update,#Python,515,150,10,Delhi,Positive,675
7804,2026-09-07 10:42:00,user_382,Fitness workout completed,#Fitness,108,162,36,Hyderabad,Neutral,306
3014,2026-09-07 10:57:00,user_459,Amazing fitness progress,#Fitness,548,35,59,Pune,Positive,642
8609,2026-09-07 11:02:00,user_34,Excellent cricket match,#Fitness,521,154,61,Hyderabad,Positive,736
9588,2026-09-07 11:03:00,user_489,Cricket match scheduled today,#DataAnalytics,491,71,11,Mumbai,Neutral,573
6169,2026-09-07 11:06:00,user_99,Weather update from Bengaluru,#Technology,706,114,95,Hyderabad,Neutral,915
1255,2026-09-07 11:06:00,user_475,Python project discussion,#Trending,192,156,95,Bengaluru,Neutral,443
2907,2026-09-07 11:07:00,user_445,Poor performance today,#Technology,843,174,93,Delhi,Negative,1110
3867,2026-09-07 11:13:00,user_139,I love this new AI tool,#Fitness,252,50,85,Delhi,Positive,387
9173,2026-09-07 11:14:00,user_318,I love this new AI tool,#AI,42,131,53,Pune,Positive,226
6740,2026-09-07 11:14:00,user_211,Great work by the team,#Trending,734,151,45,Delhi,Positive,930
5606,2026-09-07 11:22:00,user_198,Terrible service,#AI,373,174,52,Hyderabad,Negative,599
1451,2026-09-07 11:26:00,user_484,Amazing experience today,#Technology,931,94,97,Pune,Positive,1122
8730,2026-09-07 11:32:00,user_267,Poor performance today,#Trending,292,76,25,Pune,Negative,393
4488,2026-09-07 11:35:00,user_233,Amazing fitness progress,#Technology,300,17,43,Pune,Positive,360
8600,2026-09-07 11:39:00,user_37,Amazing experience today,#Cricket,621,73,54,Chennai,Positive,748
8554,2026-09-07 11:40:00,user_221,Great technology update,#DataAnalytics,874,70,80,Mumbai,Positive,1024
2062,2026-09-07 11:43:00,user_113,Amazing experience today,#Trending,704,197,85,Pune,Positive,986
308,2026-09-07 11:45:00,user_428,Python is really useful,#Trending,555,88,81,Chennai,Neutral,724
1094,2026-09-07 11:50:00,user_373,Cricket match scheduled today,#AI,289,183,90,Hyderabad,Neutral,562
4412,2026-09-07 11:50:00,user_168,Technology update today,#AI,310,168,19,Pune,Neutral,497
6643,2026-09-07 11:50:00,user_462,I love this new AI tool,#Technology,223,27,44,Hyderabad,Positive,294
8960,2026-09-07 11:59:00,user_474,Beautiful day in Bengaluru,#Cricket,304,92,36,Hyderabad,Positive,432
2158,2026-09-07 12:02:00,user_125,Amazing experience today,#DataAnalytics,840,118,95,Pune,Positive,1053
5223,2026-09-07 12:04:00,user_201,Fitness workout completed,#AI,644,123,31,Mumbai,Neutral,798
6462,2026-09-07 12:11:00,user_320,Great technology update,#DataAnalytics,270,3,55,Chennai,Positive,328
9683,2026-09-07 12:15:00,user_30,Python project discussion,#DataAnalytics,953,107,84,Bengaluru,Neutral,1144
9238,2026-09-07 12:18:00,user_240,Bad experience today,#Trending,928,145,11,Chennai,Negative,1084
6436,2026-09-07 12:18:00,user_478,Amazing experience today,#Trending,309,197,63,Mumbai,Positive,569
6233,2026-09-07 12:30:00,user_222,Amazing experience today,#AI,796,4,51,Pune,Positive,851
2946,2026-09-07 12:33:00,user_17,New information available,#Python,797,200,76,Hyderabad,Neutral,1073
7944,2026-09-07 12:37:00,user_163,Great technology update,#Fitness,644,135,16,Chennai,Positive,795
6566,2026-09-07 12:44:00,user_119,Poor performance today,#Fitness,499,165,15,Bengaluru,Negative,679
9842,2026-09-07 12:47:00,user_299,I hate this problem,#AI,197,183,84,Delhi,Negative,464
6157,2026-09-07 12:47:00,user_247,Excellent cricket match,#AI,707,183,87,Mumbai,Positive,977
291,2026-09-07 12:51:00,user_153,Technology update today,#Technology,603,158,96,Mumbai,Neutral,857
5984,2026-09-07 12:54:00,user_358,Python is really useful,#Fitness,512,171,51,Bengaluru,Neutral,734
9480,2026-09-07 12:59:00,user_145,Cricket match scheduled today,#AI,525,50,8,Bengaluru,Neutral,583
3050,2026-09-07 13:06:00,user_155,Great technology update,#Technology,224,133,15,Delhi,Positive,372
7429,2026-09-07 13:08:00,user_222,Technology update today,#Python,922,71,68,Bengaluru,Neutral,1061
7450,2026-09-07 13:11:00,user_48,Excellent cricket match,#Fitness,481,120,79,Delhi,Positive,680
9757,2026-09-07 13:12:00,user_231,Great work by the team,#Bengaluru,494,73,13,Pune,Positive,580
1350,2026-09-07 13:13:00,user_274,Amazing fitness progress,#Technology,63,157,40,Pune,Positive,260
9681,2026-09-07 13:18:00,user_32,Excellent cricket match,#Python,477,143,43,Bengaluru,Positive,663
4198,2026-09-07 13:37:00,user_166,Data analytics session today,#Python,746,11,63,Mumbai,Neutral,820
4659,2026-09-07 13:55:00,user_429,Great technology update,#Technology,584,79,61,Pune,Positive,724
9012,2026-09-07 14:01:00,user_374,I love this new AI tool,#Bengaluru,38,149,27,Hyderabad,Positive,214
8803,2026-09-07 14:02:00,user_270,I hate this problem,#Trending,585,172,98,Chennai,Negative,855
8693,2026-09-07 14:02:00,user_351,Great work by the team,#Fitness,826,50,27,Delhi,Positive,903
4194,2026-09-07 14:05:00,user_117,New information available,#DataAnalytics,789,142,89,Hyderabad,Neutral,1020
9571,2026-09-07 14:09:00,user_291,Fitness workout completed,#Fitness,528,198,77,Delhi,Neutral,803
9202,2026-09-07 14:21:00,user_457,Worst experience ever,#Trending,491,11,22,Bengaluru,Negative,524
8255,2026-09-07 14:26:00,user_108,I am angry about this,#Technology,238,94,67,Delhi,Negative,399
586,2026-09-07 14:29:00,user_233,I am angry about this,#AI,598,94,90,Pune,Negative,782
9903,2026-09-07 14:30:00,user_65,Python is really useful,#Trending,632,105,39,Bengaluru,Neutral,776
364,2026-09-07 14:35:00,user_409,Python is really useful,#Trending,325,196,8,Pune,Neutral,529
7451,2026-09-07 14:35:00,user_455,Python is really useful,#Bengaluru,626,91,59,Chennai,Neutral,776
8440,2026-09-07 14:41:00,user_484,Amazing fitness progress,#Python,431,14,2,Mumbai,Positive,447
3673,2026-09-07 14:45:00,user_372,Python is really useful,#Python,989,140,12,Chennai,Neutral,1141
2834,2026-09-07 14:47:00,user_120,Fitness workout completed,#Cricket,481,100,63,Bengaluru,Neutral,644
7894,2026-09-07 14:50:00,user_481,I love this new AI tool,#Trending,815,154,90,Delhi,Positive,1059
7764,2026-09-07 14:57:00,user_257,Fitness workout completed,#DataAnalytics,422,135,93,Mumbai,Neutral,650
4917,2026-09-07 15:00:00,user_27,Cricket match scheduled today,#Technology,874,132,68,Hyderabad,Neutral,1074
1506,2026-09-07 15:00:00,user_353,Excellent cricket match,#Python,640,29,64,Pune,Positive,733
9974,2026-09-07 15:02:00,user_232,Fitness workout completed,#DataAnalytics,205,183,28,Chennai,Neutral,416
8864,2026-09-07 15:06:00,user_348,Very disappointing result,#Technology,977,162,25,Delhi,Neutral,1164
760,2026-09-07 15:08:00,user_411,Very disappointing result,#AI,198,167,18,Hyderabad,Neutral,383
4796,2026-09-07 15:13:00,user_94,Cricket match scheduled today,#Bengaluru,291,2,62,Pune,Neutral,355
7774,2026-09-07 15:15:00,user_72,Weather update from Bengaluru,#Python,786,42,95,Pune,Neutral,923
857,2026-09-07 15:16:00,user_118,AI news update,#Cricket,291,27,47,Mumbai,Neutral,365
1549,2026-09-07 15:16:00,user_169,Data analytics session today,#Python,415,117,12,Bengaluru,Neutral,544
2337,2026-09-07 15:20:00,user_113,Excellent cricket match,#AI,779,78,53,Pune,Positive,910
5382,2026-09-07 15:25:00,user_8,Python is really useful,#Python,161,20,90,Chennai,Neutral,271
940,2026-09-07 15:34:00,user_379,Excellent cricket match,#Technology,483,34,19,Chennai,Positive,536
1100,2026-09-07 15:36:00,user_471,Python is really useful,#DataAnalytics,614,139,78,Chennai,Neutral,831
7670,2026-09-07 15:39:00,user_280,Fitness workout completed,#AI,113,87,79,Mumbai,Neutral,279
5776,2026-09-07 15:41:00,user_243,Python is really useful,#Technology,524,70,42,Bengaluru,Neutral,636
9615,2026-09-07 15:45:00,user_114,Bad experience today,#DataAnalytics,872,89,19,Pune,Negative,980
8427,2026-09-07 15:48:00,user_119,Beautiful day in Bengaluru,#Technology,918,56,21,Mumbai,Positive,995
3657,2026-09-07 15:55:00,user_226,Weather update from Bengaluru,#AI,261,7,23,Bengaluru,Neutral,291
2434,2026-09-07 15:55:00,user_87,Worst experience ever,#Fitness,306,37,70,Hyderabad,Negative,413
1370,2026-09-07 15:56:00,user_54,Fitness workout completed,#Python,535,76,67,Mumbai,Neutral,678
340,2026-09-07 16:09:00,user_188,Data analytics session today,#Python,773,69,80,Pune,Neutral,922
1953,2026-09-07 16:23:00,user_423,New information available,#DataAnalytics,324,163,73,Bengaluru,Neutral,560
8587,2026-09-07 16:25:00,user_491,AI news update,#DataAnalytics,249,65,62,Delhi,Neutral,376
3350,2026-09-07 16:34:00,user_498,I love this new AI tool,#Bengaluru,784,190,97,Delhi,Positive,1071
5657,2026-09-07 16:34:00,user_264,I love this new AI tool,#DataAnalytics,718,26,87,Bengaluru,Positive,831
7168,2026-09-07 16:37:00,user_136,Poor performance today,#Fitness,350,194,10,Hyderabad,Negative,554
1877,2026-09-07 16:43:00,user_88,AI news update,#Python,546,15,16,Bengaluru,Neutral,577
7293,2026-09-07 16:47:00,user_453,Amazing experience today,#Fitness,712,104,15,Mumbai,Positive,831
7653,2026-09-07 16:47:00,user_440,Python project discussion,#Fitness,680,142,77,Pune,Neutral,899
2897,2026-09-07 16:50:00,user_421,Excellent cricket match,#AI,199,135,85,Mumbai,Positive,419
5540,2026-09-07 16:52:00,user_428,New information available,#Python,678,60,60,Chennai,Neutral,798
8312,2026-09-07 16:55:00,user_228,New information available,#DataAnalytics,161,78,40,Mumbai,Neutral,279
3742,2026-09-07 16:58:00,user_92,I love this new AI tool,#Python,686,123,13,Delhi,Positive,822
9812,2026-09-07 17:02:00,user_160,Very disappointing result,#Fitness,581,99,6,Mumbai,Neutral,686
4363,2026-09-07 17:04:00,user_283,Amazing experience today,#Python,60,182,33,Mumbai,Positive,275
356,2026-09-07 17:05:00,user_416,I am angry about this,#Trending,773,109,17,Chennai,Negative,899
8301,2026-09-07 17:07:00,user_227,This failed again,#Trending,713,114,51,Bengaluru,Negative,878
1969,2026-09-07 17:08:00,user_334,I love this new AI tool,#Python,246,110,36,Chennai,Positive,392
4000,2026-09-07 17:10:00,user_333,Data analytics session today,#Bengaluru,631,36,20,Bengaluru,Neutral,687
3332,2026-09-07 17:13:00,user_191,Excellent cricket match,#Trending,475,51,20,Bengaluru,Positive,546
6001,2026-09-07 17:15:00,user_460,Excellent cricket match,#DataAnalytics,754,117,3,Hyderabad,Positive,874
9427,2026-09-07 17:18:00,user_466,Great technology update,#Python,733,197,45,Hyderabad,Positive,975
1625,2026-09-07 17:21:00,user_171,Great work by the team,#Bengaluru,151,58,79,Delhi,Positive,288
753,2026-09-07 17:27:00,user_226,Very disappointing result,#Trending,31,34,26,Hyderabad,Neutral,91
4058,2026-09-07 17:31:00,user_404,Python is really useful,#Trending,682,172,56,Bengaluru,Neutral,910
9824,2026-09-07 17:44:00,user_156,Fitness workout completed,#AI,894,3,48,Mumbai,Neutral,945
8958,2026-09-07 17:56:00,user_201,Python project discussion,#Technology,54,29,98,Pune,Neutral,181
3635,2026-09-07 18:03:00,user_20,Beautiful day in Bengaluru,#Technology,982,180,4,Delhi,Positive,1166
9677,2026-09-07 18:09:00,user_4,Great technology update,#AI,719,148,76,Bengaluru,Positive,943
7083,2026-09-07 18:09:00,user_179,Worst experience ever,#Technology,815,107,100,Hyderabad,Negative,1022
9150,2026-09-07 18:13:00,user_286,I love this new AI tool,#Fitness,96,62,51,Pune,Positive,209
9071,2026-09-07 18:15:00,user_237,Amazing fitness progress,#Python,462,142,21,Chennai,Positive,625
3554,2026-09-07 18:17:00,user_53,Worst experience ever,#Bengaluru,610,27,22,Pune,Negative,659
7598,2026-09-07 18:18:00,user_411,Worst experience ever,#Python,707,3,87,Chennai,Negative,797
211,2026-09-07 18:19:00,user_291,Worst experience ever,#Cricket,609,46,64,Bengaluru,Negative,719
659,2026-09-07 18:23:00,user_381,Excellent cricket match,#AI,199,148,64,Bengaluru,Positive,411
3343,2026-09-07 18:26:00,user_109,Weather update from Bengaluru,#Fitness,898,68,39,Mumbai,Neutral,1005
9362,2026-09-07 18:36:00,user_494,AI news update,#DataAnalytics,49,151,93,Delhi,Neutral,293
4334,2026-09-07 18:40:00,user_44,Excellent cricket match,#Cricket,934,192,90,Chennai,Positive,1216
5253,2026-09-07 18:40:00,user_453,Great technology update,#DataAnalytics,606,4,72,Mumbai,Positive,682
4110,2026-09-07 18:41:00,user_308,Python is really useful,#Cricket,789,144,47,Delhi,Neutral,980
8760,2026-09-07 18:47:00,user_324,Great technology update,#DataAnalytics,35,14,15,Pune,Positive,64
2026,2026-09-07 18:48:00,user_446,Python is really useful,#Bengaluru,459,109,50,Hyderabad,Neutral,618
2384,2026-09-07 18:53:00,user_439,Weather update from Bengaluru,#Technology,392,168,40,Mumbai,Neutral,600
7498,2026-09-07 18:54:00,user_399,I love this new AI tool,#Fitness,676,52,6,Mumbai,Positive,734
8638,2026-09-07 18:58:00,user_318,New information available,#Python,25,172,29,Chennai,Neutral,226
2714,2026-09-07 18:59:00,user_261,Technology update today,#Technology,914,30,85,Bengaluru,Neutral,1029
7831,2026-09-07 19:16:00,user_360,Great technology update,#AI,920,56,18,Pune,Positive,994
2056,2026-09-07 19:16:00,user_250,Excellent cricket match,#Fitness,992,33,60,Chennai,Positive,1085
2433,2026-09-07 19:20:00,user_75,Fitness workout completed,#Bengaluru,82,45,77,Chennai,Neutral,204
1170,2026-09-07 19:21:00,user_53,I love this new AI tool,#AI,388,38,43,Chennai,Positive,469
8304,2026-09-07 19:21:00,user_309,Great technology update,#DataAnalytics,252,180,77,Pune,Positive,509
4356,2026-09-07 19:26:00,user_460,Very disappointing result,#Bengaluru,886,121,6,Bengaluru,Neutral,1013
2073,2026-09-07 19:27:00,user_40,Data analytics session today,#DataAnalytics,639,195,8,Chennai,Neutral,842
6409,2026-09-07 19:29:00,user_123,Great technology update,#AI,424,180,83,Pune,Positive,687
8107,2026-09-07 19:33:00,user_26,Excellent cricket match,#DataAnalytics,701,165,30,Delhi,Positive,896
9474,2026-09-07 19:39:00,user_126,Data analytics session today,#Fitness,285,58,7,Mumbai,Neutral,350
2757,2026-09-07 19:51:00,user_252,Great work by the team,#Technology,486,192,54,Mumbai,Positive,732
7267,2026-09-07 19:51:00,user_368,Terrible service,#Technology,552,22,11,Pune,Negative,585
7072,2026-09-07 20:04:00,user_141,Great work by the team,#Cricket,33,67,78,Chennai,Positive,178
8374,2026-09-07 20:05:00,user_248,Beautiful day in Bengaluru,#Cricket,136,114,95,Mumbai,Positive,345
6588,2026-09-07 20:14:00,user_431,Great technology update,#Cricket,541,88,13,Pune,Positive,642
1021,2026-09-07 20:21:00,user_220,Beautiful day in Bengaluru,#DataAnalytics,982,200,43,Mumbai,Positive,1225
9329,2026-09-07 20:21:00,user_431,This failed again,#Python,521,191,53,Chennai,Negative,765
2291,2026-09-07 20:22:00,user_338,Amazing fitness progress,#Python,545,122,14,Bengaluru,Positive,681
3355,2026-09-07 20:24:00,user_455,Excellent cricket match,#Python,438,22,46,Pune,Positive,506
4651,2026-09-07 20:25:00,user_317,Technology update today,#Trending,324,176,91,Pune,Neutral,591
3992,2026-09-07 20:27:00,user_281,Fitness workout completed,#Cricket,266,158,29,Chennai,Neutral,453
6781,2026-09-07 20:38:00,user_383,Great technology update,#Cricket,344,28,49,Mumbai,Positive,421
6911,2026-09-07 20:39:00,user_250,Technology update today,#Fitness,591,191,84,Bengaluru,Neutral,866
3736,2026-09-07 20:44:00,user_117,AI news update,#Python,958,167,58,Bengaluru,Neutral,1183
5245,2026-09-07 20:52:00,user_469,I am angry about this,#Bengaluru,503,192,28,Chennai,Negative,723
8795,2026-09-07 20:56:00,user_165,Amazing experience today,#Technology,523,167,52,Mumbai,Positive,742
3438,2026-09-07 20:58:00,user_115,Amazing experience today,#Python,695,40,33,Mumbai,Positive,768
2759,2026-09-07 21:02:00,user_380,Amazing fitness progress,#AI,677,160,58,Chennai,Positive,895
5398,2026-09-07 21:11:00,user_422,I hate this problem,#Python,990,127,34,Pune,Negative,1151
1924,2026-09-07 21:11:00,user_250,Great work by the team,#AI,653,135,15,Hyderabad,Positive,803
7468,2026-09-07 21:21:00,user_330,Excellent cricket match,#Cricket,567,116,52,Bengaluru,Positive,735
6059,2026-09-07 21:27:00,user_394,Terrible service,#Python,971,129,69,Delhi,Negative,1169
5386,2026-09-07 21:35:00,user_275,Bad experience today,#Bengaluru,975,1,38,Delhi,Negative,1014
419,2026-09-07 21:36:00,user_130,Great technology update,#Technology,730,175,14,Bengaluru,Positive,919
5086,2026-09-07 21:38:00,user_126,Python project discussion,#Technology,823,93,8,Hyderabad,Neutral,924
7630,2026-09-07 21:39:00,user_237,Weather update from Bengaluru,#Fitness,216,114,47,Bengaluru,Neutral,377
6137,2026-09-07 21:45:00,user_453,Amazing fitness progress,#Cricket,412,89,74,Hyderabad,Positive,575
2925,2026-09-07 21:46:00,user_421,Beautiful day in Bengaluru,#Trending,175,114,30,Pune,Positive,319
3251,2026-09-07 21:57:00,user_304,Python is really useful,#Trending,528,148,89,Bengaluru,Neutral,765
7978,2026-09-07 21:58:00,user_133,Amazing experience today,#Python,315,49,3,Delhi,Positive,367
732,2026-09-07 22:04:00,user_237,Amazing fitness progress,#Fitness,927,42,92,Delhi,Positive,1061
8690,2026-09-07 22:05:00,user_494,New information available,#AI,181,108,44,Mumbai,Neutral,333
1349,2026-09-07 22:06:00,user_10,I love this new AI tool,#Python,108,93,97,Chennai,Positive,298
8191,2026-09-07 22:22:00,user_480,I love this new AI tool,#Technology,253,178,77,Delhi,Positive,508
7347,2026-09-07 22:38:00,user_435,Python is really useful,#DataAnalytics,400,71,74,Mumbai,Neutral,545
3999,2026-09-07 22:43:00,user_177,Amazing experience today,#Technology,882,162,19,Bengaluru,Positive,1063
113,2026-09-07 22:47:00,user_451,New information available,#Cricket,553,74,44,Chennai,Neutral,671
6038,2026-09-07 22:48:00,user_153,This failed again,#Fitness,649,191,42,Pune,Negative,882
8514,2026-09-07 22:49:00,user_138,Python is really useful,#Technology,699,85,53,Hyderabad,Neutral,837
3904,2026-09-07 22:51:00,user_409,Cricket match scheduled today,#Trending,980,12,72,Pune,Neutral,1064
3005,2026-09-07 22:53:00,user_63,Fitness workout completed,#Technology,273,193,97,Chennai,Neutral,563
9747,2026-09-07 23:09:00,user_236,This failed again,#Cricket,413,119,20,Delhi,Negative,552
7912,2026-09-07 23:11:00,user_150,Amazing fitness progress,#Bengaluru,37,29,30,Delhi,Positive,96
8551,2026-09-07 23:18:00,user_299,Fitness workout completed,#Python,427,9,3,Pune,Neutral,439
4294,2026-09-07 23:24:00,user_488,Amazing fitness progress,#Trending,756,117,36,Hyderabad,Positive,909
9569,2026-09-07 23:31:00,user_330,Fitness workout completed,#DataAnalytics,52,91,46,Hyderabad,Neutral,189
8492,2026-09-07 23:32:00,user_341,Python project discussion,#Technology,112,125,32,Hyderabad,Neutral,269
268,2026-09-07 23:32:00,user_370,Cricket match scheduled today,#Cricket,256,32,99,Pune,Neutral,387
1035,2026-09-07 23:34:00,user_292,I am angry about this,#Python,193,74,64,Mumbai,Negative,331
2926,2026-09-07 23:34:00,user_267,I love this new AI tool,#AI,818,96,37,Hyderabad,Positive,951
2316,2026-09-07 23:41:00,user_151,Great technology update,#Bengaluru,191,182,69,Pune,Positive,442
2861,2026-09-07 23:51:00,user_277,I am angry about this,#AI,160,16,66,Pune,Negative,242
6721,2026-09-08 00:00:00,user_286,Excellent cricket match,#Fitness,132,175,20,Chennai,Positive,327
6490,2026-09-08 00:11:00,user_286,I love this new AI tool,#Technology,960,116,48,Mumbai,Positive,1124
1916,2026-09-08 00:17:00,user_324,Terrible service,#Technology,749,17,78,Bengaluru,Negative,844
6196,2026-09-08 00:18:00,user_151,Poor performance today,#Cricket,867,189,88,Mumbai,Negative,1144
4969,2026-09-08 00:28:00,user_162,Great technology update,#AI,799,42,66,Chennai,Positive,907
897,2026-09-08 00:30:00,user_89,I am angry about this,#DataAnalytics,667,122,32,Chennai,Negative,821
4079,2026-09-08 00:30:00,user_277,Amazing experience today,#Cricket,698,186,22,Chennai,Positive,906
2589,2026-09-08 00:32:00,user_404,Python is really useful,#Trending,542,78,17,Mumbai,Neutral,637
9039,2026-09-08 00:35:00,user_417,Great work by the team,#Trending,492,18,99,Hyderabad,Positive,609
9106,2026-09-08 00:40:00,user_293,AI news update,#Python,605,69,72,Delhi,Neutral,746
7427,2026-09-08 00:48:00,user_468,Beautiful day in Bengaluru,#Bengaluru,855,77,13,Pune,Positive,945
9880,2026-09-08 00:50:00,user_12,Cricket match scheduled today,#Technology,584,184,80,Chennai,Neutral,848
3725,2026-09-08 00:53:00,user_499,Weather update from Bengaluru,#DataAnalytics,777,89,56,Chennai,Neutral,922
2243,2026-09-08 00:55:00,user_265,Cricket match scheduled today,#Bengaluru,658,74,13,Chennai,Neutral,745
531,2026-09-08 01:03:00,user_147,Fitness workout completed,#DataAnalytics,354,81,99,Bengaluru,Neutral,534
757,2026-09-08 01:05:00,user_365,I am angry about this,#Bengaluru,244,25,41,Pune,Negative,310
8782,2026-09-08 01:14:00,user_426,Weather update from Bengaluru,#Bengaluru,555,149,3,Bengaluru,Neutral,707
1465,2026-09-08 01:19:00,user_158,Great work by the team,#Python,747,25,37,Chennai,Positive,809
1600,2026-09-08 01:21:00,user_438,Weather update from Bengaluru,#Trending,348,23,12,Bengaluru,Neutral,383
8635,2026-09-08 01:35:00,user_270,I hate this problem,#Technology,866,122,75,Bengaluru,Negative,1063
2432,2026-09-08 01:41:00,user_238,Data analytics session today,#DataAnalytics,589,168,97,Hyderabad,Neutral,854
5967,2026-09-08 01:44:00,user_169,Excellent cricket match,#Bengaluru,687,10,18,Pune,Positive,715
7509,2026-09-08 01:47:00,user_46,Beautiful day in Bengaluru,#AI,821,7,28,Delhi,Positive,856
5045,2026-09-08 01:48:00,user_426,Poor performance today,#Bengaluru,434,156,83,Mumbai,Negative,673
4473,2026-09-08 01:56:00,user_468,Worst experience ever,#Trending,812,87,31,Hyderabad,Negative,930
1117,2026-09-08 01:58:00,user_297,I love this new AI tool,#Trending,536,35,58,Chennai,Positive,629
9589,2026-09-08 01:59:00,user_138,Amazing fitness progress,#AI,43,23,4,Pune,Positive,70
3693,2026-09-08 02:01:00,user_328,I am angry about this,#Technology,491,83,27,Chennai,Negative,601
3671,2026-09-08 02:09:00,user_17,Beautiful day in Bengaluru,#Trending,451,65,54,Bengaluru,Positive,570
546,2026-09-08 02:18:00,user_249,Amazing fitness progress,#Cricket,817,142,15,Mumbai,Positive,974
81,2026-09-08 02:21:00,user_39,Amazing fitness progress,#Trending,357,121,57,Bengaluru,Positive,535
7549,2026-09-08 02:30:00,user_432,Great work by the team,#Python,571,23,14,Pune,Positive,608
3208,2026-09-08 02:37:00,user_38,Data analytics session today,#Cricket,108,183,76,Bengaluru,Neutral,367
1830,2026-09-08 02:50:00,user_358,Excellent cricket match,#Cricket,665,53,28,Mumbai,Positive,746
8480,2026-09-08 02:55:00,user_155,Amazing experience today,#Trending,892,98,4,Pune,Positive,994
5714,2026-09-08 03:06:00,user_108,Python is really useful,#Cricket,187,126,20,Bengaluru,Neutral,333
5925,2026-09-08 03:21:00,user_42,Python is really useful,#AI,897,197,51,Delhi,Neutral,1145
8060,2026-09-08 03:24:00,user_45,Data analytics session today,#AI,721,106,87,Hyderabad,Neutral,914
1922,2026-09-08 03:31:00,user_207,Cricket match scheduled today,#Fitness,681,23,42,Hyderabad,Neutral,746
2389,2026-09-08 03:34:00,user_500,Amazing fitness progress,#Cricket,716,98,70,Chennai,Positive,884
5203,2026-09-08 03:35:00,user_416,Very disappointing result,#Technology,246,190,55,Mumbai,Neutral,491
4743,2026-09-08 03:36:00,user_294,Cricket match scheduled today,#Technology,635,74,76,Mumbai,Neutral,785
3615,2026-09-08 03:36:00,user_496,Python project discussion,#DataAnalytics,403,5,11,Chennai,Neutral,419
4450,2026-09-08 03:37:00,user_408,I love this new AI tool,#DataAnalytics,158,180,14,Mumbai,Positive,352
3277,2026-09-08 03:43:00,user_292,Amazing fitness progress,#Python,645,170,28,Hyderabad,Positive,843
302,2026-09-08 03:45:00,user_158,Weather update from Bengaluru,#AI,299,38,86,Bengaluru,Neutral,423
3026,2026-09-08 03:50:00,user_437,Excellent cricket match,#AI,817,186,19,Hyderabad,Positive,1022
2774,2026-09-08 03:51:00,user_215,AI news update,#Trending,41,101,87,Chennai,Neutral,229
1867,2026-09-08 03:51:00,user_179,Great technology update,#Cricket,112,64,50,Pune,Positive,226
4702,2026-09-08 03:53:00,user_220,Amazing experience today,#Python,111,189,84,Pune,Positive,384
1578,2026-09-08 03:54:00,user_14,Technology update today,#Technology,798,78,80,Chennai,Neutral,956
8632,2026-09-08 04:00:00,user_268,Worst experience ever,#Trending,338,131,28,Chennai,Negative,497
7231,2026-09-08 04:18:00,user_46,I am angry about this,#Python,427,148,17,Delhi,Negative,592
9433,2026-09-08 04:23:00,user_76,Excellent cricket match,#Cricket,893,81,84,Mumbai,Positive,1058
2005,2026-09-08 04:33:00,user_262,New information available,#Technology,407,99,56,Delhi,Neutral,562
6993,2026-09-08 04:34:00,user_226,Weather update from Bengaluru,#Bengaluru,825,52,59,Bengaluru,Neutral,936
6780,2026-09-08 04:39:00,user_172,Cricket match scheduled today,#Trending,98,28,92,Hyderabad,Neutral,218
3603,2026-09-08 04:41:00,user_338,Fitness workout completed,#Fitness,729,146,67,Delhi,Neutral,942
5236,2026-09-08 04:42:00,user_154,Great work by the team,#AI,790,126,64,Pune,Positive,980
2939,2026-09-08 04:54:00,user_66,Fitness workout completed,#Bengaluru,874,80,42,Mumbai,Neutral,996
1410,2026-09-08 04:55:00,user_77,Beautiful day in Bengaluru,#Trending,440,195,30,Delhi,Positive,665
4067,2026-09-08 05:01:00,user_233,I love this new AI tool,#Python,480,17,100,Pune,Positive,597
4113,2026-09-08 05:05:00,user_86,Cricket match scheduled today,#Cricket,207,103,92,Hyderabad,Neutral,402
2160,2026-09-08 05:09:00,user_25,Python project discussion,#DataAnalytics,320,109,93,Bengaluru,Neutral,522
6433,2026-09-08 05:09:00,user_136,Cricket match scheduled today,#Bengaluru,803,93,79,Bengaluru,Neutral,975
2111,2026-09-08 05:10:00,user_165,This failed again,#Trending,851,123,50,Mumbai,Negative,1024
9419,2026-09-08 05:21:00,user_42,This failed again,#AI,315,5,48,Hyderabad,Negative,368
2527,2026-09-08 05:24:00,user_317,Worst experience ever,#Bengaluru,835,66,41,Chennai,Negative,942
4185,2026-09-08 05:30:00,user_388,New information available,#DataAnalytics,711,82,24,Mumbai,Neutral,817
4512,2026-09-08 05:30:00,user_180,Technology update today,#Fitness,491,105,40,Hyderabad,Neutral,636
5213,2026-09-08 05:32:00,user_466,I love this new AI tool,#Python,157,134,69,Chennai,Positive,360
791,2026-09-08 05:36:00,user_57,I am angry about this,#Python,708,104,15,Chennai,Negative,827
6035,2026-09-08 05:36:00,user_188,Great technology update,#Python,679,159,80,Chennai,Positive,918
9941,2026-09-08 05:44:00,user_301,Cricket match scheduled today,#Cricket,379,143,55,Delhi,Neutral,577
4250,2026-09-08 05:56:00,user_363,Great technology update,#Cricket,345,97,89,Hyderabad,Positive,531
7800,2026-09-08 06:03:00,user_430,Data analytics session today,#Python,922,122,1,Mumbai,Neutral,1045
7761,2026-09-08 06:06:00,user_8,Great work by the team,#Bengaluru,966,130,5,Bengaluru,Positive,1101
5269,2026-09-08 06:07:00,user_314,Terrible service,#Technology,189,149,55,Bengaluru,Negative,393
5146,2026-09-08 06:16:00,user_34,Beautiful day in Bengaluru,#DataAnalytics,608,146,42,Hyderabad,Positive,796
5809,2026-09-08 06:16:00,user_189,Amazing experience today,#Bengaluru,930,60,20,Delhi,Positive,1010
1747,2026-09-08 06:17:00,user_171,Amazing experience today,#Cricket,889,7,27,Hyderabad,Positive,923
1017,2026-09-08 06:17:00,user_261,Python project discussion,#Trending,388,7,99,Hyderabad,Neutral,494
942,2026-09-08 06:21:00,user_239,Excellent cricket match,#Trending,328,142,35,Bengaluru,Positive,505
2303,2026-09-08 06:22:00,user_237,Excellent cricket match,#Bengaluru,217,115,20,Chennai,Positive,352
4759,2026-09-08 06:35:00,user_324,Cricket match scheduled today,#Technology,420,169,37,Hyderabad,Neutral,626
1541,2026-09-08 06:38:00,user_372,Python is really useful,#Fitness,951,180,64,Chennai,Neutral,1195
5570,2026-09-08 06:42:00,user_345,I hate this problem,#Python,440,38,94,Mumbai,Negative,572
1318,2026-09-08 06:46:00,user_345,Beautiful day in Bengaluru,#Trending,916,13,18,Pune,Positive,947
208,2026-09-08 06:49:00,user_92,Python is really useful,#Bengaluru,918,54,100,Hyderabad,Neutral,1072
6709,2026-09-08 06:55:00,user_449,Data analytics session today,#Technology,886,25,49,Chennai,Neutral,960
6145,2026-09-08 06:55:00,user_384,Amazing experience today,#Bengaluru,828,92,27,Delhi,Positive,947
2133,2026-09-08 06:59:00,user_11,I love this new AI tool,#AI,826,185,63,Chennai,Positive,1074
2950,2026-09-08 07:00:00,user_104,Fitness workout completed,#Bengaluru,926,54,20,Chennai,Neutral,1000
3786,2026-09-08 07:02:00,user_357,Python is really useful,#Cricket,833,181,95,Hyderabad,Neutral,1109
5911,2026-09-08 07:09:00,user_383,Beautiful day in Bengaluru,#AI,944,70,13,Pune,Positive,1027
4832,2026-09-08 07:11:00,user_418,I am angry about this,#DataAnalytics,697,195,44,Mumbai,Negative,936
8194,2026-09-08 07:25:00,user_273,Amazing experience today,#Bengaluru,446,112,74,Bengaluru,Positive,632
5617,2026-09-08 07:32:00,user_402,Excellent cricket match,#Fitness,882,130,24,Mumbai,Positive,1036
8402,2026-09-08 07:36:00,user_246,Beautiful day in Bengaluru,#Bengaluru,818,112,71,Hyderabad,Positive,1001
5359,2026-09-08 07:45:00,user_380,Technology update today,#Cricket,707,105,56,Pune,Neutral,868
2028,2026-09-08 07:53:00,user_63,Amazing experience today,#Bengaluru,654,162,47,Pune,Positive,863
2591,2026-09-08 08:08:00,user_373,Amazing experience today,#Technology,86,175,39,Chennai,Positive,300
4015,2026-09-08 08:15:00,user_268,I love this new AI tool,#Python,702,163,37,Mumbai,Positive,902
2216,2026-09-08 08:23:00,user_270,Amazing experience today,#DataAnalytics,358,116,32,Mumbai,Positive,506
4425,2026-09-08 08:23:00,user_175,Excellent cricket match,#Bengaluru,193,50,42,Mumbai,Positive,285
8234,2026-09-08 08:31:00,user_476,I hate this problem,#Fitness,431,116,8,Chennai,Negative,555
3453,2026-09-08 08:31:00,user_366,I am angry about this,#Python,961,67,5,Chennai,Negative,1033
3436,2026-09-08 08:37:00,user_414,Bad experience today,#Fitness,557,91,77,Mumbai,Negative,725
1333,2026-09-08 08:37:00,user_151,Very disappointing result,#Cricket,533,35,77,Delhi,Neutral,645
290,2026-09-08 08:41:00,user_240,I hate this problem,#Python,293,90,99,Pune,Negative,482
3756,2026-09-08 08:47:00,user_258,I am angry about this,#Fitness,729,115,34,Hyderabad,Negative,878
5777,2026-09-08 08:52:00,user_481,Great technology update,#Python,164,22,89,Chennai,Positive,275
7050,2026-09-08 08:55:00,user_147,Very disappointing result,#Bengaluru,155,5,1,Pune,Neutral,161
4584,2026-09-08 09:04:00,user_481,I love this new AI tool,#Fitness,663,169,65,Hyderabad,Positive,897
973,2026-09-08 09:04:00,user_174,Weather update from Bengaluru,#DataAnalytics,619,129,81,Bengaluru,Neutral,829
9050,2026-09-08 09:13:00,user_142,Cricket match scheduled today,#AI,648,16,70,Pune,Neutral,734
259,2026-09-08 09:16:00,user_185,Great work by the team,#Fitness,263,90,26,Bengaluru,Positive,379
3976,2026-09-08 09:18:00,user_477,AI news update,#Technology,284,159,69,Bengaluru,Neutral,512
5997,2026-09-08 09:28:00,user_3,Python project discussion,#Technology,130,29,20,Hyderabad,Neutral,179
1576,2026-09-08 09:32:00,user_42,Amazing fitness progress,#Trending,546,68,44,Hyderabad,Positive,658
9212,2026-09-08 09:35:00,user_359,I hate this problem,#Cricket,465,124,6,Chennai,Negative,595
7546,2026-09-08 09:46:00,user_77,AI news update,#DataAnalytics,606,168,82,Bengaluru,Neutral,856
9966,2026-09-08 09:57:00,user_159,Weather update from Bengaluru,#Trending,401,52,28,Mumbai,Neutral,481
1881,2026-09-08 09:57:00,user_230,Beautiful day in Bengaluru,#Cricket,180,103,20,Pune,Positive,303
3125,2026-09-08 10:00:00,user_163,Beautiful day in Bengaluru,#Cricket,880,7,98,Mumbai,Positive,985
5613,2026-09-08 10:01:00,user_210,Beautiful day in Bengaluru,#Technology,911,23,18,Pune,Positive,952
9805,2026-09-08 10:02:00,user_94,Data analytics session today,#Fitness,469,91,85,Bengaluru,Neutral,645
957,2026-09-08 10:06:00,user_463,Great work by the team,#Trending,741,8,70,Pune,Positive,819
935,2026-09-08 10:08:00,user_60,Python project discussion,#Trending,69,135,94,Hyderabad,Neutral,298
2222,2026-09-08 10:16:00,user_301,Beautiful day in Bengaluru,#Fitness,318,102,19,Chennai,Positive,439
8719,2026-09-08 10:17:00,user_263,This failed again,#Bengaluru,674,182,75,Chennai,Negative,931
525,2026-09-08 10:28:00,user_237,Weather update from Bengaluru,#Technology,538,102,68,Bengaluru,Neutral,708
5104,2026-09-08 10:30:00,user_380,I am angry about this,#Python,557,137,77,Bengaluru,Negative,771
4790,2026-09-08 10:32:00,user_372,I love this new AI tool,#DataAnalytics,648,5,85,Delhi,Positive,738
5735,2026-09-08 10:33:00,user_122,Weather update from Bengaluru,#Trending,370,125,58,Bengaluru,Neutral,553
2196,2026-09-08 10:35:00,user_57,I love this new AI tool,#Bengaluru,72,193,87,Chennai,Positive,352
3181,2026-09-08 10:36:00,user_108,I am angry about this,#AI,24,44,47,Delhi,Negative,115
9787,2026-09-08 10:42:00,user_158,I am angry about this,#Cricket,77,185,52,Bengaluru,Negative,314
8869,2026-09-08 10:45:00,user_279,Beautiful day in Bengaluru,#Bengaluru,855,27,73,Chennai,Positive,955
9438,2026-09-08 10:58:00,user_475,I am angry about this,#Bengaluru,241,62,100,Hyderabad,Negative,403
4927,2026-09-08 11:06:00,user_268,Great technology update,#Python,332,65,97,Bengaluru,Positive,494
451,2026-09-08 11:11:00,user_91,Worst experience ever,#Python,921,20,85,Bengaluru,Negative,1026
2966,2026-09-08 11:18:00,user_138,Beautiful day in Bengaluru,#DataAnalytics,469,3,32,Hyderabad,Positive,504
6131,2026-09-08 11:19:00,user_74,Beautiful day in Bengaluru,#AI,957,103,8,Pune,Positive,1068
3476,2026-09-08 11:20:00,user_383,Python is really useful,#Trending,340,146,97,Hyderabad,Neutral,583
4964,2026-09-08 11:22:00,user_474,Cricket match scheduled today,#Trending,856,177,18,Pune,Neutral,1051
2354,2026-09-08 11:24:00,user_61,Excellent cricket match,#Fitness,233,111,39,Bengaluru,Positive,383
8975,2026-09-08 11:30:00,user_76,Python is really useful,#DataAnalytics,372,35,12,Bengaluru,Neutral,419
4730,2026-09-08 11:35:00,user_454,Worst experience ever,#AI,445,153,6,Bengaluru,Negative,604
5958,2026-09-08 11:41:00,user_399,Weather update from Bengaluru,#DataAnalytics,221,1,29,Delhi,Neutral,251
8245,2026-09-08 11:46:00,user_158,Excellent cricket match,#Cricket,245,81,60,Delhi,Positive,386
9187,2026-09-08 11:51:00,user_87,Data analytics session today,#AI,916,105,73,Bengaluru,Neutral,1094
3294,2026-09-08 11:52:00,user_481,Amazing fitness progress,#DataAnalytics,854,83,22,Chennai,Positive,959
2172,2026-09-08 11:54:00,user_89,Amazing fitness progress,#Bengaluru,505,139,70,Pune,Positive,714
7725,2026-09-08 12:02:00,user_464,Fitness workout completed,#DataAnalytics,439,2,65,Pune,Neutral,506
4426,2026-09-08 12:07:00,user_343,Technology update today,#AI,486,74,14,Chennai,Neutral,574
5219,2026-09-08 12:11:00,user_424,New information available,#DataAnalytics,143,194,49,Pune,Neutral,386
2066,2026-09-08 12:12:00,user_461,Terrible service,#Cricket,873,119,81,Pune,Negative,1073
1287,2026-09-08 12:13:00,user_180,Terrible service,#Trending,908,135,1,Mumbai,Negative,1044
7156,2026-09-08 12:16:00,user_343,Cricket match scheduled today,#Cricket,710,189,98,Delhi,Neutral,997
6463,2026-09-08 12:24:00,user_449,This failed again,#DataAnalytics,406,16,6,Delhi,Negative,428
357,2026-09-08 12:26:00,user_137,Great work by the team,#DataAnalytics,714,9,30,Bengaluru,Positive,753
8578,2026-09-08 12:31:00,user_211,Great technology update,#Technology,973,157,38,Pune,Positive,1168
986,2026-09-08 12:31:00,user_266,AI news update,#Fitness,369,31,48,Mumbai,Neutral,448
5814,2026-09-08 12:33:00,user_411,Amazing fitness progress,#Python,639,67,91,Bengaluru,Positive,797
1615,2026-09-08 12:33:00,user_443,Technology update today,#Bengaluru,132,61,20,Mumbai,Neutral,213
174,2026-09-08 12:33:00,user_270,Weather update from Bengaluru,#Trending,348,109,65,Chennai,Neutral,522
8753,2026-09-08 12:41:00,user_451,New information available,#Trending,146,146,64,Hyderabad,Neutral,356
7352,2026-09-08 12:46:00,user_445,Poor performance today,#Technology,396,97,68,Pune,Negative,561
5539,2026-09-08 12:59:00,user_36,Fitness workout completed,#Technology,56,100,24,Hyderabad,Neutral,180
152,2026-09-08 13:02:00,user_117,This failed again,#Bengaluru,763,90,88,Pune,Negative,941
7317,2026-09-08 13:08:00,user_464,Very disappointing result,#Cricket,763,55,79,Bengaluru,Neutral,897
1695,2026-09-08 13:09:00,user_338,Data analytics session today,#Technology,666,138,41,Hyderabad,Neutral,845
9328,2026-09-08 13:11:00,user_64,New information available,#Technology,166,75,90,Pune,Neutral,331
3007,2026-09-08 13:14:00,user_268,Great work by the team,#Technology,809,55,78,Bengaluru,Positive,942
3463,2026-09-08 13:15:00,user_298,Amazing fitness progress,#Technology,513,26,22,Chennai,Positive,561
8547,2026-09-08 13:23:00,user_404,Python is really useful,#DataAnalytics,802,86,44,Bengaluru,Neutral,932
6848,2026-09-08 13:29:00,user_254,Terrible service,#Python,242,105,5,Mumbai,Negative,352
2524,2026-09-08 13:34:00,user_261,Python is really useful,#Fitness,235,193,50,Bengaluru,Neutral,478
7314,2026-09-08 13:39:00,user_349,I love this new AI tool,#AI,460,68,57,Pune,Positive,585
5067,2026-09-08 13:43:00,user_311,Excellent cricket match,#Technology,172,105,12,Pune,Positive,289
2677,2026-09-08 13:48:00,user_184,Very disappointing result,#Technology,391,83,74,Pune,Neutral,548
1234,2026-09-08 13:55:00,user_494,Terrible service,#AI,745,187,19,Delhi,Negative,951
7642,2026-09-08 14:04:00,user_434,Python project discussion,#Python,572,84,5,Bengaluru,Neutral,661
9604,2026-09-08 14:06:00,user_73,New information available,#AI,690,194,39,Hyderabad,Neutral,923
7054,2026-09-08 14:06:00,user_402,Amazing fitness progress,#DataAnalytics,659,39,65,Pune,Positive,763
4524,2026-09-08 14:13:00,user_483,Very disappointing result,#AI,195,147,43,Delhi,Neutral,385
2330,2026-09-08 14:28:00,user_269,Technology update today,#Python,828,155,12,Hyderabad,Neutral,995
5409,2026-09-08 14:30:00,user_230,Technology update today,#Technology,371,21,37,Pune,Neutral,429
7395,2026-09-08 14:31:00,user_273,Fitness workout completed,#Fitness,187,7,75,Bengaluru,Neutral,269
7511,2026-09-08 14:31:00,user_263,Great technology update,#Trending,987,121,43,Mumbai,Positive,1151
444,2026-09-08 14:32:00,user_82,Data analytics session today,#Cricket,478,165,53,Hyderabad,Neutral,696
6957,2026-09-08 14:33:00,user_156,Amazing experience today,#Python,32,96,88,Delhi,Positive,216
8298,2026-09-08 14:38:00,user_191,Excellent cricket match,#DataAnalytics,366,76,93,Mumbai,Positive,535
7082,2026-09-08 14:44:00,user_445,Amazing experience today,#AI,303,101,19,Bengaluru,Positive,423
2294,2026-09-08 15:03:00,user_111,Weather update from Bengaluru,#Bengaluru,341,125,86,Pune,Neutral,552
8449,2026-09-08 15:09:00,user_272,Terrible service,#Technology,799,35,67,Mumbai,Negative,901
9934,2026-09-08 15:12:00,user_456,Great technology update,#Technology,49,131,57,Mumbai,Positive,237
9029,2026-09-08 15:17:00,user_225,Great work by the team,#DataAnalytics,840,25,47,Mumbai,Positive,912
6531,2026-09-08 15:29:00,user_72,Amazing fitness progress,#Cricket,904,37,6,Delhi,Positive,947
2995,2026-09-08 15:29:00,user_492,Great work by the team,#AI,100,120,77,Bengaluru,Positive,297
3141,2026-09-08 15:30:00,user_490,AI news update,#AI,839,33,66,Bengaluru,Neutral,938
1553,2026-09-08 15:36:00,user_174,Great work by the team,#Fitness,662,130,58,Hyderabad,Positive,850
4280,2026-09-08 15:44:00,user_215,Very disappointing result,#Bengaluru,519,5,54,Mumbai,Neutral,578
1093,2026-09-08 15:44:00,user_318,I love this new AI tool,#Bengaluru,900,120,84,Pune,Positive,1104
9444,2026-09-08 15:46:00,user_178,I love this new AI tool,#Fitness,685,44,42,Hyderabad,Positive,771
6514,2026-09-08 15:46:00,user_101,Fitness workout completed,#Bengaluru,89,5,10,Hyderabad,Neutral,104
2992,2026-09-08 15:54:00,user_454,Great technology update,#Python,281,45,75,Hyderabad,Positive,401
4394,2026-09-08 15:59:00,user_473,Amazing fitness progress,#Trending,277,79,39,Chennai,Positive,395
2941,2026-09-08 16:04:00,user_65,Bad experience today,#Fitness,964,165,60,Mumbai,Negative,1189
5091,2026-09-08 16:21:00,user_115,Amazing experience today,#Python,444,11,64,Pune,Positive,519
989,2026-09-08 16:27:00,user_316,Python is really useful,#Trending,811,130,47,Delhi,Neutral,988
3206,2026-09-08 16:28:00,user_262,I love this new AI tool,#Trending,979,197,39,Delhi,Positive,1215
2372,2026-09-08 16:34:00,user_99,Beautiful day in Bengaluru,#Bengaluru,116,42,82,Hyderabad,Positive,240
247,2026-09-08 16:34:00,user_158,Great work by the team,#AI,987,66,46,Bengaluru,Positive,1099
1849,2026-09-08 16:37:00,user_427,Great work by the team,#Technology,677,44,29,Chennai,Positive,750
3784,2026-09-08 16:39:00,user_205,Poor performance today,#Fitness,769,194,92,Mumbai,Negative,1055
9695,2026-09-08 16:50:00,user_344,Fitness workout completed,#Cricket,115,112,31,Mumbai,Neutral,258
6322,2026-09-08 17:08:00,user_63,Technology update today,#Trending,500,3,68,Delhi,Neutral,571
6310,2026-09-08 17:10:00,user_50,Amazing experience today,#Trending,388,87,50,Hyderabad,Positive,525
1658,2026-09-08 17:13:00,user_262,Worst experience ever,#AI,602,149,32,Bengaluru,Negative,783
4719,2026-09-08 17:15:00,user_173,Great work by the team,#Fitness,160,2,48,Delhi,Positive,210
4631,2026-09-08 17:24:00,user_373,Weather update from Bengaluru,#DataAnalytics,163,6,81,Delhi,Neutral,250
238,2026-09-08 17:26:00,user_206,I love this new AI tool,#Trending,619,199,86,Mumbai,Positive,904
9172,2026-09-08 17:30:00,user_20,Weather update from Bengaluru,#Python,219,147,7,Pune,Neutral,373
9910,2026-09-08 17:33:00,user_324,Excellent cricket match,#Python,718,37,67,Delhi,Positive,822
5295,2026-09-08 17:36:00,user_230,Excellent cricket match,#Cricket,508,4,25,Pune,Positive,537
8231,2026-09-08 17:49:00,user_48,Data analytics session today,#Technology,355,120,38,Delhi,Neutral,513
1846,2026-09-08 18:02:00,user_99,Cricket match scheduled today,#DataAnalytics,588,140,94,Mumbai,Neutral,822
6992,2026-09-08 18:02:00,user_281,Beautiful day in Bengaluru,#Technology,707,181,69,Bengaluru,Positive,957
815,2026-09-08 18:11:00,user_128,New information available,#Python,839,8,26,Chennai,Neutral,873
1261,2026-09-08 18:22:00,user_366,New information available,#DataAnalytics,455,69,43,Hyderabad,Neutral,567
9592,2026-09-08 18:26:00,user_97,Cricket match scheduled today,#Trending,788,181,5,Mumbai,Neutral,974
4138,2026-09-08 18:26:00,user_369,Data analytics session today,#Trending,704,192,45,Hyderabad,Neutral,941
172,2026-09-08 18:27:00,user_214,AI news update,#Trending,882,79,74,Pune,Neutral,1035
3779,2026-09-08 18:32:00,user_278,Worst experience ever,#Bengaluru,622,36,15,Hyderabad,Negative,673
2345,2026-09-08 18:37:00,user_394,Python project discussion,#Technology,714,111,69,Hyderabad,Neutral,894
2843,2026-09-08 18:37:00,user_481,Data analytics session today,#Bengaluru,685,80,79,Chennai,Neutral,844
4893,2026-09-08 18:40:00,user_56,Data analytics session today,#Cricket,65,165,33,Mumbai,Neutral,263
9296,2026-09-08 18:44:00,user_464,Great technology update,#Python,765,17,3,Chennai,Positive,785
600,2026-09-08 18:45:00,user_218,I love this new AI tool,#Fitness,392,34,67,Pune,Positive,493
6750,2026-09-08 18:52:00,user_239,Amazing fitness progress,#Cricket,684,18,76,Pune,Positive,778
6528,2026-09-08 18:55:00,user_50,Python is really useful,#Fitness,671,118,85,Mumbai,Neutral,874
7301,2026-09-08 19:03:00,user_235,Beautiful day in Bengaluru,#Python,801,125,95,Pune,Positive,1021
8953,2026-09-08 19:05:00,user_269,Python is really useful,#AI,378,148,98,Delhi,Neutral,624
2042,2026-09-08 19:05:00,user_357,Python is really useful,#Python,366,66,52,Delhi,Neutral,484
9638,2026-09-08 19:18:00,user_393,Great technology update,#Trending,159,42,85,Delhi,Positive,286
1515,2026-09-08 19:19:00,user_404,Data analytics session today,#Fitness,95,173,68,Chennai,Neutral,336
9600,2026-09-08 19:26:00,user_462,Beautiful day in Bengaluru,#Python,241,70,86,Bengaluru,Positive,397
7950,2026-09-08 19:28:00,user_83,I love this new AI tool,#Bengaluru,817,30,68,Hyderabad,Positive,915
1570,2026-09-08 19:34:00,user_427,Terrible service,#Bengaluru,632,15,30,Bengaluru,Negative,677
5378,2026-09-08 19:34:00,user_21,Very disappointing result,#DataAnalytics,490,155,1,Chennai,Neutral,646
4710,2026-09-08 19:40:00,user_410,I love this new AI tool,#Bengaluru,99,143,59,Hyderabad,Positive,301
3548,2026-09-08 19:50:00,user_471,Amazing fitness progress,#AI,14,135,13,Hyderabad,Positive,162
7932,2026-09-08 19:51:00,user_153,Great work by the team,#Fitness,21,41,65,Bengaluru,Positive,127
1665,2026-09-08 19:52:00,user_40,I am angry about this,#Trending,389,178,89,Delhi,Negative,656
5201,2026-09-08 19:57:00,user_486,Terrible service,#Cricket,593,16,28,Hyderabad,Negative,637
3216,2026-09-08 20:02:00,user_355,Weather update from Bengaluru,#Fitness,468,15,67,Bengaluru,Neutral,550
4436,2026-09-08 20:02:00,user_175,Fitness workout completed,#Cricket,944,148,70,Mumbai,Neutral,1162
6909,2026-09-08 20:06:00,user_156,Amazing fitness progress,#DataAnalytics,369,171,19,Bengaluru,Positive,559
5175,2026-09-08 20:09:00,user_60,Bad experience today,#Technology,982,96,100,Pune,Negative,1178
3055,2026-09-08 20:16:00,user_19,Amazing experience today,#Trending,303,7,18,Bengaluru,Positive,328
2295,2026-09-08 20:23:00,user_239,Amazing experience today,#Bengaluru,536,120,70,Chennai,Positive,726
4915,2026-09-08 20:33:00,user_241,I love this new AI tool,#Fitness,46,60,96,Mumbai,Positive,202
2022,2026-09-08 20:40:00,user_220,Technology update today,#Fitness,496,37,54,Hyderabad,Neutral,587
4475,2026-09-08 20:46:00,user_182,Python is really useful,#AI,627,151,66,Bengaluru,Neutral,844
1518,2026-09-08 20:58:00,user_441,Beautiful day in Bengaluru,#Cricket,973,52,49,Pune,Positive,1074
3308,2026-09-08 21:02:00,user_200,Very disappointing result,#Python,92,167,40,Hyderabad,Neutral,299
2041,2026-09-08 21:04:00,user_205,Weather update from Bengaluru,#Cricket,607,51,25,Hyderabad,Neutral,683
461,2026-09-08 21:06:00,user_109,Poor performance today,#DataAnalytics,954,85,69,Mumbai,Negative,1108
663,2026-09-08 21:07:00,user_310,Poor performance today,#AI,200,131,58,Bengaluru,Negative,389
5581,2026-09-08 21:13:00,user_409,Python is really useful,#Cricket,902,16,45,Bengaluru,Neutral,963
3124,2026-09-08 21:18:00,user_150,Technology update today,#Fitness,85,37,86,Hyderabad,Neutral,208
2793,2026-09-08 21:19:00,user_429,Great technology update,#Cricket,119,117,34,Delhi,Positive,270
2565,2026-09-08 21:21:00,user_297,Technology update today,#Trending,444,175,70,Bengaluru,Neutral,689
8658,2026-09-08 21:25:00,user_68,New information available,#DataAnalytics,567,73,76,Bengaluru,Neutral,716
892,2026-09-08 21:27:00,user_294,Python is really useful,#AI,354,150,67,Delhi,Neutral,571
4121,2026-09-08 21:27:00,user_228,Data analytics session today,#Trending,438,164,18,Delhi,Neutral,620
6695,2026-09-08 21:42:00,user_286,Python is really useful,#Fitness,631,84,23,Mumbai,Neutral,738
3729,2026-09-08 21:42:00,user_314,Weather update from Bengaluru,#Technology,251,130,23,Mumbai,Neutral,404
2494,2026-09-08 21:42:00,user_2,Amazing experience today,#AI,58,9,6,Delhi,Positive,73
4930,2026-09-08 21:46:00,user_362,Python is really useful,#Fitness,774,77,18,Chennai,Neutral,869
4586,2026-09-08 21:46:00,user_443,Python is really useful,#Trending,440,192,90,Mumbai,Neutral,722
512,2026-09-08 21:47:00,user_145,Technology update today,#DataAnalytics,649,151,57,Chennai,Neutral,857
7218,2026-09-08 21:57:00,user_225,Very disappointing result,#AI,753,120,79,Mumbai,Neutral,952
8104,2026-09-08 21:58:00,user_5,Python is really useful,#Cricket,829,67,29,Pune,Neutral,925
8006,2026-09-08 22:04:00,user_37,I hate this problem,#Trending,404,78,38,Pune,Negative,520
5620,2026-09-08 22:07:00,user_186,Technology update today,#Cricket,741,174,38,Mumbai,Neutral,953
6243,2026-09-08 22:08:00,user_460,Worst experience ever,#Python,677,174,92,Chennai,Negative,943
6418,2026-09-08 22:09:00,user_220,I love this new AI tool,#Fitness,133,59,98,Delhi,Positive,290
3836,2026-09-08 22:12:00,user_463,Great work by the team,#Trending,353,149,58,Delhi,Positive,560
153,2026-09-08 22:13:00,user_33,Weather update from Bengaluru,#Fitness,600,142,47,Pune,Neutral,789
8318,2026-09-08 22:13:00,user_38,Fitness workout completed,#DataAnalytics,28,162,94,Hyderabad,Neutral,284
6675,2026-09-08 22:21:00,user_486,Technology update today,#Trending,96,126,6,Hyderabad,Neutral,228
1004,2026-09-08 22:21:00,user_449,Great technology update,#Cricket,443,150,19,Chennai,Positive,612
4335,2026-09-08 22:27:00,user_441,Amazing fitness progress,#Bengaluru,92,60,35,Hyderabad,Positive,187
1652,2026-09-08 22:29:00,user_347,Amazing fitness progress,#Fitness,473,86,79,Mumbai,Positive,638
7394,2026-09-08 22:35:00,user_166,I love this new AI tool,#Bengaluru,625,110,15,Delhi,Positive,750
3315,2026-09-08 22:44:00,user_11,Great technology update,#Technology,66,100,89,Bengaluru,Positive,255
6456,2026-09-08 22:45:00,user_193,Worst experience ever,#Cricket,417,44,82,Hyderabad,Negative,543
7902,2026-09-08 22:45:00,user_173,Great technology update,#Trending,835,155,61,Hyderabad,Positive,1051
2248,2026-09-08 22:46:00,user_312,Excellent cricket match,#Cricket,839,108,17,Bengaluru,Positive,964
9883,2026-09-08 22:50:00,user_311,Python project discussion,#AI,728,117,73,Pune,Neutral,918
2189,2026-09-08 22:51:00,user_324,I love this new AI tool,#AI,707,89,87,Pune,Positive,883
2807,2026-09-08 22:52:00,user_260,Python is really useful,#Fitness,658,64,63,Bengaluru,Neutral,785
8646,2026-09-08 22:59:00,user_449,Beautiful day in Bengaluru,#AI,576,54,59,Delhi,Positive,689
8075,2026-09-08 23:04:00,user_59,I hate this problem,#Fitness,539,126,86,Hyderabad,Negative,751
8893,2026-09-08 23:05:00,user_317,Excellent cricket match,#Bengaluru,303,105,1,Chennai,Positive,409
4609,2026-09-08 23:11:00,user_128,Weather update from Bengaluru,#Bengaluru,117,15,67,Chennai,Neutral,199
6278,2026-09-08 23:15:00,user_396,Data analytics session today,#Python,593,151,22,Chennai,Neutral,766
9848,2026-09-08 23:17:00,user_140,Great work by the team,#Bengaluru,326,156,91,Pune,Positive,573
5250,2026-09-08 23:25:00,user_229,Terrible service,#AI,460,98,90,Pune,Negative,648
4543,2026-09-08 23:29:00,user_3,Amazing experience today,#Fitness,170,14,48,Bengaluru,Positive,232
6790,2026-09-08 23:30:00,user_349,Excellent cricket match,#Trending,613,73,21,Pune,Positive,707
9637,2026-09-08 23:31:00,user_485,I am angry about this,#Bengaluru,643,10,22,Pune,Negative,675
7647,2026-09-08 23:35:00,user_109,Worst experience ever,#AI,688,157,10,Chennai,Negative,855
4320,2026-09-08 23:36:00,user_18,Great technology update,#Bengaluru,702,103,45,Hyderabad,Positive,850
1345,2026-09-08 23:36:00,user_137,I love this new AI tool,#DataAnalytics,637,185,84,Pune,Positive,906
347,2026-09-08 23:59:00,user_326,I am angry about this,#Cricket,735,156,95,Chennai,Negative,986
3550,2026-09-09 00:06:00,user_374,AI news update,#Technology,204,67,8,Delhi,Neutral,279
7920,2026-09-09 00:08:00,user_6,Beautiful day in Bengaluru,#AI,149,145,94,Bengaluru,Positive,388
9505,2026-09-09 00:14:00,user_105,Fitness workout completed,#Fitness,323,24,85,Pune,Neutral,432
8288,2026-09-09 00:15:00,user_137,Weather update from Bengaluru,#DataAnalytics,196,177,65,Bengaluru,Neutral,438
532,2026-09-09 00:24:00,user_225,Amazing experience today,#AI,681,14,33,Bengaluru,Positive,728
9540,2026-09-09 00:40:00,user_393,Great work by the team,#Technology,727,6,11,Mumbai,Positive,744
150,2026-09-09 00:41:00,user_293,Excellent cricket match,#Fitness,781,71,2,Pune,Positive,854
368,2026-09-09 00:45:00,user_295,Great work by the team,#AI,56,79,29,Pune,Positive,164
5652,2026-09-09 00:53:00,user_43,New information available,#DataAnalytics,609,21,15,Hyderabad,Neutral,645
9911,2026-09-09 00:56:00,user_484,Great technology update,#DataAnalytics,291,190,92,Mumbai,Positive,573
214,2026-09-09 01:03:00,user_152,I am angry about this,#Cricket,770,140,68,Hyderabad,Negative,978
817,2026-09-09 01:07:00,user_62,Amazing experience today,#Trending,163,126,15,Hyderabad,Positive,304
1424,2026-09-09 01:13:00,user_366,Poor performance today,#AI,885,47,85,Hyderabad,Negative,1017
5768,2026-09-09 01:24:00,user_499,Great technology update,#Fitness,681,68,56,Delhi,Positive,805
9141,2026-09-09 01:28:00,user_103,Great work by the team,#Trending,320,147,88,Chennai,Positive,555
7038,2026-09-09 01:31:00,user_431,I love this new AI tool,#AI,665,123,86,Pune,Positive,874
8594,2026-09-09 01:32:00,user_43,This failed again,#AI,106,38,93,Chennai,Negative,237
1540,2026-09-09 01:44:00,user_269,Amazing experience today,#Python,762,106,29,Mumbai,Positive,897
2278,2026-09-09 01:45:00,user_21,Cricket match scheduled today,#DataAnalytics,286,190,72,Hyderabad,Neutral,548
4924,2026-09-09 01:46:00,user_371,Python project discussion,#Cricket,390,134,65,Mumbai,Neutral,589
2871,2026-09-09 01:57:00,user_6,Great work by the team,#Trending,575,74,52,Bengaluru,Positive,701
9658,2026-09-09 01:59:00,user_4,Very disappointing result,#Fitness,871,4,92,Pune,Neutral,967
7379,2026-09-09 02:06:00,user_380,Beautiful day in Bengaluru,#Technology,347,39,67,Chennai,Positive,453
7331,2026-09-09 02:12:00,user_70,Very disappointing result,#AI,315,144,24,Pune,Neutral,483
7555,2026-09-09 02:25:00,user_449,Python is really useful,#AI,146,50,66,Hyderabad,Neutral,262
3036,2026-09-09 02:37:00,user_210,I love this new AI tool,#AI,245,69,24,Hyderabad,Positive,338
1328,2026-09-09 02:37:00,user_156,I love this new AI tool,#Bengaluru,493,170,86,Pune,Positive,749
9455,2026-09-09 02:37:00,user_340,Amazing experience today,#AI,136,72,11,Bengaluru,Positive,219
5775,2026-09-09 02:40:00,user_213,Great technology update,#Cricket,641,51,4,Mumbai,Positive,696
807,2026-09-09 02:41:00,user_264,Technology update today,#Fitness,932,63,85,Delhi,Neutral,1080
324,2026-09-09 02:44:00,user_301,AI news update,#Bengaluru,751,49,77,Pune,Neutral,877
6946,2026-09-09 02:50:00,user_388,Amazing experience today,#Cricket,481,82,43,Hyderabad,Positive,606
5673,2026-09-09 02:50:00,user_409,Poor performance today,#Technology,484,80,46,Pune,Negative,610
4266,2026-09-09 02:52:00,user_393,AI news update,#Trending,436,8,39,Delhi,Neutral,483
3024,2026-09-09 02:53:00,user_422,Technology update today,#Cricket,551,82,41,Delhi,Neutral,674
839,2026-09-09 02:55:00,user_444,Python is really useful,#DataAnalytics,32,7,54,Bengaluru,Neutral,93
5897,2026-09-09 03:05:00,user_176,Technology update today,#Fitness,365,13,63,Chennai,Neutral,441
4922,2026-09-09 03:06:00,user_315,New information available,#Python,623,72,22,Hyderabad,Neutral,717
3123,2026-09-09 03:12:00,user_220,Amazing experience today,#Bengaluru,375,193,40,Mumbai,Positive,608
7701,2026-09-09 03:14:00,user_162,This failed again,#Technology,423,34,84,Delhi,Negative,541
2446,2026-09-09 03:15:00,user_368,Great work by the team,#Technology,84,74,18,Bengaluru,Positive,176
7006,2026-09-09 03:27:00,user_254,I hate this problem,#Python,148,140,49,Mumbai,Negative,337
2498,2026-09-09 03:28:00,user_287,Great work by the team,#Cricket,262,74,35,Mumbai,Positive,371
8640,2026-09-09 03:29:00,user_100,Excellent cricket match,#Bengaluru,343,16,75,Chennai,Positive,434
5337,2026-09-09 03:30:00,user_483,Python is really useful,#AI,255,85,61,Delhi,Neutral,401
9220,2026-09-09 03:30:00,user_101,Weather update from Bengaluru,#AI,607,6,53,Mumbai,Neutral,666
9020,2026-09-09 03:33:00,user_55,This failed again,#Fitness,502,21,96,Bengaluru,Negative,619
8697,2026-09-09 03:33:00,user_305,Great technology update,#Python,641,158,28,Chennai,Positive,827
2315,2026-09-09 03:41:00,user_329,Great work by the team,#Cricket,232,113,54,Pune,Positive,399
8235,2026-09-09 03:42:00,user_372,AI news update,#Cricket,186,21,14,Pune,Neutral,221
7057,2026-09-09 03:51:00,user_184,Amazing fitness progress,#Fitness,433,100,34,Chennai,Positive,567
6064,2026-09-09 03:54:00,user_394,Beautiful day in Bengaluru,#Trending,857,151,56,Chennai,Positive,1064
6955,2026-09-09 03:55:00,user_397,New information available,#Trending,710,95,1,Mumbai,Neutral,806
2007,2026-09-09 03:57:00,user_219,Worst experience ever,#DataAnalytics,702,60,38,Pune,Negative,800
4244,2026-09-09 04:03:00,user_217,Great technology update,#Bengaluru,884,70,11,Chennai,Positive,965
2797,2026-09-09 04:03:00,user_3,Python is really useful,#Bengaluru,726,46,42,Chennai,Neutral,814
7662,2026-09-09 04:05:00,user_425,I love this new AI tool,#Technology,317,45,17,Hyderabad,Positive,379
1865,2026-09-09 04:07:00,user_12,Bad experience today,#Cricket,459,92,6,Hyderabad,Negative,557
874,2026-09-09 04:08:00,user_266,Bad experience today,#AI,43,88,53,Bengaluru,Negative,184
2122,2026-09-09 04:13:00,user_167,This failed again,#Cricket,545,64,55,Bengaluru,Negative,664
9305,2026-09-09 04:17:00,user_122,Amazing fitness progress,#AI,782,162,33,Hyderabad,Positive,977
4124,2026-09-09 04:22:00,user_175,Amazing experience today,#Technology,855,193,66,Chennai,Positive,1114
4440,2026-09-09 04:23:00,user_211,Amazing experience today,#Trending,909,193,82,Bengaluru,Positive,1184
9609,2026-09-09 04:32:00,user_176,Python project discussion,#Fitness,610,12,16,Mumbai,Neutral,638
2336,2026-09-09 04:33:00,user_182,Great work by the team,#Bengaluru,39,77,52,Delhi,Positive,168
3679,2026-09-09 04:35:00,user_261,Amazing fitness progress,#Python,345,87,6,Mumbai,Positive,438
9877,2026-09-09 04:36:00,user_8,This failed again,#Fitness,895,31,87,Pune,Negative,1013
876,2026-09-09 04:40:00,user_327,Weather update from Bengaluru,#Cricket,782,25,74,Pune,Neutral,881
1560,2026-09-09 04:51:00,user_157,Bad experience today,#Python,981,34,70,Pune,Negative,1085
1132,2026-09-09 04:57:00,user_149,Python is really useful,#AI,967,114,70,Hyderabad,Neutral,1151
5014,2026-09-09 05:01:00,user_112,New information available,#Fitness,248,181,92,Hyderabad,Neutral,521
2241,2026-09-09 05:13:00,user_223,Beautiful day in Bengaluru,#DataAnalytics,958,193,69,Delhi,Positive,1220
3541,2026-09-09 05:41:00,user_65,I love this new AI tool,#Fitness,93,9,2,Chennai,Positive,104
2314,2026-09-09 05:43:00,user_54,This failed again,#DataAnalytics,582,20,22,Mumbai,Negative,624
5532,2026-09-09 05:48:00,user_227,Python is really useful,#Cricket,257,91,12,Bengaluru,Neutral,360
9866,2026-09-09 05:54:00,user_402,Data analytics session today,#Bengaluru,334,200,87,Pune,Neutral,621
5435,2026-09-09 05:58:00,user_332,I love this new AI tool,#Cricket,407,82,45,Chennai,Positive,534
6735,2026-09-09 06:05:00,user_352,This failed again,#AI,317,62,15,Bengaluru,Negative,394
1622,2026-09-09 06:06:00,user_319,New information available,#Technology,326,70,49,Bengaluru,Neutral,445
2859,2026-09-09 06:09:00,user_345,Beautiful day in Bengaluru,#Trending,261,52,75,Bengaluru,Positive,388
1552,2026-09-09 06:10:00,user_45,Data analytics session today,#Bengaluru,425,97,97,Chennai,Neutral,619
7957,2026-09-09 06:18:00,user_442,Great work by the team,#Trending,740,106,43,Chennai,Positive,889
1212,2026-09-09 06:22:00,user_162,Amazing experience today,#Cricket,540,76,31,Chennai,Positive,647
5547,2026-09-09 06:28:00,user_349,Great technology update,#AI,202,151,73,Bengaluru,Positive,426
1204,2026-09-09 06:29:00,user_107,Data analytics session today,#DataAnalytics,551,194,96,Delhi,Neutral,841
6813,2026-09-09 06:46:00,user_48,Great technology update,#Fitness,376,84,71,Chennai,Positive,531
8029,2026-09-09 06:47:00,user_12,Python is really useful,#Technology,441,79,7,Hyderabad,Neutral,527
5822,2026-09-09 07:01:00,user_280,This failed again,#Fitness,73,119,100,Bengaluru,Negative,292
271,2026-09-09 07:01:00,user_494,Excellent cricket match,#Technology,748,55,75,Chennai,Positive,878
3039,2026-09-09 07:02:00,user_465,Beautiful day in Bengaluru,#Technology,53,187,54,Hyderabad,Positive,294
580,2026-09-09 07:04:00,user_447,AI news update,#Technology,196,110,13,Delhi,Neutral,319
5333,2026-09-09 07:04:00,user_65,Amazing experience today,#Python,430,118,46,Pune,Positive,594
6112,2026-09-09 07:05:00,user_334,Technology update today,#Bengaluru,470,62,83,Delhi,Neutral,615
2530,2026-09-09 07:05:00,user_144,I love this new AI tool,#Trending,848,8,41,Hyderabad,Positive,897
4907,2026-09-09 07:07:00,user_175,I love this new AI tool,#DataAnalytics,42,74,13,Delhi,Positive,129
7867,2026-09-09 07:16:00,user_143,Beautiful day in Bengaluru,#DataAnalytics,808,164,69,Bengaluru,Positive,1041
8082,2026-09-09 07:19:00,user_90,I love this new AI tool,#Fitness,933,199,36,Delhi,Positive,1168
3467,2026-09-09 07:20:00,user_165,Weather update from Bengaluru,#Technology,383,72,28,Hyderabad,Neutral,483
2482,2026-09-09 07:25:00,user_495,Poor performance today,#DataAnalytics,661,48,10,Pune,Negative,719
460,2026-09-09 07:27:00,user_481,Poor performance today,#Trending,896,137,27,Hyderabad,Negative,1060
7184,2026-09-09 07:28:00,user_118,I love this new AI tool,#DataAnalytics,269,42,45,Chennai,Positive,356
1492,2026-09-09 07:35:00,user_68,Excellent cricket match,#Trending,890,104,4,Bengaluru,Positive,998
1878,2026-09-09 07:36:00,user_46,Technology update today,#Python,911,62,71,Pune,Neutral,1044
7559,2026-09-09 07:37:00,user_287,Weather update from Bengaluru,#Cricket,783,9,89,Delhi,Neutral,881
2836,2026-09-09 07:41:00,user_297,Very disappointing result,#Trending,929,129,96,Hyderabad,Neutral,1154
1033,2026-09-09 07:47:00,user_159,This failed again,#Cricket,955,39,20,Hyderabad,Negative,1014
3062,2026-09-09 07:51:00,user_250,I am angry about this,#Trending,878,178,37,Hyderabad,Negative,1093
1852,2026-09-09 07:59:00,user_64,Python is really useful,#Technology,535,96,6,Hyderabad,Neutral,637
8204,2026-09-09 08:08:00,user_173,Python is really useful,#AI,957,79,76,Hyderabad,Neutral,1112
5084,2026-09-09 08:08:00,user_127,Amazing experience today,#DataAnalytics,161,150,17,Pune,Positive,328
8143,2026-09-09 08:10:00,user_450,Amazing experience today,#DataAnalytics,528,52,82,Hyderabad,Positive,662
6529,2026-09-09 08:17:00,user_404,I am angry about this,#Fitness,769,147,65,Mumbai,Negative,981
1323,2026-09-09 08:18:00,user_238,Technology update today,#Bengaluru,370,200,80,Hyderabad,Neutral,650
1163,2026-09-09 08:19:00,user_411,I am angry about this,#Trending,645,27,73,Pune,Negative,745
3759,2026-09-09 08:25:00,user_376,Amazing fitness progress,#AI,889,177,50,Chennai,Positive,1116
5153,2026-09-09 08:27:00,user_86,This failed again,#Bengaluru,217,122,79,Mumbai,Negative,418
5445,2026-09-09 08:29:00,user_250,Very disappointing result,#AI,673,111,35,Mumbai,Neutral,819
9087,2026-09-09 08:31:00,user_39,Amazing experience today,#Bengaluru,761,81,54,Chennai,Positive,896
9968,2026-09-09 08:33:00,user_202,Poor performance today,#AI,469,81,52,Chennai,Negative,602
3078,2026-09-09 08:38:00,user_105,Very disappointing result,#Technology,490,131,51,Bengaluru,Neutral,672
1013,2026-09-09 08:43:00,user_220,Excellent cricket match,#Fitness,869,194,84,Pune,Positive,1147
7760,2026-09-09 08:46:00,user_456,Amazing experience today,#Technology,468,18,11,Delhi,Positive,497
1072,2026-09-09 08:48:00,user_343,Excellent cricket match,#Cricket,784,103,98,Chennai,Positive,985
9923,2026-09-09 08:49:00,user_32,Terrible service,#Trending,83,92,84,Pune,Negative,259
8355,2026-09-09 08:52:00,user_171,I love this new AI tool,#Bengaluru,279,94,98,Chennai,Positive,471
794,2026-09-09 09:01:00,user_391,Technology update today,#Trending,884,50,29,Mumbai,Neutral,963
6558,2026-09-09 09:03:00,user_124,Excellent cricket match,#Trending,997,78,68,Mumbai,Positive,1143
2435,2026-09-09 09:03:00,user_424,Very disappointing result,#AI,341,175,84,Bengaluru,Neutral,600
8832,2026-09-09 09:07:00,user_381,Python is really useful,#Python,95,1,86,Bengaluru,Neutral,182
4634,2026-09-09 09:14:00,user_283,Cricket match scheduled today,#AI,214,161,24,Delhi,Neutral,399
9759,2026-09-09 09:15:00,user_475,Technology update today,#Cricket,212,130,42,Delhi,Neutral,384
1238,2026-09-09 09:19:00,user_67,Great technology update,#Cricket,313,179,72,Chennai,Positive,564
9350,2026-09-09 09:23:00,user_269,Amazing fitness progress,#Fitness,404,76,22,Bengaluru,Positive,502
3968,2026-09-09 09:23:00,user_459,Amazing experience today,#Trending,139,174,95,Hyderabad,Positive,408
1531,2026-09-09 09:27:00,user_309,Great work by the team,#Python,364,157,23,Chennai,Positive,544
79,2026-09-09 09:30:00,user_46,Python is really useful,#Bengaluru,455,149,56,Mumbai,Neutral,660
7131,2026-09-09 09:30:00,user_252,Beautiful day in Bengaluru,#Trending,502,118,99,Pune,Positive,719
5672,2026-09-09 09:34:00,user_476,Amazing experience today,#DataAnalytics,254,69,73,Mumbai,Positive,396
6242,2026-09-09 09:35:00,user_54,Cricket match scheduled today,#Cricket,328,114,78,Hyderabad,Neutral,520
244,2026-09-09 09:35:00,user_276,Excellent cricket match,#Technology,21,79,17,Hyderabad,Positive,117
7826,2026-09-09 09:44:00,user_487,Fitness workout completed,#Trending,751,167,97,Delhi,Neutral,1015
5580,2026-09-09 09:46:00,user_252,Poor performance today,#DataAnalytics,393,141,41,Pune,Negative,575
5933,2026-09-09 09:47:00,user_20,Python project discussion,#AI,758,22,11,Chennai,Neutral,791
7726,2026-09-09 09:49:00,user_67,Amazing experience today,#Bengaluru,968,163,81,Pune,Positive,1212
8687,2026-09-09 09:51:00,user_265,Python project discussion,#Technology,349,147,74,Pune,Neutral,570
6373,2026-09-09 09:54:00,user_408,Beautiful day in Bengaluru,#Technology,979,5,11,Chennai,Positive,995
6236,2026-09-09 09:55:00,user_81,Amazing experience today,#Fitness,958,114,17,Mumbai,Positive,1089
8175,2026-09-09 10:01:00,user_235,Weather update from Bengaluru,#Trending,935,100,54,Hyderabad,Neutral,1089
9890,2026-09-09 10:02:00,user_443,AI news update,#Technology,443,44,52,Pune,Neutral,539
7027,2026-09-09 10:07:00,user_254,Python project discussion,#DataAnalytics,948,53,59,Hyderabad,Neutral,1060
4355,2026-09-09 10:10:00,user_399,Great work by the team,#AI,666,111,21,Chennai,Positive,798
5331,2026-09-09 10:11:00,user_44,I hate this problem,#Python,958,152,1,Pune,Negative,1111
1030,2026-09-09 10:20:00,user_284,Great work by the team,#Bengaluru,966,45,20,Chennai,Positive,1031
2029,2026-09-09 10:33:00,user_380,Amazing fitness progress,#AI,200,104,7,Chennai,Positive,311
6162,2026-09-09 10:37:00,user_89,Bad experience today,#Technology,457,90,87,Chennai,Negative,634
8215,2026-09-09 10:47:00,user_72,Amazing experience today,#Cricket,664,74,85,Pune,Positive,823
3092,2026-09-09 10:50:00,user_386,Data analytics session today,#Technology,783,130,12,Mumbai,Neutral,925
6846,2026-09-09 10:50:00,user_489,Python project discussion,#Cricket,863,20,29,Mumbai,Neutral,912
881,2026-09-09 10:53:00,user_94,Amazing experience today,#Python,328,125,24,Pune,Positive,477
1698,2026-09-09 10:56:00,user_126,I love this new AI tool,#AI,801,15,10,Mumbai,Positive,826
8173,2026-09-09 10:57:00,user_498,Worst experience ever,#Bengaluru,849,37,13,Pune,Negative,899
3980,2026-09-09 11:03:00,user_303,Data analytics session today,#Technology,314,128,98,Delhi,Neutral,540
4314,2026-09-09 11:16:00,user_223,I love this new AI tool,#Technology,556,141,91,Mumbai,Positive,788
3460,2026-09-09 11:17:00,user_487,New information available,#Bengaluru,817,21,40,Mumbai,Neutral,878
1248,2026-09-09 11:27:00,user_103,I am angry about this,#Technology,902,173,13,Chennai,Negative,1088
4220,2026-09-09 11:37:00,user_102,Cricket match scheduled today,#Trending,475,120,32,Chennai,Neutral,627
6017,2026-09-09 11:43:00,user_86,Python is really useful,#Trending,147,138,62,Hyderabad,Neutral,347
4397,2026-09-09 11:47:00,user_455,Python project discussion,#Bengaluru,659,15,10,Mumbai,Neutral,684
8182,2026-09-09 11:53:00,user_451,Beautiful day in Bengaluru,#Fitness,805,138,93,Pune,Positive,1036
8491,2026-09-09 11:54:00,user_135,Amazing fitness progress,#Python,485,147,88,Delhi,Positive,720
8720,2026-09-09 11:54:00,user_423,Beautiful day in Bengaluru,#Trending,910,141,89,Chennai,Positive,1140
3318,2026-09-09 11:57:00,user_499,Poor performance today,#Trending,798,12,84,Hyderabad,Negative,894
5294,2026-09-09 12:06:00,user_147,Beautiful day in Bengaluru,#Fitness,419,105,64,Chennai,Positive,588
8391,2026-09-09 12:08:00,user_253,Python is really useful,#DataAnalytics,384,170,74,Chennai,Neutral,628
2097,2026-09-09 12:10:00,user_377,Data analytics session today,#Python,905,95,64,Mumbai,Neutral,1064
2788,2026-09-09 12:17:00,user_214,Python project discussion,#Bengaluru,556,89,34,Delhi,Neutral,679
8365,2026-09-09 12:24:00,user_30,Python is really useful,#AI,561,36,1,Chennai,Neutral,598
6597,2026-09-09 12:32:00,user_434,Python is really useful,#Fitness,806,114,89,Mumbai,Neutral,1009
2617,2026-09-09 12:36:00,user_41,Excellent cricket match,#Bengaluru,555,114,29,Chennai,Positive,698
2947,2026-09-09 12:37:00,user_203,Python is really useful,#Python,782,139,31,Pune,Neutral,952
8841,2026-09-09 12:37:00,user_181,Great work by the team,#AI,472,163,9,Bengaluru,Positive,644
5025,2026-09-09 12:44:00,user_164,Python project discussion,#Technology,939,105,33,Pune,Neutral,1077
5496,2026-09-09 12:44:00,user_466,Fitness workout completed,#Python,885,195,46,Hyderabad,Neutral,1126
16,2026-09-09 12:46:00,user_393,Python is really useful,#DataAnalytics,395,172,56,Hyderabad,Neutral,623
3871,2026-09-09 12:47:00,user_84,Bad experience today,#DataAnalytics,196,171,36,Mumbai,Negative,403
5032,2026-09-09 12:50:00,user_192,Technology update today,#AI,179,115,42,Bengaluru,Neutral,336
3803,2026-09-09 12:51:00,user_321,Beautiful day in Bengaluru,#Technology,59,160,62,Bengaluru,Positive,281
7927,2026-09-09 13:02:00,user_388,Great technology update,#Python,702,22,25,Mumbai,Positive,749
195,2026-09-09 13:05:00,user_293,Amazing fitness progress,#Python,265,199,54,Chennai,Positive,518
254,2026-09-09 13:08:00,user_173,AI news update,#Technology,277,84,11,Pune,Neutral,372
885,2026-09-09 13:11:00,user_444,Beautiful day in Bengaluru,#Trending,660,148,59,Pune,Positive,867
8746,2026-09-09 13:11:00,user_187,Python project discussion,#Fitness,532,54,62,Bengaluru,Neutral,648
5766,2026-09-09 13:14:00,user_385,Data analytics session today,#Python,25,102,8,Bengaluru,Neutral,135
1920,2026-09-09 13:16:00,user_260,Amazing experience today,#Bengaluru,259,95,77,Mumbai,Positive,431
596,2026-09-09 13:17:00,user_283,Great work by the team,#Technology,608,22,85,Pune,Positive,715
22,2026-09-09 13:19:00,user_239,Great technology update,#Python,905,105,50,Hyderabad,Positive,1060
3398,2026-09-09 13:37:00,user_477,AI news update,#Technology,421,119,82,Pune,Neutral,622
1705,2026-09-09 13:40:00,user_25,Bad experience today,#Cricket,453,199,43,Pune,Negative,695
5158,2026-09-09 13:42:00,user_349,Amazing experience today,#Cricket,689,96,17,Chennai,Positive,802
2355,2026-09-09 13:46:00,user_304,Very disappointing result,#DataAnalytics,82,96,97,Mumbai,Neutral,275
716,2026-09-09 13:54:00,user_25,Technology update today,#Cricket,986,173,91,Chennai,Neutral,1250
3921,2026-09-09 13:58:00,user_132,Poor performance today,#Bengaluru,582,42,26,Hyderabad,Negative,650
8590,2026-09-09 13:58:00,user_227,Excellent cricket match,#Fitness,100,149,100,Bengaluru,Positive,349
5100,2026-09-09 13:58:00,user_423,Weather update from Bengaluru,#Technology,474,132,60,Pune,Neutral,666
4749,2026-09-09 13:59:00,user_479,I hate this problem,#Trending,66,157,99,Chennai,Negative,322
1088,2026-09-09 14:09:00,user_453,I love this new AI tool,#Cricket,333,94,53,Pune,Positive,480
2244,2026-09-09 14:11:00,user_433,Very disappointing result,#Technology,12,19,61,Delhi,Neutral,92
4230,2026-09-09 14:13:00,user_340,AI news update,#Trending,173,18,58,Bengaluru,Neutral,249
2488,2026-09-09 14:15:00,user_314,Technology update today,#Trending,586,52,1,Pune,Neutral,639
8787,2026-09-09 14:16:00,user_355,New information available,#DataAnalytics,936,153,79,Bengaluru,Neutral,1168
7898,2026-09-09 14:19:00,user_23,Beautiful day in Bengaluru,#Technology,821,48,82,Pune,Positive,951
921,2026-09-09 14:20:00,user_46,Worst experience ever,#Python,47,105,60,Mumbai,Negative,212
646,2026-09-09 14:32:00,user_495,Excellent cricket match,#AI,417,29,22,Chennai,Positive,468
9090,2026-09-09 14:35:00,user_116,Bad experience today,#Bengaluru,749,171,33,Chennai,Negative,953
8928,2026-09-09 14:46:00,user_480,Data analytics session today,#Trending,286,6,42,Chennai,Neutral,334
3400,2026-09-09 14:53:00,user_251,Great technology update,#Trending,84,97,30,Chennai,Positive,211
4884,2026-09-09 14:53:00,user_316,Great work by the team,#Trending,283,84,98,Bengaluru,Positive,465
9627,2026-09-09 15:05:00,user_147,Amazing experience today,#AI,676,34,92,Hyderabad,Positive,802
6484,2026-09-09 15:15:00,user_38,Python is really useful,#DataAnalytics,41,63,66,Chennai,Neutral,170
2832,2026-09-09 15:19:00,user_440,Cricket match scheduled today,#Cricket,941,69,35,Hyderabad,Neutral,1045
3826,2026-09-09 15:21:00,user_95,Great technology update,#DataAnalytics,551,163,12,Delhi,Positive,726
5394,2026-09-09 15:22:00,user_17,Great work by the team,#Technology,245,161,97,Hyderabad,Positive,503
4248,2026-09-09 15:27:00,user_434,Beautiful day in Bengaluru,#DataAnalytics,64,46,70,Chennai,Positive,180
8319,2026-09-09 15:41:00,user_181,Fitness workout completed,#Python,248,40,66,Pune,Neutral,354
3166,2026-09-09 15:41:00,user_355,Great technology update,#Fitness,554,152,52,Bengaluru,Positive,758
6381,2026-09-09 15:42:00,user_145,Python is really useful,#Bengaluru,964,78,51,Bengaluru,Neutral,1093
5036,2026-09-09 15:44:00,user_421,Python project discussion,#AI,643,68,58,Delhi,Neutral,769
4345,2026-09-09 15:48:00,user_384,I love this new AI tool,#Trending,16,138,71,Bengaluru,Positive,225
9641,2026-09-09 15:48:00,user_346,Amazing experience today,#AI,329,51,95,Mumbai,Positive,475
9320,2026-09-09 15:55:00,user_233,Beautiful day in Bengaluru,#Technology,10,47,65,Delhi,Positive,122
5919,2026-09-09 15:57:00,user_355,Great work by the team,#AI,162,131,39,Hyderabad,Positive,332
8621,2026-09-09 16:04:00,user_153,Fitness workout completed,#Trending,799,91,50,Hyderabad,Neutral,940
4795,2026-09-09 16:06:00,user_146,Python is really useful,#Technology,983,161,43,Mumbai,Neutral,1187
7202,2026-09-09 16:12:00,user_226,Weather update from Bengaluru,#DataAnalytics,811,165,99,Bengaluru,Neutral,1075
3662,2026-09-09 16:14:00,user_5,Very disappointing result,#AI,785,109,59,Delhi,Neutral,953
9830,2026-09-09 16:26:00,user_491,Very disappointing result,#Trending,542,185,6,Delhi,Neutral,733
1761,2026-09-09 16:40:00,user_427,Beautiful day in Bengaluru,#AI,521,188,18,Bengaluru,Positive,727
3232,2026-09-09 16:43:00,user_23,AI news update,#DataAnalytics,486,69,32,Chennai,Neutral,587
834,2026-09-09 16:55:00,user_54,Great technology update,#Bengaluru,825,194,77,Hyderabad,Positive,1096
8985,2026-09-09 17:01:00,user_323,I love this new AI tool,#AI,265,124,51,Delhi,Positive,440
3747,2026-09-09 17:02:00,user_225,Weather update from Bengaluru,#DataAnalytics,532,60,86,Hyderabad,Neutral,678
1592,2026-09-09 17:05:00,user_163,I love this new AI tool,#DataAnalytics,871,168,67,Chennai,Positive,1106
888,2026-09-09 17:06:00,user_100,Amazing fitness progress,#Technology,782,98,85,Mumbai,Positive,965
6122,2026-09-09 17:10:00,user_193,This failed again,#Python,250,120,53,Hyderabad,Negative,423
2731,2026-09-09 17:17:00,user_228,Amazing experience today,#AI,952,156,76,Bengaluru,Positive,1184
1546,2026-09-09 17:26:00,user_130,Terrible service,#Bengaluru,682,128,12,Hyderabad,Negative,822
430,2026-09-09 17:27:00,user_46,Great work by the team,#Trending,279,3,49,Hyderabad,Positive,331
4206,2026-09-09 17:30:00,user_381,I love this new AI tool,#Technology,207,69,30,Chennai,Positive,306
7780,2026-09-09 17:49:00,user_301,I love this new AI tool,#Cricket,137,50,84,Chennai,Positive,271
8823,2026-09-09 17:50:00,user_276,This failed again,#Technology,692,21,56,Bengaluru,Negative,769
3456,2026-09-09 17:52:00,user_365,Weather update from Bengaluru,#Bengaluru,657,16,42,Mumbai,Neutral,715
127,2026-09-09 17:52:00,user_109,Data analytics session today,#Technology,163,177,31,Mumbai,Neutral,371
9689,2026-09-09 17:56:00,user_160,Fitness workout completed,#Technology,899,41,28,Pune,Neutral,968
7865,2026-09-09 18:17:00,user_306,Excellent cricket match,#Fitness,834,174,97,Chennai,Positive,1105
3957,2026-09-09 18:18:00,user_375,Great technology update,#Python,877,31,34,Hyderabad,Positive,942
5948,2026-09-09 18:21:00,user_147,Excellent cricket match,#Fitness,351,173,7,Mumbai,Positive,531
5760,2026-09-09 18:22:00,user_47,New information available,#AI,607,80,39,Chennai,Neutral,726
9491,2026-09-09 18:40:00,user_470,Python is really useful,#Technology,202,81,54,Mumbai,Neutral,337
341,2026-09-09 18:43:00,user_361,This failed again,#Fitness,419,114,63,Mumbai,Negative,596
3955,2026-09-09 18:43:00,user_296,Amazing fitness progress,#Python,957,157,32,Chennai,Positive,1146
6715,2026-09-09 18:49:00,user_306,Very disappointing result,#Trending,454,121,15,Pune,Neutral,590
3032,2026-09-09 19:01:00,user_62,Great technology update,#Bengaluru,190,32,16,Chennai,Positive,238
3291,2026-09-09 19:02:00,user_165,Data analytics session today,#Fitness,954,134,22,Pune,Neutral,1110
5567,2026-09-09 19:09:00,user_437,Python project discussion,#AI,128,59,63,Bengaluru,Neutral,250
5441,2026-09-09 19:12:00,user_490,Amazing fitness progress,#Fitness,724,70,73,Delhi,Positive,867
6796,2026-09-09 19:19:00,user_52,Cricket match scheduled today,#Fitness,840,4,42,Chennai,Neutral,886
2047,2026-09-09 19:21:00,user_215,Poor performance today,#Python,75,62,39,Pune,Negative,176
4240,2026-09-09 19:23:00,user_291,Worst experience ever,#Cricket,606,144,24,Mumbai,Negative,774
2809,2026-09-09 19:25:00,user_82,This failed again,#AI,127,109,41,Pune,Negative,277
634,2026-09-09 19:29:00,user_124,Beautiful day in Bengaluru,#Technology,731,117,32,Bengaluru,Positive,880
1945,2026-09-09 19:31:00,user_129,Fitness workout completed,#Python,261,70,1,Chennai,Neutral,332
7612,2026-09-09 19:36:00,user_55,Python project discussion,#Bengaluru,874,48,95,Chennai,Neutral,1017
3444,2026-09-09 19:37:00,user_232,Bad experience today,#Python,694,10,61,Bengaluru,Negative,765
4839,2026-09-09 19:37:00,user_207,Very disappointing result,#Technology,103,170,90,Chennai,Neutral,363
7967,2026-09-09 19:39:00,user_228,I hate this problem,#Python,900,154,10,Hyderabad,Negative,1064
7398,2026-09-09 19:41:00,user_337,Weather update from Bengaluru,#Technology,175,119,44,Pune,Neutral,338
5015,2026-09-09 19:43:00,user_455,Weather update from Bengaluru,#DataAnalytics,248,176,74,Mumbai,Neutral,498
7100,2026-09-09 19:44:00,user_345,Weather update from Bengaluru,#Python,921,58,79,Mumbai,Neutral,1058
3363,2026-09-09 19:47:00,user_372,Amazing fitness progress,#DataAnalytics,815,27,68,Hyderabad,Positive,910
6309,2026-09-09 19:53:00,user_490,Python project discussion,#DataAnalytics,255,128,85,Delhi,Neutral,468
9656,2026-09-09 19:55:00,user_319,Amazing experience today,#Cricket,413,18,40,Delhi,Positive,471
5349,2026-09-09 19:55:00,user_83,I hate this problem,#Cricket,944,189,66,Delhi,Negative,1199
1172,2026-09-09 19:58:00,user_259,Weather update from Bengaluru,#DataAnalytics,757,102,21,Chennai,Neutral,880
2733,2026-09-09 20:00:00,user_426,Excellent cricket match,#Trending,349,42,53,Mumbai,Positive,444
5632,2026-09-09 20:03:00,user_452,Amazing fitness progress,#AI,267,133,75,Chennai,Positive,475
9004,2026-09-09 20:03:00,user_109,Amazing fitness progress,#Trending,185,162,99,Pune,Positive,446
8581,2026-09-09 20:08:00,user_23,Amazing experience today,#Trending,105,44,40,Mumbai,Positive,189
8433,2026-09-09 20:11:00,user_438,Weather update from Bengaluru,#DataAnalytics,116,123,91,Bengaluru,Neutral,330
2472,2026-09-09 20:12:00,user_311,Excellent cricket match,#Bengaluru,796,73,67,Chennai,Positive,936
1641,2026-09-09 20:16:00,user_313,Excellent cricket match,#DataAnalytics,186,155,74,Delhi,Positive,415
8290,2026-09-09 20:29:00,user_229,Cricket match scheduled today,#DataAnalytics,880,198,49,Pune,Neutral,1127
7547,2026-09-09 20:30:00,user_80,Worst experience ever,#Fitness,783,107,37,Chennai,Negative,927
2325,2026-09-09 20:33:00,user_143,Beautiful day in Bengaluru,#Bengaluru,363,147,86,Delhi,Positive,596
1104,2026-09-09 20:40:00,user_158,Excellent cricket match,#DataAnalytics,605,37,73,Pune,Positive,715
2332,2026-09-09 20:41:00,user_169,This failed again,#Cricket,109,184,9,Mumbai,Negative,302
1283,2026-09-09 20:42:00,user_444,Technology update today,#Cricket,382,154,56,Pune,Neutral,592
2776,2026-09-09 20:48:00,user_211,Amazing experience today,#Trending,99,2,29,Hyderabad,Positive,130
3991,2026-09-09 20:56:00,user_222,Beautiful day in Bengaluru,#DataAnalytics,187,120,74,Hyderabad,Positive,381
4537,2026-09-09 20:57:00,user_381,Great work by the team,#Cricket,609,6,54,Mumbai,Positive,669
4118,2026-09-09 20:58:00,user_204,Excellent cricket match,#Trending,629,137,56,Chennai,Positive,822
1543,2026-09-09 21:00:00,user_275,Amazing experience today,#Fitness,717,159,70,Pune,Positive,946
562,2026-09-09 21:09:00,user_379,Worst experience ever,#AI,635,12,17,Pune,Negative,664
2978,2026-09-09 21:14:00,user_125,Technology update today,#Technology,790,111,2,Chennai,Neutral,903
1343,2026-09-09 21:19:00,user_301,Python is really useful,#Python,591,113,32,Hyderabad,Neutral,736
7142,2026-09-09 21:19:00,user_94,Great work by the team,#AI,971,76,72,Pune,Positive,1119
8630,2026-09-09 21:19:00,user_414,I hate this problem,#AI,132,184,79,Bengaluru,Negative,395
1464,2026-09-09 21:24:00,user_149,Python project discussion,#AI,920,168,18,Mumbai,Neutral,1106
4329,2026-09-09 21:26:00,user_313,Cricket match scheduled today,#Trending,426,13,27,Bengaluru,Neutral,466
4123,2026-09-09 21:29:00,user_158,I love this new AI tool,#AI,122,177,18,Chennai,Positive,317
2504,2026-09-09 21:31:00,user_464,Python is really useful,#Cricket,404,113,9,Bengaluru,Neutral,526
6414,2026-09-09 21:34:00,user_498,Weather update from Bengaluru,#Trending,177,111,66,Bengaluru,Neutral,354
6996,2026-09-09 21:36:00,user_450,Python project discussion,#DataAnalytics,628,155,24,Delhi,Neutral,807
9776,2026-09-09 21:37:00,user_191,Amazing experience today,#Technology,13,116,45,Chennai,Positive,174
7568,2026-09-09 21:39:00,user_387,Excellent cricket match,#AI,93,128,3,Pune,Positive,224
5030,2026-09-09 21:40:00,user_5,Terrible service,#Technology,120,39,50,Bengaluru,Negative,209
2287,2026-09-09 21:52:00,user_408,Cricket match scheduled today,#Bengaluru,190,86,31,Pune,Neutral,307
5996,2026-09-09 21:53:00,user_216,I hate this problem,#Fitness,107,51,26,Delhi,Negative,184
9648,2026-09-09 21:54:00,user_236,Python project discussion,#Python,833,196,59,Bengaluru,Neutral,1088
8246,2026-09-09 21:58:00,user_256,AI news update,#Bengaluru,80,123,74,Hyderabad,Neutral,277
9709,2026-09-09 21:59:00,user_272,Very disappointing result,#DataAnalytics,972,190,56,Pune,Neutral,1218
5649,2026-09-09 21:59:00,user_475,Terrible service,#Fitness,310,139,78,Pune,Negative,527
4592,2026-09-09 22:02:00,user_169,Great work by the team,#DataAnalytics,773,124,7,Delhi,Positive,904
4438,2026-09-09 22:10:00,user_142,Amazing experience today,#Technology,545,198,56,Chennai,Positive,799
2632,2026-09-09 22:11:00,user_9,Data analytics session today,#Cricket,194,108,99,Mumbai,Neutral,401
7144,2026-09-09 22:12:00,user_432,Beautiful day in Bengaluru,#Cricket,568,111,45,Delhi,Positive,724
3369,2026-09-09 22:14:00,user_61,Python project discussion,#Python,222,196,48,Mumbai,Neutral,466
9034,2026-09-09 22:19:00,user_354,Cricket match scheduled today,#AI,699,105,83,Chennai,Neutral,887
178,2026-09-09 22:20:00,user_356,Amazing fitness progress,#DataAnalytics,371,175,57,Delhi,Positive,603
1879,2026-09-09 22:27:00,user_54,Weather update from Bengaluru,#AI,993,172,44,Hyderabad,Neutral,1209
4332,2026-09-09 22:31:00,user_41,Great work by the team,#Technology,960,179,82,Bengaluru,Positive,1221
3566,2026-09-09 22:39:00,user_363,Great technology update,#AI,983,65,43,Bengaluru,Positive,1091
204,2026-09-09 22:44:00,user_42,Data analytics session today,#Fitness,706,182,55,Delhi,Neutral,943
1617,2026-09-09 22:44:00,user_258,Bad experience today,#Bengaluru,216,33,14,Delhi,Negative,263
2863,2026-09-09 22:47:00,user_471,Beautiful day in Bengaluru,#Bengaluru,691,75,70,Mumbai,Positive,836
3247,2026-09-09 22:51:00,user_107,Amazing experience today,#DataAnalytics,442,110,81,Hyderabad,Positive,633
4983,2026-09-09 23:09:00,user_387,Fitness workout completed,#AI,899,76,11,Mumbai,Neutral,986
843,2026-09-09 23:14:00,user_288,Great work by the team,#Bengaluru,177,17,50,Chennai,Positive,244
3533,2026-09-09 23:15:00,user_7,Great work by the team,#Bengaluru,352,170,43,Mumbai,Positive,565
9153,2026-09-09 23:23:00,user_397,Amazing fitness progress,#Cricket,367,24,60,Mumbai,Positive,451
4972,2026-09-09 23:25:00,user_169,Very disappointing result,#Cricket,298,82,55,Mumbai,Neutral,435
5976,2026-09-09 23:26:00,user_359,New information available,#Fitness,377,181,20,Mumbai,Neutral,578
1717,2026-09-09 23:27:00,user_37,Amazing experience today,#Cricket,806,178,30,Mumbai,Positive,1014
5488,2026-09-09 23:34:00,user_392,New information available,#Trending,568,26,53,Chennai,Neutral,647
70,2026-09-09 23:46:00,user_6,Beautiful day in Bengaluru,#Fitness,689,79,77,Mumbai,Positive,845
4833,2026-09-09 23:50:00,user_225,Weather update from Bengaluru,#Technology,200,13,31,Bengaluru,Neutral,244
1737,2026-09-09 23:59:00,user_83,Python project discussion,#Python,54,197,27,Pune,Neutral,278
7190,2026-09-10 00:03:00,user_260,Beautiful day in Bengaluru,#Python,763,58,33,Hyderabad,Positive,854
9407,2026-09-10 00:03:00,user_461,I love this new AI tool,#Bengaluru,564,33,35,Chennai,Positive,632
9469,2026-09-10 00:06:00,user_455,Amazing fitness progress,#Fitness,1000,61,91,Delhi,Positive,1152
7211,2026-09-10 00:12:00,user_484,Python is really useful,#Trending,673,97,99,Chennai,Neutral,869
7849,2026-09-10 00:14:00,user_367,Very disappointing result,#Trending,533,25,33,Delhi,Neutral,591
6476,2026-09-10 00:16:00,user_306,Beautiful day in Bengaluru,#Fitness,696,124,61,Hyderabad,Positive,881
8534,2026-09-10 00:18:00,user_469,Python project discussion,#Technology,869,11,67,Delhi,Neutral,947
3013,2026-09-10 00:23:00,user_325,Weather update from Bengaluru,#Cricket,432,112,48,Delhi,Neutral,592
1648,2026-09-10 00:37:00,user_15,Amazing fitness progress,#AI,441,23,45,Mumbai,Positive,509
2837,2026-09-10 00:40:00,user_188,Data analytics session today,#Bengaluru,403,28,48,Bengaluru,Neutral,479
4507,2026-09-10 00:48:00,user_263,Great technology update,#DataAnalytics,314,121,70,Bengaluru,Positive,505
7560,2026-09-10 00:55:00,user_468,Amazing fitness progress,#AI,471,114,65,Chennai,Positive,650
9017,2026-09-10 01:01:00,user_494,Data analytics session today,#Bengaluru,709,106,34,Delhi,Neutral,849
1764,2026-09-10 01:02:00,user_115,Amazing fitness progress,#Bengaluru,173,116,41,Pune,Positive,330
3990,2026-09-10 01:04:00,user_214,Terrible service,#Bengaluru,604,20,1,Delhi,Negative,625
1055,2026-09-10 01:04:00,user_332,Amazing fitness progress,#Cricket,554,138,8,Mumbai,Positive,700
2857,2026-09-10 01:07:00,user_114,AI news update,#Trending,879,67,24,Delhi,Neutral,970
759,2026-09-10 01:08:00,user_267,Amazing fitness progress,#Python,981,120,39,Hyderabad,Positive,1140
2967,2026-09-10 01:11:00,user_55,Amazing fitness progress,#Python,327,123,61,Hyderabad,Positive,511
3549,2026-09-10 01:12:00,user_92,Data analytics session today,#AI,256,16,10,Pune,Neutral,282
1832,2026-09-10 01:14:00,user_298,Weather update from Bengaluru,#Cricket,330,1,77,Chennai,Neutral,408
7712,2026-09-10 01:15:00,user_326,Beautiful day in Bengaluru,#Fitness,135,194,47,Chennai,Positive,376
2262,2026-09-10 01:27:00,user_36,Amazing experience today,#Fitness,890,31,27,Pune,Positive,948
2455,2026-09-10 01:27:00,user_359,Bad experience today,#Bengaluru,989,184,96,Chennai,Negative,1269
5551,2026-09-10 01:34:00,user_23,Technology update today,#Cricket,118,95,56,Chennai,Neutral,269
6773,2026-09-10 01:37:00,user_392,I am angry about this,#Fitness,385,151,32,Bengaluru,Negative,568
5845,2026-09-10 01:49:00,user_13,Data analytics session today,#DataAnalytics,202,102,59,Pune,Neutral,363
2604,2026-09-10 01:49:00,user_450,Amazing fitness progress,#Cricket,357,45,10,Mumbai,Positive,412
7177,2026-09-10 01:51:00,user_215,I hate this problem,#Fitness,720,62,74,Pune,Negative,856
252,2026-09-10 01:54:00,user_109,I love this new AI tool,#Cricket,319,59,49,Delhi,Positive,427
4960,2026-09-10 01:55:00,user_219,Great work by the team,#Fitness,94,183,90,Bengaluru,Positive,367
7269,2026-09-10 01:57:00,user_59,I love this new AI tool,#DataAnalytics,218,190,53,Chennai,Positive,461
8475,2026-09-10 01:58:00,user_398,Python project discussion,#Python,243,141,44,Chennai,Neutral,428
184,2026-09-10 02:01:00,user_75,Great work by the team,#Python,968,27,43,Mumbai,Positive,1038
6171,2026-09-10 02:04:00,user_415,Great technology update,#Technology,89,171,25,Delhi,Positive,285
6775,2026-09-10 02:08:00,user_224,I am angry about this,#Fitness,970,117,45,Bengaluru,Negative,1132
3492,2026-09-10 02:25:00,user_289,Excellent cricket match,#Cricket,878,102,78,Bengaluru,Positive,1058
8224,2026-09-10 02:25:00,user_155,Fitness workout completed,#Trending,850,18,44,Delhi,Neutral,912
479,2026-09-10 02:26:00,user_304,Cricket match scheduled today,#Fitness,936,192,61,Chennai,Neutral,1189
960,2026-09-10 02:33:00,user_167,Beautiful day in Bengaluru,#DataAnalytics,123,12,1,Chennai,Positive,136
5487,2026-09-10 02:35:00,user_447,Data analytics session today,#DataAnalytics,162,6,39,Pune,Neutral,207
337,2026-09-10 02:36:00,user_225,Great work by the team,#DataAnalytics,276,145,42,Hyderabad,Positive,463
1728,2026-09-10 02:37:00,user_121,I love this new AI tool,#AI,87,107,54,Pune,Positive,248
6615,2026-09-10 02:37:00,user_245,Amazing fitness progress,#Trending,117,164,14,Delhi,Positive,295
2880,2026-09-10 02:44:00,user_289,Amazing experience today,#Fitness,554,52,69,Hyderabad,Positive,675
830,2026-09-10 02:50:00,user_254,Great work by the team,#AI,46,49,75,Chennai,Positive,170
9410,2026-09-10 02:55:00,user_220,Amazing fitness progress,#DataAnalytics,600,4,71,Delhi,Positive,675
3651,2026-09-10 03:07:00,user_449,Technology update today,#Cricket,165,57,99,Bengaluru,Neutral,321
4652,2026-09-10 03:11:00,user_202,Amazing fitness progress,#Bengaluru,751,171,92,Mumbai,Positive,1014
6250,2026-09-10 03:15:00,user_384,Amazing experience today,#Python,623,82,80,Chennai,Positive,785
8103,2026-09-10 03:17:00,user_107,AI news update,#DataAnalytics,102,58,3,Mumbai,Neutral,163
5507,2026-09-10 03:20:00,user_319,I love this new AI tool,#DataAnalytics,878,93,80,Bengaluru,Positive,1051
9745,2026-09-10 03:28:00,user_82,Worst experience ever,#AI,578,35,94,Pune,Negative,707
7022,2026-09-10 03:30:00,user_260,Python is really useful,#Fitness,140,36,21,Bengaluru,Neutral,197
2016,2026-09-10 03:30:00,user_401,AI news update,#Fitness,438,142,87,Chennai,Neutral,667
4285,2026-09-10 03:36:00,user_478,Weather update from Bengaluru,#DataAnalytics,334,193,37,Hyderabad,Neutral,564
8153,2026-09-10 03:38:00,user_87,Python is really useful,#Trending,443,157,55,Delhi,Neutral,655
6605,2026-09-10 03:40:00,user_420,Great technology update,#Python,384,194,48,Chennai,Positive,626
9771,2026-09-10 03:44:00,user_161,Python is really useful,#DataAnalytics,420,150,40,Delhi,Neutral,610
9936,2026-09-10 03:49:00,user_363,Excellent cricket match,#AI,217,115,69,Pune,Positive,401
3408,2026-09-10 03:58:00,user_382,AI news update,#Technology,382,115,54,Pune,Neutral,551
697,2026-09-10 04:00:00,user_259,Excellent cricket match,#Technology,684,143,33,Bengaluru,Positive,860
2309,2026-09-10 04:01:00,user_63,Very disappointing result,#DataAnalytics,218,12,86,Delhi,Neutral,316
6895,2026-09-10 04:03:00,user_466,Python project discussion,#Cricket,245,127,20,Pune,Neutral,392
6712,2026-09-10 04:12:00,user_263,Excellent cricket match,#Trending,973,110,90,Mumbai,Positive,1173
7378,2026-09-10 04:12:00,user_4,Excellent cricket match,#DataAnalytics,512,128,5,Hyderabad,Positive,645
9421,2026-09-10 04:14:00,user_221,Beautiful day in Bengaluru,#Cricket,497,27,43,Bengaluru,Positive,567
7807,2026-09-10 04:20:00,user_91,Fitness workout completed,#Cricket,640,72,48,Hyderabad,Neutral,760
571,2026-09-10 04:22:00,user_209,Amazing experience today,#Technology,529,18,83,Delhi,Positive,630
3505,2026-09-10 04:24:00,user_456,Technology update today,#Python,843,142,60,Pune,Neutral,1045
6550,2026-09-10 04:35:00,user_92,I love this new AI tool,#Cricket,58,65,78,Pune,Positive,201
879,2026-09-10 04:40:00,user_367,Beautiful day in Bengaluru,#Cricket,409,6,49,Hyderabad,Positive,464
7001,2026-09-10 04:41:00,user_484,Amazing fitness progress,#Fitness,724,110,30,Mumbai,Positive,864
6578,2026-09-10 04:56:00,user_85,Bad experience today,#AI,407,116,4,Pune,Negative,527
8025,2026-09-10 05:02:00,user_488,Beautiful day in Bengaluru,#Python,78,64,7,Chennai,Positive,149
8239,2026-09-10 05:13:00,user_134,Python is really useful,#Bengaluru,409,54,39,Mumbai,Neutral,502
3870,2026-09-10 05:14:00,user_92,Amazing experience today,#Trending,549,83,22,Bengaluru,Positive,654
9323,2026-09-10 05:14:00,user_321,This failed again,#Trending,463,12,100,Delhi,Negative,575
7363,2026-09-10 05:14:00,user_268,Bad experience today,#AI,371,13,49,Hyderabad,Negative,433
5834,2026-09-10 05:15:00,user_449,AI news update,#Trending,737,61,13,Hyderabad,Neutral,811
3375,2026-09-10 05:15:00,user_441,Technology update today,#Trending,348,167,71,Hyderabad,Neutral,586
9925,2026-09-10 05:24:00,user_22,Technology update today,#AI,532,171,14,Chennai,Neutral,717
6956,2026-09-10 05:26:00,user_396,Beautiful day in Bengaluru,#Fitness,732,91,17,Mumbai,Positive,840
9037,2026-09-10 05:30:00,user_176,New information available,#AI,717,195,72,Pune,Neutral,984
9836,2026-09-10 05:34:00,user_474,Beautiful day in Bengaluru,#DataAnalytics,535,55,73,Delhi,Positive,663
2415,2026-09-10 05:36:00,user_485,Weather update from Bengaluru,#DataAnalytics,357,47,100,Mumbai,Neutral,504
6332,2026-09-10 05:37:00,user_57,Excellent cricket match,#DataAnalytics,863,200,60,Chennai,Positive,1123
3066,2026-09-10 05:37:00,user_100,Bad experience today,#Technology,275,32,47,Delhi,Negative,354
9306,2026-09-10 05:39:00,user_479,Great technology update,#Technology,91,6,43,Chennai,Positive,140
8808,2026-09-10 05:40:00,user_352,Python project discussion,#DataAnalytics,605,91,73,Pune,Neutral,769
5515,2026-09-10 05:49:00,user_476,Great technology update,#Cricket,866,173,90,Hyderabad,Positive,1129
6128,2026-09-10 05:51:00,user_33,Technology update today,#Cricket,532,103,86,Bengaluru,Neutral,721
7093,2026-09-10 05:56:00,user_80,AI news update,#AI,998,121,89,Mumbai,Neutral,1208
6755,2026-09-10 05:57:00,user_445,Amazing fitness progress,#Fitness,364,194,65,Delhi,Positive,623
563,2026-09-10 06:19:00,user_486,Terrible service,#Bengaluru,910,170,32,Pune,Negative,1112
3289,2026-09-10 06:23:00,user_350,Amazing experience today,#Python,84,199,62,Chennai,Positive,345
9477,2026-09-10 06:26:00,user_117,Amazing experience today,#Cricket,975,34,89,Chennai,Positive,1098
6766,2026-09-10 06:26:00,user_208,Cricket match scheduled today,#Trending,562,98,86,Chennai,Neutral,746
1290,2026-09-10 06:33:00,user_497,Poor performance today,#Technology,175,187,69,Bengaluru,Negative,431
2204,2026-09-10 06:34:00,user_33,Technology update today,#Python,566,103,92,Delhi,Neutral,761
8616,2026-09-10 06:37:00,user_248,Great work by the team,#Trending,724,132,7,Chennai,Positive,863
349,2026-09-10 06:39:00,user_195,Very disappointing result,#Trending,411,108,58,Bengaluru,Neutral,577
6947,2026-09-10 06:40:00,user_381,Cricket match scheduled today,#AI,768,93,96,Hyderabad,Neutral,957
511,2026-09-10 06:40:00,user_103,I hate this problem,#Trending,973,4,24,Mumbai,Negative,1001
4571,2026-09-10 06:51:00,user_333,I love this new AI tool,#Cricket,247,60,10,Delhi,Positive,317
2200,2026-09-10 06:55:00,user_35,Python is really useful,#AI,966,98,6,Mumbai,Neutral,1070
7122,2026-09-10 06:56:00,user_184,I am angry about this,#Python,487,191,44,Delhi,Negative,722
5807,2026-09-10 06:59:00,user_366,Amazing experience today,#Fitness,291,105,83,Delhi,Positive,479
3261,2026-09-10 07:03:00,user_336,Technology update today,#Fitness,699,62,42,Mumbai,Neutral,803
684,2026-09-10 07:08:00,user_102,Very disappointing result,#Trending,118,146,46,Delhi,Neutral,310
8713,2026-09-10 07:24:00,user_403,Bad experience today,#Cricket,164,45,8,Bengaluru,Negative,217
8935,2026-09-10 07:29:00,user_393,Excellent cricket match,#Bengaluru,969,131,33,Pune,Positive,1133
155,2026-09-10 07:30:00,user_282,Amazing fitness progress,#AI,923,10,60,Bengaluru,Positive,993
8192,2026-09-10 07:35:00,user_459,Great technology update,#Trending,440,112,95,Bengaluru,Positive,647
2913,2026-09-10 07:35:00,user_440,Beautiful day in Bengaluru,#AI,383,37,21,Pune,Positive,441
9969,2026-09-10 07:37:00,user_26,Data analytics session today,#AI,164,101,87,Pune,Neutral,352
4275,2026-09-10 07:40:00,user_122,Excellent cricket match,#Trending,498,87,29,Mumbai,Positive,614
8281,2026-09-10 07:43:00,user_339,Python project discussion,#Bengaluru,713,62,80,Chennai,Neutral,855
6177,2026-09-10 07:44:00,user_320,Excellent cricket match,#Technology,568,106,56,Bengaluru,Positive,730
166,2026-09-10 07:46:00,user_290,Worst experience ever,#Python,76,137,4,Mumbai,Negative,217
2178,2026-09-10 07:52:00,user_430,Python is really useful,#Technology,68,140,27,Delhi,Neutral,235
6326,2026-09-10 07:53:00,user_268,Weather update from Bengaluru,#AI,22,106,49,Pune,Neutral,177
1063,2026-09-10 07:57:00,user_312,Cricket match scheduled today,#Cricket,656,93,38,Mumbai,Neutral,787
1085,2026-09-10 07:57:00,user_205,Amazing fitness progress,#Bengaluru,237,32,7,Bengaluru,Positive,276
7041,2026-09-10 08:02:00,user_394,AI news update,#Bengaluru,136,163,6,Hyderabad,Neutral,305
4043,2026-09-10 08:08:00,user_400,Python is really useful,#Python,909,125,27,Chennai,Neutral,1061
4080,2026-09-10 08:11:00,user_81,Technology update today,#Python,36,78,6,Pune,Neutral,120
7335,2026-09-10 08:13:00,user_430,AI news update,#Bengaluru,77,104,73,Mumbai,Neutral,254
5748,2026-09-10 08:16:00,user_308,Fitness workout completed,#Bengaluru,624,87,68,Hyderabad,Neutral,779
4836,2026-09-10 08:22:00,user_440,Great technology update,#Python,362,196,27,Pune,Positive,585
9086,2026-09-10 08:23:00,user_377,AI news update,#Cricket,202,134,70,Pune,Neutral,406
9581,2026-09-10 08:27:00,user_328,Python is really useful,#Trending,719,44,19,Bengaluru,Neutral,782
8553,2026-09-10 08:28:00,user_92,I love this new AI tool,#Cricket,132,73,26,Hyderabad,Positive,231
5679,2026-09-10 08:31:00,user_297,Technology update today,#Trending,767,70,36,Delhi,Neutral,873
2142,2026-09-10 08:32:00,user_40,Worst experience ever,#AI,633,149,9,Bengaluru,Negative,791
5276,2026-09-10 08:34:00,user_306,I love this new AI tool,#Python,532,30,34,Mumbai,Positive,596
5946,2026-09-10 08:41:00,user_276,Amazing experience today,#Fitness,71,53,17,Chennai,Positive,141
4141,2026-09-10 08:41:00,user_345,Python project discussion,#Trending,977,129,91,Chennai,Neutral,1197
2043,2026-09-10 08:49:00,user_23,Great technology update,#Technology,606,69,22,Chennai,Positive,697
4880,2026-09-10 09:00:00,user_449,Terrible service,#Python,441,140,99,Delhi,Negative,680
3058,2026-09-10 09:07:00,user_417,Amazing experience today,#Python,39,91,66,Chennai,Positive,196
4432,2026-09-10 09:13:00,user_369,Bad experience today,#Python,552,69,94,Mumbai,Negative,715
8230,2026-09-10 09:24:00,user_318,Fitness workout completed,#Bengaluru,262,186,59,Pune,Neutral,507
6412,2026-09-10 09:28:00,user_200,Poor performance today,#AI,826,27,9,Hyderabad,Negative,862
6505,2026-09-10 09:28:00,user_235,Python is really useful,#Bengaluru,26,198,59,Pune,Neutral,283
4449,2026-09-10 09:29:00,user_102,Fitness workout completed,#Bengaluru,802,5,85,Bengaluru,Neutral,892
4810,2026-09-10 09:30:00,user_412,Great technology update,#Technology,925,166,75,Pune,Positive,1166
8472,2026-09-10 09:34:00,user_123,Beautiful day in Bengaluru,#AI,257,186,61,Mumbai,Positive,504
6150,2026-09-10 09:40:00,user_121,Python is really useful,#Bengaluru,487,193,7,Hyderabad,Neutral,687
6209,2026-09-10 09:43:00,user_221,Great work by the team,#Technology,168,140,45,Pune,Positive,353
5350,2026-09-10 09:48:00,user_100,Python is really useful,#Trending,289,54,53,Chennai,Neutral,396
3044,2026-09-10 09:50:00,user_397,Excellent cricket match,#DataAnalytics,175,101,88,Pune,Positive,364
9764,2026-09-10 09:56:00,user_497,Amazing experience today,#AI,469,35,31,Delhi,Positive,535
7210,2026-09-10 09:57:00,user_92,Technology update today,#Python,55,135,49,Mumbai,Neutral,239
5097,2026-09-10 09:57:00,user_260,Poor performance today,#Python,223,181,66,Bengaluru,Negative,470
9591,2026-09-10 09:58:00,user_253,Excellent cricket match,#AI,909,200,66,Chennai,Positive,1175
6997,2026-09-10 10:01:00,user_445,Amazing fitness progress,#DataAnalytics,570,8,94,Hyderabad,Positive,672
9241,2026-09-10 10:09:00,user_62,Python project discussion,#Cricket,546,181,100,Bengaluru,Neutral,827
4337,2026-09-10 10:18:00,user_473,AI news update,#AI,651,166,27,Hyderabad,Neutral,844
5754,2026-09-10 10:25:00,user_75,Beautiful day in Bengaluru,#Fitness,514,109,78,Chennai,Positive,701
5677,2026-09-10 10:25:00,user_466,Amazing experience today,#Trending,215,103,36,Bengaluru,Positive,354
8584,2026-09-10 10:29:00,user_54,Excellent cricket match,#DataAnalytics,655,144,74,Bengaluru,Positive,873
6350,2026-09-10 10:29:00,user_485,Amazing experience today,#Technology,840,44,60,Bengaluru,Positive,944
2621,2026-09-10 10:42:00,user_108,Great technology update,#Bengaluru,549,84,91,Delhi,Positive,724
976,2026-09-10 10:46:00,user_50,Very disappointing result,#DataAnalytics,26,118,3,Delhi,Neutral,147
6603,2026-09-10 10:47:00,user_258,Cricket match scheduled today,#Fitness,741,96,77,Hyderabad,Neutral,914
4938,2026-09-10 10:55:00,user_79,Python project discussion,#DataAnalytics,43,127,98,Delhi,Neutral,268
4752,2026-09-10 10:57:00,user_389,This failed again,#Fitness,198,25,96,Delhi,Negative,319
4706,2026-09-10 10:59:00,user_331,Excellent cricket match,#Technology,251,21,86,Pune,Positive,358
6291,2026-09-10 11:06:00,user_304,New information available,#Fitness,487,155,58,Bengaluru,Neutral,700
5591,2026-09-10 11:10:00,user_170,Amazing experience today,#Trending,57,127,45,Bengaluru,Positive,229
4614,2026-09-10 11:11:00,user_140,Python is really useful,#Python,303,146,94,Chennai,Neutral,543
1675,2026-09-10 11:17:00,user_135,Great technology update,#Bengaluru,197,189,54,Bengaluru,Positive,440
2561,2026-09-10 11:25:00,user_415,Great work by the team,#AI,887,85,86,Mumbai,Positive,1058
3028,2026-09-10 11:26:00,user_337,Technology update today,#Trending,736,56,16,Mumbai,Neutral,808
4788,2026-09-10 11:27:00,user_134,Worst experience ever,#Technology,904,48,77,Delhi,Negative,1029
772,2026-09-10 11:28:00,user_369,Python project discussion,#Bengaluru,577,194,55,Chennai,Neutral,826
2875,2026-09-10 11:33:00,user_53,Weather update from Bengaluru,#Bengaluru,105,2,43,Bengaluru,Neutral,150
526,2026-09-10 11:39:00,user_221,I love this new AI tool,#Cricket,314,25,12,Delhi,Positive,351
3627,2026-09-10 11:46:00,user_290,Data analytics session today,#Trending,53,124,26,Chennai,Neutral,203
8253,2026-09-10 11:48:00,user_334,I love this new AI tool,#AI,185,132,9,Delhi,Positive,326
1415,2026-09-10 11:50:00,user_392,New information available,#AI,151,180,30,Hyderabad,Neutral,361
2808,2026-09-10 11:56:00,user_83,Amazing fitness progress,#AI,871,10,55,Hyderabad,Positive,936
1896,2026-09-10 11:56:00,user_94,Beautiful day in Bengaluru,#DataAnalytics,437,32,20,Mumbai,Positive,489
331,2026-09-10 11:59:00,user_198,Amazing fitness progress,#Cricket,343,62,41,Delhi,Positive,446
5102,2026-09-10 12:00:00,user_347,Python is really useful,#DataAnalytics,314,93,41,Bengaluru,Neutral,448
6844,2026-09-10 12:05:00,user_107,Excellent cricket match,#Bengaluru,123,11,3,Bengaluru,Positive,137
6572,2026-09-10 12:05:00,user_387,Excellent cricket match,#Technology,658,172,38,Delhi,Positive,868
676,2026-09-10 12:07:00,user_214,I am angry about this,#Fitness,426,107,59,Chennai,Negative,592
5586,2026-09-10 12:14:00,user_7,Excellent cricket match,#Fitness,612,72,22,Mumbai,Positive,706
2209,2026-09-10 12:25:00,user_272,Terrible service,#Technology,325,49,27,Delhi,Negative,401
3534,2026-09-10 12:26:00,user_333,Python project discussion,#Cricket,931,44,94,Pune,Neutral,1069
5408,2026-09-10 12:31:00,user_494,Beautiful day in Bengaluru,#DataAnalytics,42,40,86,Delhi,Positive,168
2421,2026-09-10 12:32:00,user_314,Terrible service,#AI,78,8,22,Mumbai,Negative,108
215,2026-09-10 12:40:00,user_280,Amazing experience today,#Python,778,22,23,Delhi,Positive,823
8910,2026-09-10 12:49:00,user_335,I hate this problem,#Python,747,1,75,Delhi,Negative,823
5527,2026-09-10 12:49:00,user_64,Weather update from Bengaluru,#Cricket,882,38,93,Mumbai,Neutral,1013
4906,2026-09-10 12:49:00,user_452,Great technology update,#AI,688,160,61,Delhi,Positive,909
6134,2026-09-10 12:50:00,user_406,Beautiful day in Bengaluru,#Cricket,635,8,61,Bengaluru,Positive,704
6881,2026-09-10 13:00:00,user_264,Python is really useful,#DataAnalytics,419,85,30,Chennai,Neutral,534
1284,2026-09-10 13:01:00,user_293,Python is really useful,#AI,709,115,26,Pune,Neutral,850
2233,2026-09-10 13:02:00,user_139,Very disappointing result,#AI,534,75,91,Bengaluru,Neutral,700
9229,2026-09-10 13:04:00,user_212,Beautiful day in Bengaluru,#Python,904,96,84,Mumbai,Positive,1084
9524,2026-09-10 13:13:00,user_412,Bad experience today,#DataAnalytics,555,13,45,Chennai,Negative,613
4591,2026-09-10 13:14:00,user_87,Excellent cricket match,#Trending,963,118,88,Hyderabad,Positive,1169
3822,2026-09-10 13:15:00,user_256,Beautiful day in Bengaluru,#Technology,35,28,31,Pune,Positive,94
7640,2026-09-10 13:24:00,user_438,Beautiful day in Bengaluru,#AI,509,52,76,Mumbai,Positive,637
8681,2026-09-10 13:26:00,user_358,Python is really useful,#Python,339,181,77,Bengaluru,Neutral,597
6101,2026-09-10 13:32:00,user_209,Great technology update,#DataAnalytics,890,120,59,Hyderabad,Positive,1069
9348,2026-09-10 13:32:00,user_273,Great work by the team,#Trending,746,67,39,Bengaluru,Positive,852
1442,2026-09-10 13:38:00,user_203,Python is really useful,#Fitness,817,117,33,Mumbai,Neutral,967
269,2026-09-10 13:39:00,user_72,I am angry about this,#Cricket,409,171,19,Pune,Negative,599
5721,2026-09-10 13:42:00,user_154,Poor performance today,#AI,954,133,12,Chennai,Negative,1099
6365,2026-09-10 13:42:00,user_461,Python is really useful,#AI,259,32,6,Bengaluru,Neutral,297
2186,2026-09-10 13:43:00,user_486,Excellent cricket match,#Cricket,241,25,34,Bengaluru,Positive,300
3703,2026-09-10 13:56:00,user_31,Great technology update,#Bengaluru,918,172,46,Bengaluru,Positive,1136
9632,2026-09-10 13:57:00,user_25,Amazing experience today,#DataAnalytics,575,174,7,Hyderabad,Positive,756
6499,2026-09-10 14:17:00,user_323,Excellent cricket match,#Cricket,952,51,53,Mumbai,Positive,1056
4105,2026-09-10 14:20:00,user_149,Amazing fitness progress,#Technology,935,29,44,Delhi,Positive,1008
6297,2026-09-10 14:25:00,user_223,I love this new AI tool,#AI,643,50,91,Pune,Positive,784
6475,2026-09-10 14:35:00,user_312,I am angry about this,#Python,776,102,2,Pune,Negative,880
6644,2026-09-10 14:36:00,user_462,Amazing experience today,#Trending,992,198,78,Pune,Positive,1268
2884,2026-09-10 14:36:00,user_401,I am angry about this,#Bengaluru,222,23,69,Delhi,Negative,314
8977,2026-09-10 14:37:00,user_496,Amazing experience today,#Python,381,139,45,Delhi,Positive,565
8765,2026-09-10 14:38:00,user_493,Amazing experience today,#Trending,330,151,84,Pune,Positive,565
4889,2026-09-10 14:39:00,user_56,Amazing experience today,#Bengaluru,856,77,17,Mumbai,Positive,950
4765,2026-09-10 14:49:00,user_457,Weather update from Bengaluru,#DataAnalytics,900,42,72,Hyderabad,Neutral,1014
5773,2026-09-10 14:51:00,user_365,I love this new AI tool,#Fitness,426,9,17,Hyderabad,Positive,452
3002,2026-09-10 14:53:00,user_354,Fitness workout completed,#Python,265,32,67,Bengaluru,Neutral,364
9951,2026-09-10 14:56:00,user_220,Terrible service,#AI,78,97,53,Delhi,Negative,228
7192,2026-09-10 14:56:00,user_492,New information available,#Cricket,806,141,93,Bengaluru,Neutral,1040
4021,2026-09-10 14:57:00,user_276,Python is really useful,#Trending,614,56,33,Hyderabad,Neutral,703
7771,2026-09-10 15:00:00,user_275,Great work by the team,#Cricket,795,91,40,Hyderabad,Positive,926
10000,2026-09-10 15:13:00,user_131,Python is really useful,#Python,780,44,24,Chennai,Neutral,848
4261,2026-09-10 15:14:00,user_107,Python project discussion,#Fitness,517,51,76,Hyderabad,Neutral,644
7962,2026-09-10 15:22:00,user_289,I love this new AI tool,#Bengaluru,633,174,90,Pune,Positive,897
2376,2026-09-10 15:23:00,user_470,Data analytics session today,#AI,213,185,76,Pune,Neutral,474
3401,2026-09-10 15:24:00,user_244,I am angry about this,#Bengaluru,277,189,26,Mumbai,Negative,492
9870,2026-09-10 15:32:00,user_280,Python is really useful,#Cricket,398,105,37,Hyderabad,Neutral,540
6656,2026-09-10 15:35:00,user_242,Great work by the team,#Python,533,166,38,Pune,Positive,737
4769,2026-09-10 15:35:00,user_281,Amazing fitness progress,#Trending,118,77,54,Hyderabad,Positive,249
1357,2026-09-10 15:37:00,user_32,Python is really useful,#AI,215,62,3,Chennai,Neutral,280
7475,2026-09-10 15:38:00,user_220,I hate this problem,#Bengaluru,158,85,64,Chennai,Negative,307
2159,2026-09-10 15:44:00,user_331,Beautiful day in Bengaluru,#Bengaluru,974,41,2,Hyderabad,Positive,1017
5106,2026-09-10 15:51:00,user_405,Amazing experience today,#Fitness,601,168,36,Mumbai,Positive,805
7201,2026-09-10 15:54:00,user_100,Fitness workout completed,#Trending,717,5,47,Bengaluru,Neutral,769
9166,2026-09-10 15:56:00,user_152,Worst experience ever,#DataAnalytics,21,56,59,Mumbai,Negative,136
3042,2026-09-10 15:59:00,user_427,AI news update,#AI,618,145,22,Mumbai,Neutral,785
2649,2026-09-10 16:00:00,user_170,Beautiful day in Bengaluru,#Fitness,207,197,19,Chennai,Positive,423
5705,2026-09-10 16:02:00,user_301,This failed again,#Trending,281,16,94,Bengaluru,Negative,391
1802,2026-09-10 16:06:00,user_163,This failed again,#DataAnalytics,895,52,40,Chennai,Negative,987
7721,2026-09-10 16:07:00,user_269,Bad experience today,#Cricket,600,52,67,Chennai,Negative,719
3262,2026-09-10 16:08:00,user_32,Data analytics session today,#AI,971,144,56,Mumbai,Neutral,1171
901,2026-09-10 16:09:00,user_258,Python project discussion,#AI,829,104,2,Mumbai,Neutral,935
5242,2026-09-10 16:21:00,user_472,Great technology update,#Technology,71,127,28,Pune,Positive,226
5054,2026-09-10 16:25:00,user_184,Python is really useful,#Python,596,88,67,Pune,Neutral,751
1461,2026-09-10 16:29:00,user_443,Terrible service,#Fitness,605,154,89,Delhi,Negative,848
1023,2026-09-10 16:31:00,user_178,Amazing fitness progress,#Python,901,51,10,Chennai,Positive,962
2811,2026-09-10 16:33:00,user_225,Great work by the team,#Python,634,30,59,Delhi,Positive,723
2568,2026-09-10 16:34:00,user_378,New information available,#DataAnalytics,979,190,45,Mumbai,Neutral,1214
5003,2026-09-10 16:37:00,user_234,Terrible service,#Trending,561,28,27,Hyderabad,Negative,616
5746,2026-09-10 16:38:00,user_473,New information available,#Python,624,196,13,Delhi,Neutral,833
1628,2026-09-10 16:45:00,user_394,Amazing fitness progress,#Bengaluru,187,172,4,Mumbai,Positive,363
2165,2026-09-10 16:50:00,user_476,Beautiful day in Bengaluru,#AI,621,58,17,Bengaluru,Positive,696
7393,2026-09-10 16:56:00,user_262,Technology update today,#Technology,779,34,51,Bengaluru,Neutral,864
3022,2026-09-10 16:57:00,user_334,Python is really useful,#DataAnalytics,805,149,50,Mumbai,Neutral,1004
7461,2026-09-10 17:12:00,user_373,I love this new AI tool,#Python,282,50,84,Bengaluru,Positive,416
5728,2026-09-10 17:20:00,user_350,Fitness workout completed,#Trending,956,51,13,Delhi,Neutral,1020
3801,2026-09-10 17:31:00,user_444,New information available,#AI,540,41,26,Mumbai,Neutral,607
3461,2026-09-10 17:33:00,user_271,Technology update today,#Technology,499,180,29,Hyderabad,Neutral,708
3898,2026-09-10 17:37:00,user_52,Great work by the team,#Python,731,67,48,Bengaluru,Positive,846
6874,2026-09-10 17:40:00,user_10,Excellent cricket match,#Technology,719,150,19,Pune,Positive,888
3608,2026-09-10 17:53:00,user_14,Python project discussion,#Cricket,934,6,79,Hyderabad,Neutral,1019
7068,2026-09-10 17:56:00,user_339,Excellent cricket match,#DataAnalytics,696,48,7,Hyderabad,Positive,751
8821,2026-09-10 17:57:00,user_354,Great technology update,#Cricket,240,11,97,Mumbai,Positive,348
9281,2026-09-10 18:01:00,user_139,Amazing experience today,#DataAnalytics,955,145,12,Delhi,Positive,1112
7327,2026-09-10 18:03:00,user_165,Python project discussion,#AI,104,25,34,Mumbai,Neutral,163
6855,2026-09-10 18:08:00,user_481,I love this new AI tool,#Bengaluru,815,86,91,Mumbai,Positive,992
9195,2026-09-10 18:14:00,user_38,Python is really useful,#AI,665,200,16,Pune,Neutral,881
5780,2026-09-10 18:26:00,user_100,Fitness workout completed,#Trending,781,181,42,Chennai,Neutral,1004
7496,2026-09-10 18:29:00,user_50,Beautiful day in Bengaluru,#Cricket,491,100,51,Delhi,Positive,642
4257,2026-09-10 18:38:00,user_344,Python is really useful,#Python,966,184,87,Hyderabad,Neutral,1237
6919,2026-09-10 18:38:00,user_146,Beautiful day in Bengaluru,#Cricket,182,199,97,Hyderabad,Positive,478
8377,2026-09-10 18:46:00,user_161,Fitness workout completed,#Bengaluru,80,48,92,Mumbai,Neutral,220
4981,2026-09-10 18:49:00,user_55,Python project discussion,#Technology,35,83,50,Hyderabad,Neutral,168
8296,2026-09-10 19:00:00,user_428,I love this new AI tool,#Bengaluru,473,140,15,Mumbai,Positive,628
100,2026-09-10 19:07:00,user_104,Beautiful day in Bengaluru,#AI,674,163,90,Mumbai,Positive,927
4014,2026-09-10 19:18:00,user_109,I am angry about this,#AI,693,21,48,Chennai,Negative,762
3872,2026-09-10 19:27:00,user_250,Cricket match scheduled today,#Python,400,134,4,Mumbai,Neutral,538
4093,2026-09-10 19:33:00,user_365,New information available,#Trending,566,158,64,Hyderabad,Neutral,788
4128,2026-09-10 19:33:00,user_194,Terrible service,#Python,31,85,79,Pune,Negative,195
1781,2026-09-10 19:34:00,user_145,Amazing experience today,#Cricket,960,163,97,Chennai,Positive,1220
9289,2026-09-10 19:39:00,user_122,Beautiful day in Bengaluru,#Trending,55,33,73,Hyderabad,Positive,161
3557,2026-09-10 19:39:00,user_118,Very disappointing result,#Trending,533,66,73,Chennai,Neutral,672
9127,2026-09-10 19:41:00,user_404,Terrible service,#Bengaluru,347,88,65,Chennai,Negative,500
7983,2026-09-10 19:42:00,user_196,I am angry about this,#AI,307,132,87,Delhi,Negative,526
1966,2026-09-10 19:43:00,user_496,Very disappointing result,#Fitness,604,26,94,Hyderabad,Neutral,724
3571,2026-09-10 19:44:00,user_26,Python is really useful,#Fitness,791,2,32,Bengaluru,Neutral,825
2176,2026-09-10 19:46:00,user_365,Terrible service,#AI,155,103,82,Bengaluru,Negative,340
916,2026-09-10 19:47:00,user_357,Great work by the team,#Technology,484,87,99,Hyderabad,Positive,670
5009,2026-09-10 20:01:00,user_14,I love this new AI tool,#AI,877,66,26,Chennai,Positive,969
8149,2026-09-10 20:11:00,user_325,New information available,#Technology,457,73,22,Hyderabad,Neutral,552
2018,2026-09-10 20:24:00,user_379,Excellent cricket match,#Cricket,890,80,8,Chennai,Positive,978
523,2026-09-10 20:25:00,user_191,Data analytics session today,#Trending,50,118,77,Bengaluru,Neutral,245
8390,2026-09-10 20:33:00,user_480,New information available,#Cricket,175,193,39,Pune,Neutral,407
8415,2026-09-10 20:36:00,user_88,Terrible service,#AI,587,47,85,Bengaluru,Negative,719
8183,2026-09-10 20:39:00,user_71,Cricket match scheduled today,#Fitness,976,99,83,Bengaluru,Neutral,1158
2140,2026-09-10 20:40:00,user_173,Poor performance today,#DataAnalytics,134,24,54,Bengaluru,Negative,212
7127,2026-09-10 20:54:00,user_422,Python project discussion,#Fitness,360,1,7,Bengaluru,Neutral,368
533,2026-09-10 20:55:00,user_7,Beautiful day in Bengaluru,#DataAnalytics,85,34,60,Pune,Positive,179
1313,2026-09-10 21:01:00,user_59,I love this new AI tool,#AI,41,89,53,Bengaluru,Positive,183
6817,2026-09-10 21:03:00,user_198,I love this new AI tool,#AI,519,73,82,Bengaluru,Positive,674
1103,2026-09-10 21:12:00,user_279,Great technology update,#Python,154,160,50,Hyderabad,Positive,364
7399,2026-09-10 21:15:00,user_335,I love this new AI tool,#Trending,687,175,75,Mumbai,Positive,937
6866,2026-09-10 21:19:00,user_285,Fitness workout completed,#Cricket,628,92,62,Delhi,Neutral,782
3875,2026-09-10 21:20:00,user_288,Worst experience ever,#Trending,56,134,60,Pune,Negative,250
2021,2026-09-10 21:25:00,user_252,Great technology update,#DataAnalytics,963,194,17,Mumbai,Positive,1174
8947,2026-09-10 21:33:00,user_52,Great work by the team,#Bengaluru,701,24,27,Pune,Positive,752
7608,2026-09-10 21:35:00,user_261,I love this new AI tool,#AI,639,44,15,Bengaluru,Positive,698
5668,2026-09-10 21:46:00,user_7,Great work by the team,#DataAnalytics,234,91,14,Delhi,Positive,339
7791,2026-09-10 21:49:00,user_320,Great technology update,#AI,486,189,3,Hyderabad,Positive,678
4378,2026-09-10 22:02:00,user_87,Amazing experience today,#Trending,499,186,6,Hyderabad,Positive,691
7655,2026-09-10 22:02:00,user_374,Fitness workout completed,#Bengaluru,784,104,93,Chennai,Neutral,981
6612,2026-09-10 22:05:00,user_486,Fitness workout completed,#Technology,288,196,65,Pune,Neutral,549
6942,2026-09-10 22:08:00,user_151,Very disappointing result,#Bengaluru,928,63,100,Mumbai,Neutral,1091
2388,2026-09-10 22:17:00,user_359,Python is really useful,#Bengaluru,668,180,55,Chennai,Neutral,903
2552,2026-09-10 22:25:00,user_188,Python is really useful,#Bengaluru,241,150,24,Bengaluru,Neutral,415
7986,2026-09-10 22:26:00,user_388,New information available,#Trending,889,91,55,Bengaluru,Neutral,1035
8473,2026-09-10 22:33:00,user_154,Worst experience ever,#Fitness,866,174,18,Bengaluru,Negative,1058
1237,2026-09-10 22:37:00,user_27,AI news update,#Trending,62,60,30,Bengaluru,Neutral,152
4736,2026-09-10 22:43:00,user_244,Amazing experience today,#Fitness,312,9,29,Chennai,Positive,350
5975,2026-09-10 22:47:00,user_248,This failed again,#Trending,794,74,6,Chennai,Negative,874
6457,2026-09-10 22:48:00,user_197,Amazing experience today,#Trending,994,178,94,Pune,Positive,1266
9456,2026-09-10 22:51:00,user_353,Bad experience today,#Trending,240,83,41,Chennai,Negative,364
2297,2026-09-10 22:54:00,user_293,Python project discussion,#DataAnalytics,537,7,34,Chennai,Neutral,578
6631,2026-09-10 22:55:00,user_402,Python is really useful,#Trending,774,80,64,Chennai,Neutral,918
9074,2026-09-10 22:55:00,user_328,Bad experience today,#Python,987,167,82,Mumbai,Negative,1236
4468,2026-09-10 23:00:00,user_115,New information available,#Bengaluru,336,158,80,Hyderabad,Neutral,574
4053,2026-09-10 23:06:00,user_118,Great work by the team,#Python,476,194,83,Pune,Positive,753
4011,2026-09-10 23:06:00,user_464,This failed again,#Python,419,140,12,Hyderabad,Negative,571
4657,2026-09-10 23:07:00,user_499,Amazing experience today,#Fitness,817,137,78,Delhi,Positive,1032
8742,2026-09-10 23:08:00,user_107,Very disappointing result,#Technology,932,29,32,Pune,Neutral,993
1145,2026-09-10 23:14:00,user_18,Amazing fitness progress,#DataAnalytics,700,14,48,Pune,Positive,762
9059,2026-09-10 23:16:00,user_378,Excellent cricket match,#Python,988,165,80,Delhi,Positive,1233
1412,2026-09-10 23:17:00,user_181,Cricket match scheduled today,#Technology,334,109,66,Bengaluru,Neutral,509
5230,2026-09-10 23:26:00,user_209,Amazing experience today,#DataAnalytics,920,25,43,Mumbai,Positive,988
5624,2026-09-10 23:27:00,user_496,Technology update today,#Trending,532,50,88,Bengaluru,Neutral,670
6950,2026-09-10 23:35:00,user_223,Great technology update,#Cricket,541,22,100,Pune,Positive,663
4271,2026-09-10 23:38:00,user_332,I love this new AI tool,#Fitness,312,72,35,Chennai,Positive,419
121,2026-09-10 23:45:00,user_30,Excellent cricket match,#Fitness,749,93,51,Pune,Positive,893
6107,2026-09-10 23:47:00,user_141,Weather update from Bengaluru,#Cricket,240,2,6,Delhi,Neutral,248
6054,2026-09-10 23:48:00,user_54,Weather update from Bengaluru,#Bengaluru,246,100,20,Delhi,Neutral,366
617,2026-09-10 23:51:00,user_239,Technology update today,#Python,743,15,1,Chennai,Neutral,759
2828,2026-09-10 23:52:00,user_272,Beautiful day in Bengaluru,#Fitness,296,47,7,Bengaluru,Positive,350
5211,2026-09-10 23:57:00,user_371,Data analytics session today,#DataAnalytics,577,138,49,Pune,Neutral,764
5185,2026-09-10 23:59:00,user_85,Weather update from Bengaluru,#Python,559,93,31,Hyderabad,Neutral,683
8695,2026-09-11 00:04:00,user_274,Amazing fitness progress,#Fitness,206,91,33,Chennai,Positive,330
2729,2026-09-11 00:10:00,user_376,Very disappointing result,#Cricket,379,42,31,Mumbai,Neutral,452
9151,2026-09-11 00:10:00,user_301,Amazing experience today,#Bengaluru,763,128,38,Chennai,Positive,929
3855,2026-09-11 00:12:00,user_71,Python is really useful,#Python,969,37,56,Mumbai,Neutral,1062
2886,2026-09-11 00:17:00,user_17,Terrible service,#AI,52,189,75,Chennai,Negative,316
8780,2026-09-11 00:23:00,user_9,Python project discussion,#Technology,161,104,53,Hyderabad,Neutral,318
5744,2026-09-11 00:27:00,user_349,Excellent cricket match,#Fitness,739,55,64,Bengaluru,Positive,858
5075,2026-09-11 00:36:00,user_211,Cricket match scheduled today,#Trending,421,85,3,Mumbai,Neutral,509
170,2026-09-11 00:43:00,user_33,New information available,#Trending,518,80,51,Chennai,Neutral,649
1895,2026-09-11 00:44:00,user_297,Excellent cricket match,#Cricket,962,14,32,Mumbai,Positive,1008
576,2026-09-11 00:44:00,user_303,Beautiful day in Bengaluru,#Bengaluru,678,55,93,Hyderabad,Positive,826
9804,2026-09-11 00:45:00,user_261,Bad experience today,#Fitness,938,76,98,Chennai,Negative,1112
1087,2026-09-11 00:51:00,user_113,This failed again,#Python,67,115,62,Delhi,Negative,244
2054,2026-09-11 00:51:00,user_257,Great technology update,#Technology,952,154,57,Chennai,Positive,1163
3928,2026-09-11 00:52:00,user_51,Python is really useful,#Technology,838,28,69,Delhi,Neutral,935
3632,2026-09-11 00:54:00,user_378,Great work by the team,#Fitness,554,22,2,Delhi,Positive,578
5167,2026-09-11 01:05:00,user_431,New information available,#Technology,91,194,55,Hyderabad,Neutral,340
1332,2026-09-11 01:19:00,user_95,This failed again,#Python,363,46,92,Pune,Negative,501
2127,2026-09-11 01:25:00,user_69,Excellent cricket match,#Bengaluru,942,130,38,Delhi,Positive,1110
9097,2026-09-11 01:36:00,user_116,Great technology update,#Cricket,840,96,72,Mumbai,Positive,1008
6859,2026-09-11 01:39:00,user_130,Amazing experience today,#Python,328,41,46,Pune,Positive,415
7668,2026-09-11 01:39:00,user_430,Amazing fitness progress,#Cricket,106,123,79,Mumbai,Positive,308
6683,2026-09-11 01:41:00,user_443,Python is really useful,#Cricket,693,149,73,Delhi,Neutral,915
7377,2026-09-11 01:41:00,user_178,Beautiful day in Bengaluru,#Cricket,432,150,43,Mumbai,Positive,625
3305,2026-09-11 01:43:00,user_192,Amazing experience today,#Bengaluru,664,189,40,Hyderabad,Positive,893
7287,2026-09-11 01:59:00,user_298,Amazing experience today,#Trending,52,35,27,Chennai,Positive,114
8432,2026-09-11 02:04:00,user_58,Technology update today,#Fitness,584,175,76,Chennai,Neutral,835
4369,2026-09-11 02:07:00,user_81,Great technology update,#DataAnalytics,481,52,61,Chennai,Positive,594
7541,2026-09-11 02:09:00,user_49,Beautiful day in Bengaluru,#Trending,385,28,92,Delhi,Positive,505
747,2026-09-11 02:17:00,user_39,Very disappointing result,#Bengaluru,582,112,72,Pune,Neutral,766
5233,2026-09-11 02:18:00,user_394,Cricket match scheduled today,#Bengaluru,956,61,94,Bengaluru,Neutral,1111
7697,2026-09-11 02:18:00,user_8,Cricket match scheduled today,#Fitness,782,37,36,Delhi,Neutral,855
312,2026-09-11 02:23:00,user_136,Great technology update,#Bengaluru,577,82,41,Bengaluru,Positive,700
1565,2026-09-11 02:24:00,user_442,Cricket match scheduled today,#Fitness,753,109,36,Chennai,Neutral,898
611,2026-09-11 02:25:00,user_8,Beautiful day in Bengaluru,#Bengaluru,217,23,28,Mumbai,Positive,268
9122,2026-09-11 02:28:00,user_65,Great technology update,#DataAnalytics,855,29,34,Pune,Positive,918
5229,2026-09-11 02:29:00,user_489,I love this new AI tool,#Cricket,810,128,33,Delhi,Positive,971
9552,2026-09-11 02:45:00,user_31,Beautiful day in Bengaluru,#Fitness,462,135,72,Delhi,Positive,669
6804,2026-09-11 02:47:00,user_307,I love this new AI tool,#Trending,452,33,15,Bengaluru,Positive,500
9756,2026-09-11 02:51:00,user_412,Excellent cricket match,#Fitness,583,179,13,Mumbai,Positive,775
9819,2026-09-11 02:54:00,user_12,AI news update,#Fitness,770,36,23,Chennai,Neutral,829
409,2026-09-11 02:57:00,user_193,Great work by the team,#Python,10,84,93,Chennai,Positive,187
2109,2026-09-11 02:58:00,user_149,I am angry about this,#Trending,919,180,6,Delhi,Negative,1105
1526,2026-09-11 03:01:00,user_182,Cricket match scheduled today,#Technology,429,155,51,Hyderabad,Neutral,635
1909,2026-09-11 03:13:00,user_278,Python project discussion,#AI,772,128,40,Delhi,Neutral,940
87,2026-09-11 03:14:00,user_198,Technology update today,#Fitness,609,19,12,Pune,Neutral,640
7277,2026-09-11 03:14:00,user_161,Great technology update,#Python,269,174,64,Pune,Positive,507
8701,2026-09-11 03:18:00,user_93,Fitness workout completed,#AI,751,34,31,Pune,Neutral,816
7123,2026-09-11 03:19:00,user_285,Great technology update,#Python,858,80,12,Delhi,Positive,950
9495,2026-09-11 03:26:00,user_422,This failed again,#Bengaluru,632,71,63,Delhi,Negative,766
6274,2026-09-11 03:30:00,user_414,Beautiful day in Bengaluru,#Trending,728,122,30,Delhi,Positive,880
5085,2026-09-11 03:31:00,user_349,Fitness workout completed,#Bengaluru,853,107,16,Mumbai,Neutral,976
5764,2026-09-11 03:39:00,user_63,I love this new AI tool,#Bengaluru,181,39,13,Hyderabad,Positive,233
6701,2026-09-11 03:41:00,user_322,I love this new AI tool,#Fitness,232,115,97,Mumbai,Positive,444
3949,2026-09-11 03:41:00,user_245,Python project discussion,#Trending,141,177,4,Mumbai,Neutral,322
8764,2026-09-11 03:45:00,user_145,Cricket match scheduled today,#Trending,378,68,70,Delhi,Neutral,516
2456,2026-09-11 03:49:00,user_358,Amazing experience today,#DataAnalytics,419,106,37,Mumbai,Positive,562
1715,2026-09-11 03:50:00,user_455,Data analytics session today,#Fitness,882,160,83,Pune,Neutral,1125
4792,2026-09-11 03:57:00,user_230,Fitness workout completed,#Technology,764,27,33,Chennai,Neutral,824
5998,2026-09-11 04:01:00,user_163,New information available,#Trending,126,91,39,Hyderabad,Neutral,256
7243,2026-09-11 04:08:00,user_277,Amazing fitness progress,#Fitness,71,134,26,Bengaluru,Positive,231
3973,2026-09-11 04:13:00,user_195,Amazing fitness progress,#DataAnalytics,792,117,46,Chennai,Positive,955
1809,2026-09-11 04:16:00,user_485,Great work by the team,#Trending,829,131,99,Chennai,Positive,1059
4377,2026-09-11 04:24:00,user_496,Excellent cricket match,#Cricket,988,110,49,Delhi,Positive,1147
5001,2026-09-11 04:24:00,user_284,I love this new AI tool,#DataAnalytics,951,177,17,Pune,Positive,1145
4558,2026-09-11 04:25:00,user_25,Great technology update,#Technology,704,44,48,Pune,Positive,796
636,2026-09-11 04:27:00,user_261,Excellent cricket match,#DataAnalytics,34,51,19,Pune,Positive,104
6362,2026-09-11 04:34:00,user_251,Fitness workout completed,#Python,801,38,31,Bengaluru,Neutral,870
3912,2026-09-11 04:35:00,user_291,Amazing fitness progress,#Bengaluru,986,65,41,Chennai,Positive,1092
705,2026-09-11 04:35:00,user_364,Data analytics session today,#Trending,811,106,65,Bengaluru,Neutral,982
4197,2026-09-11 04:40:00,user_382,Great work by the team,#Python,235,18,95,Pune,Positive,348
3750,2026-09-11 04:51:00,user_109,Technology update today,#AI,614,185,18,Pune,Neutral,817
6584,2026-09-11 04:58:00,user_200,Weather update from Bengaluru,#DataAnalytics,505,93,54,Pune,Neutral,652
3950,2026-09-11 05:06:00,user_398,I hate this problem,#Trending,562,88,71,Mumbai,Negative,721
9533,2026-09-11 05:06:00,user_232,Amazing fitness progress,#AI,510,149,38,Delhi,Positive,697
5118,2026-09-11 05:17:00,user_449,Cricket match scheduled today,#Fitness,912,53,1,Hyderabad,Neutral,966
4295,2026-09-11 05:27:00,user_49,New information available,#Cricket,957,79,22,Delhi,Neutral,1058
1190,2026-09-11 05:39:00,user_412,Cricket match scheduled today,#Trending,881,130,37,Pune,Neutral,1048
981,2026-09-11 05:40:00,user_65,Beautiful day in Bengaluru,#Technology,24,36,20,Bengaluru,Positive,80
6508,2026-09-11 05:41:00,user_172,Great technology update,#Cricket,417,133,62,Bengaluru,Positive,612
2321,2026-09-11 05:49:00,user_193,Great technology update,#Python,640,138,11,Delhi,Positive,789
9021,2026-09-11 05:49:00,user_230,I love this new AI tool,#Python,864,135,89,Pune,Positive,1088
3285,2026-09-11 05:51:00,user_64,Terrible service,#Trending,660,141,4,Pune,Negative,805
4713,2026-09-11 05:56:00,user_35,AI news update,#Technology,846,148,22,Bengaluru,Neutral,1016
8211,2026-09-11 05:58:00,user_278,Amazing fitness progress,#Technology,113,118,50,Hyderabad,Positive,281
8495,2026-09-11 06:15:00,user_175,Data analytics session today,#Trending,945,154,15,Bengaluru,Neutral,1114
4232,2026-09-11 06:15:00,user_307,Great technology update,#Bengaluru,432,1,42,Bengaluru,Positive,475
426,2026-09-11 06:16:00,user_144,Amazing fitness progress,#Trending,695,1,29,Pune,Positive,725
338,2026-09-11 06:21:00,user_382,Amazing fitness progress,#Fitness,566,21,93,Chennai,Positive,680
8356,2026-09-11 06:23:00,user_149,Data analytics session today,#Trending,917,182,82,Hyderabad,Neutral,1181
4620,2026-09-11 06:28:00,user_180,Amazing fitness progress,#Bengaluru,508,162,89,Bengaluru,Positive,759
7513,2026-09-11 06:29:00,user_108,I am angry about this,#AI,43,105,81,Pune,Negative,229
5427,2026-09-11 06:33:00,user_349,Amazing fitness progress,#DataAnalytics,177,84,10,Hyderabad,Positive,271
3255,2026-09-11 06:38:00,user_238,Amazing fitness progress,#AI,342,134,81,Delhi,Positive,557
7886,2026-09-11 06:39:00,user_464,Python project discussion,#Cricket,415,54,9,Delhi,Neutral,478
6124,2026-09-11 06:43:00,user_22,New information available,#AI,509,11,38,Pune,Neutral,558
2363,2026-09-11 06:44:00,user_221,Amazing fitness progress,#DataAnalytics,852,54,99,Bengaluru,Positive,1005
3971,2026-09-11 06:45:00,user_26,Amazing experience today,#Python,773,87,68,Chennai,Positive,928
9203,2026-09-11 06:46:00,user_395,Very disappointing result,#DataAnalytics,994,47,51,Chennai,Neutral,1092
2055,2026-09-11 06:50:00,user_494,This failed again,#Python,582,83,80,Chennai,Negative,745
516,2026-09-11 06:51:00,user_341,I hate this problem,#Fitness,663,89,64,Delhi,Negative,816
778,2026-09-11 06:53:00,user_351,I love this new AI tool,#Python,565,186,71,Delhi,Positive,822
311,2026-09-11 06:55:00,user_29,I love this new AI tool,#AI,263,93,44,Mumbai,Positive,400
1220,2026-09-11 06:55:00,user_351,I hate this problem,#Bengaluru,624,36,54,Hyderabad,Negative,714
7487,2026-09-11 06:57:00,user_481,Amazing experience today,#Python,763,72,38,Delhi,Positive,873
886,2026-09-11 07:05:00,user_177,This failed again,#Cricket,892,150,47,Mumbai,Negative,1089
9101,2026-09-11 07:09:00,user_407,Cricket match scheduled today,#DataAnalytics,934,129,50,Chennai,Neutral,1113
3777,2026-09-11 07:09:00,user_20,Amazing fitness progress,#Trending,608,44,6,Chennai,Positive,658
6650,2026-09-11 07:26:00,user_141,Amazing experience today,#Fitness,322,46,98,Hyderabad,Positive,466
8201,2026-09-11 07:34:00,user_341,I love this new AI tool,#DataAnalytics,77,148,1,Chennai,Positive,226
418,2026-09-11 07:36:00,user_344,Python is really useful,#Cricket,874,118,22,Pune,Neutral,1014
4853,2026-09-11 07:37:00,user_309,Great work by the team,#Bengaluru,658,181,86,Mumbai,Positive,925
7060,2026-09-11 07:39:00,user_28,I am angry about this,#Cricket,404,165,98,Chennai,Negative,667
4277,2026-09-11 07:40:00,user_51,Excellent cricket match,#Cricket,640,108,26,Delhi,Positive,774
6801,2026-09-11 07:44:00,user_230,Excellent cricket match,#Fitness,488,134,83,Hyderabad,Positive,705
4970,2026-09-11 07:48:00,user_184,Technology update today,#Trending,267,176,96,Delhi,Neutral,539
9769,2026-09-11 07:49:00,user_400,Excellent cricket match,#Bengaluru,113,173,94,Hyderabad,Positive,380
6094,2026-09-11 07:50:00,user_111,I love this new AI tool,#AI,871,132,41,Hyderabad,Positive,1044
9698,2026-09-11 07:56:00,user_22,Beautiful day in Bengaluru,#Fitness,534,68,59,Bengaluru,Positive,661
4001,2026-09-11 08:03:00,user_202,Amazing fitness progress,#Bengaluru,253,126,74,Delhi,Positive,453
8117,2026-09-11 08:11:00,user_181,Cricket match scheduled today,#Cricket,740,26,99,Bengaluru,Neutral,865
8056,2026-09-11 08:15:00,user_154,Python is really useful,#AI,706,164,70,Pune,Neutral,940
4570,2026-09-11 08:18:00,user_292,Great work by the team,#AI,719,81,99,Pune,Positive,899
4286,2026-09-11 08:23:00,user_196,Python is really useful,#Trending,533,88,26,Hyderabad,Neutral,647
1174,2026-09-11 08:25:00,user_60,Cricket match scheduled today,#Bengaluru,371,132,80,Chennai,Neutral,583
4754,2026-09-11 08:36:00,user_238,Amazing fitness progress,#DataAnalytics,273,72,66,Hyderabad,Positive,411
5695,2026-09-11 08:37:00,user_207,Weather update from Bengaluru,#DataAnalytics,544,11,74,Mumbai,Neutral,629
2447,2026-09-11 08:37:00,user_385,Excellent cricket match,#Bengaluru,805,49,67,Pune,Positive,921
6022,2026-09-11 08:43:00,user_126,Amazing fitness progress,#Python,201,75,67,Delhi,Positive,343
294,2026-09-11 08:47:00,user_50,Amazing fitness progress,#Fitness,165,178,83,Delhi,Positive,426
809,2026-09-11 08:50:00,user_235,Great work by the team,#Cricket,79,110,76,Mumbai,Positive,265
6616,2026-09-11 08:50:00,user_293,Python project discussion,#Bengaluru,657,30,40,Delhi,Neutral,727
9868,2026-09-11 08:53:00,user_273,Cricket match scheduled today,#Bengaluru,238,56,54,Pune,Neutral,348
2868,2026-09-11 08:58:00,user_368,Worst experience ever,#Trending,98,59,87,Hyderabad,Negative,244
2,2026-09-11 09:07:00,user_451,Cricket match scheduled today,#Trending,231,76,53,Bengaluru,Neutral,360
2805,2026-09-11 09:10:00,user_42,Amazing experience today,#AI,840,73,48,Pune,Positive,961
8154,2026-09-11 09:11:00,user_75,Amazing fitness progress,#DataAnalytics,462,4,46,Bengaluru,Positive,512
7584,2026-09-11 09:12:00,user_125,Terrible service,#AI,871,165,82,Pune,Negative,1118
4875,2026-09-11 09:13:00,user_221,Beautiful day in Bengaluru,#Technology,186,102,55,Pune,Positive,343
2892,2026-09-11 09:17:00,user_359,I love this new AI tool,#Trending,251,21,47,Mumbai,Positive,319
9519,2026-09-11 09:19:00,user_279,I hate this problem,#Technology,603,19,6,Mumbai,Negative,628
8831,2026-09-11 09:24:00,user_171,Beautiful day in Bengaluru,#Python,701,134,89,Delhi,Positive,924
5016,2026-09-11 09:24:00,user_388,Fitness workout completed,#Technology,781,136,93,Pune,Neutral,1010
4798,2026-09-11 09:30:00,user_83,Python is really useful,#Technology,806,14,49,Delhi,Neutral,869
4878,2026-09-11 09:32:00,user_79,I hate this problem,#Fitness,805,79,77,Pune,Negative,961
2427,2026-09-11 09:37:00,user_92,Excellent cricket match,#Trending,520,8,47,Pune,Positive,575
6952,2026-09-11 09:37:00,user_248,Great technology update,#Bengaluru,964,169,91,Mumbai,Positive,1224
6925,2026-09-11 09:46:00,user_424,I hate this problem,#DataAnalytics,135,77,24,Mumbai,Negative,236
1052,2026-09-11 09:55:00,user_494,Python is really useful,#Trending,223,169,25,Pune,Neutral,417
283,2026-09-11 09:55:00,user_354,Excellent cricket match,#AI,55,98,97,Delhi,Positive,250
8422,2026-09-11 10:03:00,user_440,This failed again,#Bengaluru,673,39,47,Pune,Negative,759
1280,2026-09-11 10:07:00,user_99,Weather update from Bengaluru,#Bengaluru,975,167,17,Delhi,Neutral,1159
5478,2026-09-11 10:19:00,user_89,Bad experience today,#DataAnalytics,583,40,45,Mumbai,Negative,668
6685,2026-09-11 10:22:00,user_258,Beautiful day in Bengaluru,#DataAnalytics,428,136,28,Hyderabad,Positive,592
2407,2026-09-11 10:27:00,user_176,Beautiful day in Bengaluru,#DataAnalytics,115,17,73,Hyderabad,Positive,205
2981,2026-09-11 10:28:00,user_343,Worst experience ever,#Bengaluru,290,21,64,Chennai,Negative,375
8743,2026-09-11 10:33:00,user_441,Bad experience today,#Bengaluru,321,117,60,Delhi,Negative,498
7585,2026-09-11 10:37:00,user_49,Great work by the team,#Technology,874,192,59,Mumbai,Positive,1125
148,2026-09-11 10:46:00,user_356,Great work by the team,#AI,743,114,94,Hyderabad,Positive,951
9825,2026-09-11 10:48:00,user_413,Amazing experience today,#AI,490,53,89,Bengaluru,Positive,632
1011,2026-09-11 10:56:00,user_316,I hate this problem,#DataAnalytics,654,123,65,Pune,Negative,842
4461,2026-09-11 10:57:00,user_77,Bad experience today,#Cricket,979,166,48,Hyderabad,Negative,1193
37,2026-09-11 11:06:00,user_71,Excellent cricket match,#AI,386,77,83,Bengaluru,Positive,546
387,2026-09-11 11:07:00,user_167,Python project discussion,#Technology,903,108,11,Mumbai,Neutral,1022
1616,2026-09-11 11:09:00,user_478,Amazing experience today,#Fitness,600,35,42,Mumbai,Positive,677
3581,2026-09-11 11:11:00,user_234,Cricket match scheduled today,#DataAnalytics,782,130,41,Hyderabad,Neutral,953
1792,2026-09-11 11:15:00,user_159,Fitness workout completed,#Cricket,654,39,51,Bengaluru,Neutral,744
5522,2026-09-11 11:21:00,user_47,Amazing fitness progress,#Bengaluru,408,50,71,Bengaluru,Positive,529
7875,2026-09-11 11:23:00,user_390,This failed again,#Bengaluru,412,130,92,Mumbai,Negative,634
9134,2026-09-11 11:24:00,user_195,Cricket match scheduled today,#Technology,745,7,98,Mumbai,Neutral,850
1547,2026-09-11 11:28:00,user_334,I love this new AI tool,#Trending,846,122,42,Mumbai,Positive,1010
6,2026-09-11 11:29:00,user_213,This failed again,#Cricket,699,149,55,Bengaluru,Negative,903
3960,2026-09-11 11:29:00,user_201,AI news update,#Fitness,649,198,41,Pune,Neutral,888
298,2026-09-11 11:31:00,user_320,Amazing experience today,#Fitness,494,49,62,Bengaluru,Positive,605
314,2026-09-11 11:34:00,user_146,Poor performance today,#Cricket,216,97,8,Delhi,Negative,321
3189,2026-09-11 11:34:00,user_344,Beautiful day in Bengaluru,#Bengaluru,697,61,73,Mumbai,Positive,831
5283,2026-09-11 11:34:00,user_487,I love this new AI tool,#DataAnalytics,983,8,22,Bengaluru,Positive,1013
2743,2026-09-11 11:37:00,user_61,Amazing fitness progress,#Fitness,386,184,36,Mumbai,Positive,606
3106,2026-09-11 11:39:00,user_168,Python is really useful,#Technology,939,182,61,Mumbai,Neutral,1182
2851,2026-09-11 11:41:00,user_347,Excellent cricket match,#DataAnalytics,830,73,83,Mumbai,Positive,986
832,2026-09-11 11:47:00,user_140,Great technology update,#Bengaluru,195,184,85,Pune,Positive,464
7897,2026-09-11 11:47:00,user_199,Worst experience ever,#Python,278,39,85,Hyderabad,Negative,402
2119,2026-09-11 11:50:00,user_459,I hate this problem,#Bengaluru,56,82,58,Pune,Negative,196
2473,2026-09-11 11:50:00,user_110,Data analytics session today,#Technology,457,120,67,Pune,Neutral,644
5396,2026-09-11 11:56:00,user_350,Excellent cricket match,#Cricket,449,148,16,Bengaluru,Positive,613
4602,2026-09-11 12:02:00,user_144,Cricket match scheduled today,#Fitness,699,113,78,Chennai,Neutral,890
2146,2026-09-11 12:16:00,user_235,Beautiful day in Bengaluru,#Python,149,185,80,Hyderabad,Positive,414
169,2026-09-11 12:16:00,user_496,Poor performance today,#Cricket,259,155,99,Mumbai,Negative,513
6370,2026-09-11 12:18:00,user_91,Python is really useful,#Python,43,144,1,Chennai,Neutral,188
2326,2026-09-11 12:22:00,user_298,AI news update,#Fitness,311,115,93,Delhi,Neutral,519
3811,2026-09-11 12:28:00,user_28,Cricket match scheduled today,#Cricket,652,136,53,Chennai,Neutral,841
6330,2026-09-11 12:29:00,user_492,Cricket match scheduled today,#Fitness,645,108,60,Chennai,Neutral,813
7037,2026-09-11 12:35:00,user_342,This failed again,#Cricket,16,169,34,Bengaluru,Negative,219
837,2026-09-11 12:37:00,user_475,I am angry about this,#Cricket,607,23,1,Pune,Negative,631
4358,2026-09-11 12:42:00,user_283,Beautiful day in Bengaluru,#Technology,189,188,62,Mumbai,Positive,439
1041,2026-09-11 12:50:00,user_53,New information available,#Cricket,642,181,55,Mumbai,Neutral,878
3012,2026-09-11 12:53:00,user_242,New information available,#Technology,736,5,77,Bengaluru,Neutral,818
7676,2026-09-11 12:58:00,user_128,Data analytics session today,#Python,585,81,48,Mumbai,Neutral,714
8736,2026-09-11 13:15:00,user_62,Python project discussion,#Technology,662,2,80,Pune,Neutral,744
5244,2026-09-11 13:20:00,user_31,I love this new AI tool,#Bengaluru,142,13,83,Hyderabad,Positive,238
5651,2026-09-11 13:21:00,user_382,Weather update from Bengaluru,#Python,11,145,59,Bengaluru,Neutral,215
8347,2026-09-11 13:22:00,user_333,Amazing experience today,#Python,107,178,91,Delhi,Positive,376
7824,2026-09-11 13:23:00,user_41,Great technology update,#Cricket,226,12,98,Delhi,Positive,336
1714,2026-09-11 13:23:00,user_462,Fitness workout completed,#DataAnalytics,455,77,91,Bengaluru,Neutral,623
2341,2026-09-11 13:32:00,user_288,Bad experience today,#Technology,711,110,5,Pune,Negative,826
7782,2026-09-11 13:33:00,user_84,Weather update from Bengaluru,#Technology,51,82,15,Bengaluru,Neutral,148
7565,2026-09-11 13:40:00,user_15,Beautiful day in Bengaluru,#Cricket,312,66,97,Pune,Positive,475
1888,2026-09-11 13:49:00,user_156,Poor performance today,#Trending,114,47,17,Delhi,Negative,178
723,2026-09-11 13:51:00,user_327,Weather update from Bengaluru,#Technology,863,117,12,Mumbai,Neutral,992
6793,2026-09-11 13:53:00,user_484,Excellent cricket match,#Python,302,32,57,Hyderabad,Positive,391
9739,2026-09-11 13:56:00,user_374,Fitness workout completed,#Trending,753,156,95,Delhi,Neutral,1004
1664,2026-09-11 13:57:00,user_254,Poor performance today,#Fitness,999,112,19,Bengaluru,Negative,1130
4111,2026-09-11 13:57:00,user_233,Worst experience ever,#Trending,373,135,40,Mumbai,Negative,548
7879,2026-09-11 14:08:00,user_266,Python project discussion,#Python,548,110,23,Bengaluru,Neutral,681
495,2026-09-11 14:15:00,user_110,I love this new AI tool,#DataAnalytics,505,156,46,Bengaluru,Positive,707
420,2026-09-11 14:20:00,user_192,Python project discussion,#Python,905,100,17,Hyderabad,Neutral,1022
5500,2026-09-11 14:21:00,user_498,Fitness workout completed,#Bengaluru,374,157,41,Hyderabad,Neutral,572
6116,2026-09-11 14:27:00,user_5,Great technology update,#Bengaluru,188,184,8,Chennai,Positive,380
9022,2026-09-11 14:39:00,user_22,I am angry about this,#Trending,771,27,29,Chennai,Negative,827
1905,2026-09-11 14:45:00,user_358,Amazing fitness progress,#AI,361,199,85,Mumbai,Positive,645
1120,2026-09-11 14:51:00,user_185,Python project discussion,#Bengaluru,691,190,38,Pune,Neutral,919
9996,2026-09-11 14:58:00,user_194,Python project discussion,#Fitness,799,147,39,Chennai,Neutral,985
6465,2026-09-11 15:23:00,user_1,Great work by the team,#Technology,275,194,1,Bengaluru,Positive,470
3634,2026-09-11 15:26:00,user_144,Worst experience ever,#Fitness,818,145,47,Bengaluru,Negative,1010
3726,2026-09-11 15:33:00,user_487,Weather update from Bengaluru,#Fitness,878,174,70,Hyderabad,Neutral,1122
6642,2026-09-11 15:34:00,user_167,I love this new AI tool,#Python,130,64,14,Mumbai,Positive,208
4204,2026-09-11 15:41:00,user_274,Python is really useful,#Bengaluru,954,43,80,Delhi,Neutral,1077
8766,2026-09-11 15:42:00,user_65,Excellent cricket match,#Trending,568,100,96,Pune,Positive,764
5448,2026-09-11 15:46:00,user_199,Fitness workout completed,#AI,625,186,26,Hyderabad,Neutral,837
6068,2026-09-11 15:48:00,user_415,Poor performance today,#Bengaluru,533,14,40,Delhi,Negative,587
2600,2026-09-11 15:49:00,user_257,I hate this problem,#Bengaluru,143,161,82,Pune,Negative,386
1186,2026-09-11 15:51:00,user_95,Terrible service,#Python,708,85,96,Bengaluru,Negative,889
6062,2026-09-11 15:59:00,user_313,Beautiful day in Bengaluru,#Fitness,767,195,55,Pune,Positive,1017
5542,2026-09-11 16:00:00,user_150,Great work by the team,#Cricket,900,61,51,Hyderabad,Positive,1012
1486,2026-09-11 16:02:00,user_208,Great technology update,#DataAnalytics,687,24,64,Bengaluru,Positive,775
1430,2026-09-11 16:03:00,user_193,New information available,#Trending,668,111,23,Pune,Neutral,802
1469,2026-09-11 16:06:00,user_495,Python project discussion,#Bengaluru,898,1,13,Pune,Neutral,912
8982,2026-09-11 16:09:00,user_209,Amazing experience today,#Technology,434,132,82,Bengaluru,Positive,648
4744,2026-09-11 16:11:00,user_88,Great work by the team,#Fitness,90,75,4,Bengaluru,Positive,169
6174,2026-09-11 16:13:00,user_337,Cricket match scheduled today,#Trending,377,90,65,Mumbai,Neutral,532
855,2026-09-11 16:17:00,user_410,Beautiful day in Bengaluru,#Trending,423,78,86,Bengaluru,Positive,587
3841,2026-09-11 16:30:00,user_84,I love this new AI tool,#AI,610,182,67,Chennai,Positive,859
1967,2026-09-11 16:32:00,user_257,Excellent cricket match,#Technology,492,34,61,Mumbai,Positive,587
5061,2026-09-11 16:32:00,user_88,This failed again,#Technology,558,135,64,Hyderabad,Negative,757
4921,2026-09-11 16:35:00,user_98,Excellent cricket match,#Fitness,394,50,18,Mumbai,Positive,462
8457,2026-09-11 16:37:00,user_141,Great technology update,#DataAnalytics,949,63,61,Pune,Positive,1073
34,2026-09-11 16:42:00,user_106,Great technology update,#AI,369,73,31,Bengaluru,Positive,473
5854,2026-09-11 16:47:00,user_395,Great work by the team,#Technology,420,164,1,Delhi,Positive,585
8836,2026-09-11 16:50:00,user_56,Terrible service,#Python,297,63,48,Mumbai,Negative,408
8121,2026-09-11 16:53:00,user_441,Weather update from Bengaluru,#Cricket,788,123,84,Bengaluru,Neutral,995
3358,2026-09-11 16:57:00,user_178,Amazing experience today,#DataAnalytics,902,2,9,Delhi,Positive,913
1301,2026-09-11 16:58:00,user_236,Amazing experience today,#Trending,433,194,13,Delhi,Positive,640
7819,2026-09-11 16:59:00,user_257,Amazing experience today,#AI,732,121,87,Mumbai,Positive,940
3948,2026-09-11 16:59:00,user_274,Data analytics session today,#Fitness,119,123,54,Pune,Neutral,296
8906,2026-09-11 17:00:00,user_238,Technology update today,#Bengaluru,124,152,72,Delhi,Neutral,348
3105,2026-09-11 17:00:00,user_499,Python project discussion,#Technology,765,10,52,Chennai,Neutral,827
3198,2026-09-11 17:01:00,user_269,I love this new AI tool,#DataAnalytics,103,140,5,Hyderabad,Positive,248
8995,2026-09-11 17:04:00,user_145,Very disappointing result,#Technology,676,17,74,Mumbai,Neutral,767
770,2026-09-11 17:19:00,user_82,New information available,#Fitness,70,166,4,Chennai,Neutral,240
5883,2026-09-11 17:24:00,user_34,Python is really useful,#DataAnalytics,530,116,81,Delhi,Neutral,727
2695,2026-09-11 17:31:00,user_436,Great technology update,#Cricket,653,69,78,Bengaluru,Positive,800
9586,2026-09-11 17:39:00,user_143,Python is really useful,#Bengaluru,683,31,40,Mumbai,Neutral,754
2572,2026-09-11 17:44:00,user_386,New information available,#Python,746,87,52,Hyderabad,Neutral,885
7141,2026-09-11 17:46:00,user_214,Amazing fitness progress,#Technology,732,147,77,Hyderabad,Positive,956
8924,2026-09-11 17:49:00,user_180,Beautiful day in Bengaluru,#Python,642,106,3,Mumbai,Positive,751
9331,2026-09-11 17:54:00,user_192,Python is really useful,#DataAnalytics,173,6,46,Delhi,Neutral,225
4495,2026-09-11 17:56:00,user_335,AI news update,#Python,467,172,30,Hyderabad,Neutral,669
849,2026-09-11 18:01:00,user_475,Amazing fitness progress,#DataAnalytics,937,92,100,Mumbai,Positive,1129
109,2026-09-11 18:03:00,user_1,Amazing experience today,#Cricket,601,69,77,Mumbai,Positive,747
3792,2026-09-11 18:09:00,user_25,Bad experience today,#AI,389,5,43,Hyderabad,Negative,437
2918,2026-09-11 18:09:00,user_251,Poor performance today,#Trending,625,112,63,Chennai,Negative,800
5848,2026-09-11 18:12:00,user_30,Beautiful day in Bengaluru,#AI,165,173,44,Pune,Positive,382
9180,2026-09-11 18:14:00,user_90,Amazing fitness progress,#DataAnalytics,758,164,34,Mumbai,Positive,956
2208,2026-09-11 18:15:00,user_99,Amazing experience today,#Python,71,76,90,Mumbai,Positive,237
7486,2026-09-11 18:16:00,user_448,Great work by the team,#Cricket,747,100,14,Delhi,Positive,861
1587,2026-09-11 18:17:00,user_143,Great work by the team,#Python,961,89,77,Hyderabad,Positive,1127
5738,2026-09-11 18:17:00,user_308,Weather update from Bengaluru,#AI,558,1,47,Hyderabad,Neutral,606
974,2026-09-11 18:18:00,user_67,Excellent cricket match,#Bengaluru,755,137,32,Hyderabad,Positive,924
7222,2026-09-11 18:20:00,user_283,Data analytics session today,#Cricket,480,47,77,Chennai,Neutral,604
3061,2026-09-11 18:24:00,user_309,Terrible service,#Fitness,104,57,32,Hyderabad,Negative,193
8785,2026-09-11 18:32:00,user_57,Great work by the team,#Trending,274,70,27,Bengaluru,Positive,371
179,2026-09-11 18:36:00,user_79,New information available,#Cricket,406,51,84,Chennai,Neutral,541
9232,2026-09-11 18:36:00,user_212,New information available,#Fitness,633,153,47,Chennai,Neutral,833
5055,2026-09-11 18:38:00,user_346,Weather update from Bengaluru,#Technology,214,15,7,Bengaluru,Neutral,236
3580,2026-09-11 18:40:00,user_168,Great work by the team,#Trending,258,37,56,Hyderabad,Positive,351
4942,2026-09-11 18:43:00,user_378,Terrible service,#Trending,380,2,42,Pune,Negative,424
6467,2026-09-11 18:50:00,user_326,Beautiful day in Bengaluru,#Python,421,164,58,Mumbai,Positive,643
1409,2026-09-11 18:54:00,user_270,Python is really useful,#Trending,645,39,93,Mumbai,Neutral,777
4630,2026-09-11 18:57:00,user_80,Fitness workout completed,#AI,199,59,15,Bengaluru,Neutral,273
1635,2026-09-11 18:59:00,user_324,Fitness workout completed,#AI,912,194,89,Pune,Neutral,1195
4396,2026-09-11 19:03:00,user_104,AI news update,#DataAnalytics,471,51,61,Bengaluru,Neutral,583
7749,2026-09-11 19:18:00,user_121,AI news update,#Fitness,222,159,64,Chennai,Neutral,445
8264,2026-09-11 19:26:00,user_224,Great technology update,#DataAnalytics,378,120,30,Pune,Positive,528
8948,2026-09-11 19:27:00,user_285,Fitness workout completed,#Bengaluru,159,119,91,Chennai,Neutral,369
4812,2026-09-11 19:28:00,user_254,I love this new AI tool,#Trending,144,168,61,Mumbai,Positive,373
7787,2026-09-11 19:37:00,user_433,Beautiful day in Bengaluru,#Trending,538,189,47,Delhi,Positive,774
7813,2026-09-11 19:38:00,user_477,Weather update from Bengaluru,#DataAnalytics,942,41,51,Chennai,Neutral,1034
3395,2026-09-11 19:41:00,user_217,I hate this problem,#Cricket,599,44,55,Pune,Negative,698
7870,2026-09-11 19:42:00,user_176,Bad experience today,#AI,753,131,59,Pune,Negative,943
6439,2026-09-11 19:45:00,user_372,I hate this problem,#Technology,45,102,92,Bengaluru,Negative,239
6662,2026-09-11 19:49:00,user_186,Terrible service,#DataAnalytics,674,160,57,Bengaluru,Negative,891
3964,2026-09-11 19:52:00,user_390,Data analytics session today,#Python,505,15,22,Delhi,Neutral,542
595,2026-09-11 19:53:00,user_62,Amazing fitness progress,#Trending,803,65,38,Bengaluru,Positive,906
3196,2026-09-11 19:59:00,user_424,Technology update today,#Cricket,415,20,2,Pune,Neutral,437
4506,2026-09-11 20:00:00,user_217,Python is really useful,#Trending,637,184,90,Mumbai,Neutral,911
5157,2026-09-11 20:09:00,user_12,Python is really useful,#Trending,690,39,86,Hyderabad,Neutral,815
5384,2026-09-11 20:10:00,user_256,This failed again,#Bengaluru,954,145,37,Delhi,Negative,1136
8269,2026-09-11 20:13:00,user_46,Weather update from Bengaluru,#AI,680,143,48,Delhi,Neutral,871
4625,2026-09-11 20:14:00,user_228,Python is really useful,#Python,403,119,19,Mumbai,Neutral,541
3646,2026-09-11 20:14:00,user_28,Amazing experience today,#Technology,971,100,96,Delhi,Positive,1167
5127,2026-09-11 20:35:00,user_313,Very disappointing result,#Technology,478,4,31,Hyderabad,Neutral,513
4120,2026-09-11 20:35:00,user_240,Terrible service,#DataAnalytics,510,128,92,Chennai,Negative,730
119,2026-09-11 20:42:00,user_404,Great work by the team,#Python,990,63,89,Pune,Positive,1142
7337,2026-09-11 20:43:00,user_304,Bad experience today,#Trending,819,32,97,Mumbai,Negative,948
4781,2026-09-11 20:46:00,user_167,Bad experience today,#Bengaluru,250,40,43,Delhi,Negative,333
6681,2026-09-11 20:50:00,user_35,Great technology update,#AI,391,68,42,Mumbai,Positive,501
8802,2026-09-11 20:51:00,user_353,I am angry about this,#Bengaluru,135,40,48,Bengaluru,Negative,223
2657,2026-09-11 20:52:00,user_43,I love this new AI tool,#Technology,640,46,85,Chennai,Positive,771
1123,2026-09-11 20:56:00,user_414,I love this new AI tool,#Trending,619,187,58,Delhi,Positive,864
1300,2026-09-11 21:08:00,user_188,Python is really useful,#Trending,334,72,24,Chennai,Neutral,430
8706,2026-09-11 21:09:00,user_400,Amazing experience today,#Cricket,935,83,88,Pune,Positive,1106
1580,2026-09-11 21:11:00,user_26,Python is really useful,#DataAnalytics,749,189,62,Mumbai,Neutral,1000
7922,2026-09-11 21:11:00,user_157,Weather update from Bengaluru,#Fitness,713,164,47,Mumbai,Neutral,924
3563,2026-09-11 21:12:00,user_381,Fitness workout completed,#Fitness,542,57,86,Hyderabad,Neutral,685
4557,2026-09-11 21:24:00,user_489,Python is really useful,#Python,420,62,4,Pune,Neutral,486
175,2026-09-11 21:24:00,user_213,Python is really useful,#Bengaluru,970,188,93,Delhi,Neutral,1251
2428,2026-09-11 21:27:00,user_34,I love this new AI tool,#Trending,280,31,5,Mumbai,Positive,316
6808,2026-09-11 21:27:00,user_456,Amazing fitness progress,#AI,52,65,100,Hyderabad,Positive,217
9282,2026-09-11 21:30:00,user_249,Great work by the team,#Python,993,62,13,Bengaluru,Positive,1068
1394,2026-09-11 21:31:00,user_280,Beautiful day in Bengaluru,#AI,430,36,39,Hyderabad,Positive,505
6666,2026-09-11 21:33:00,user_299,Technology update today,#Python,704,151,22,Delhi,Neutral,877
1299,2026-09-11 21:51:00,user_85,Data analytics session today,#Technology,602,97,6,Pune,Neutral,705
9128,2026-09-11 21:52:00,user_311,Worst experience ever,#Trending,591,92,59,Mumbai,Negative,742
8909,2026-09-11 21:53:00,user_331,Data analytics session today,#DataAnalytics,994,38,86,Bengaluru,Neutral,1118
1978,2026-09-11 21:59:00,user_5,Data analytics session today,#Python,41,13,99,Hyderabad,Neutral,153
5957,2026-09-11 22:01:00,user_347,Python is really useful,#Cricket,225,59,57,Pune,Neutral,341
2468,2026-09-11 22:07:00,user_126,Fitness workout completed,#Cricket,317,35,51,Pune,Neutral,403
1423,2026-09-11 22:13:00,user_65,Great work by the team,#Fitness,121,132,36,Bengaluru,Positive,289
343,2026-09-11 22:13:00,user_394,Weather update from Bengaluru,#Bengaluru,659,6,52,Pune,Neutral,717
8489,2026-09-11 22:14:00,user_98,Great technology update,#Fitness,485,181,29,Delhi,Positive,695
7861,2026-09-11 22:17:00,user_325,Amazing fitness progress,#Cricket,317,103,72,Delhi,Positive,492
469,2026-09-11 22:22:00,user_454,I am angry about this,#AI,702,17,99,Delhi,Negative,818
7316,2026-09-11 22:26:00,user_229,New information available,#Technology,70,61,21,Chennai,Neutral,152
6263,2026-09-11 22:30:00,user_490,Excellent cricket match,#Fitness,599,108,68,Mumbai,Positive,775
2072,2026-09-11 22:37:00,user_389,Great technology update,#AI,291,16,50,Pune,Positive,357
6690,2026-09-11 22:38:00,user_169,Data analytics session today,#AI,664,142,5,Bengaluru,Neutral,811
5194,2026-09-11 22:41:00,user_12,Worst experience ever,#DataAnalytics,704,79,12,Mumbai,Negative,795
8692,2026-09-11 22:43:00,user_444,This failed again,#Cricket,173,117,12,Mumbai,Negative,302
98,2026-09-11 22:55:00,user_32,Great work by the team,#Cricket,818,56,35,Hyderabad,Positive,909
1861,2026-09-11 22:58:00,user_29,Python is really useful,#AI,856,31,22,Pune,Neutral,909
588,2026-09-11 23:11:00,user_270,Amazing experience today,#Technology,400,86,38,Bengaluru,Positive,524
1211,2026-09-11 23:15:00,user_202,Data analytics session today,#DataAnalytics,477,85,9,Bengaluru,Neutral,571
9246,2026-09-11 23:18:00,user_83,Cricket match scheduled today,#Technology,424,115,68,Hyderabad,Neutral,607
674,2026-09-11 23:21:00,user_188,Weather update from Bengaluru,#Technology,52,133,23,Bengaluru,Neutral,208
8106,2026-09-11 23:33:00,user_196,Beautiful day in Bengaluru,#Cricket,917,76,59,Bengaluru,Positive,1052
2592,2026-09-11 23:39:00,user_219,Excellent cricket match,#Python,282,11,1,Mumbai,Positive,294
382,2026-09-11 23:41:00,user_72,Cricket match scheduled today,#Technology,592,146,59,Bengaluru,Neutral,797
6358,2026-09-11 23:43:00,user_11,Amazing fitness progress,#DataAnalytics,514,112,84,Bengaluru,Positive,710
7887,2026-09-11 23:56:00,user_345,Very disappointing result,#Technology,373,149,6,Hyderabad,Neutral,528
6979,2026-09-11 23:56:00,user_382,Amazing experience today,#DataAnalytics,478,85,29,Bengaluru,Positive,592
7066,2026-09-12 00:10:00,user_189,Python is really useful,#Python,494,142,65,Delhi,Neutral,701
4321,2026-09-12 00:11:00,user_116,Amazing fitness progress,#AI,31,182,9,Mumbai,Positive,222
9418,2026-09-12 00:13:00,user_469,Excellent cricket match,#Technology,710,47,7,Hyderabad,Positive,764
6336,2026-09-12 00:16:00,user_227,Amazing fitness progress,#Trending,285,187,90,Hyderabad,Positive,562
6071,2026-09-12 00:23:00,user_155,Amazing experience today,#Trending,754,164,32,Hyderabad,Positive,950
7343,2026-09-12 00:23:00,user_427,Cricket match scheduled today,#Python,72,118,45,Mumbai,Neutral,235
9920,2026-09-12 00:29:00,user_366,Great technology update,#Bengaluru,783,7,24,Mumbai,Positive,814
7264,2026-09-12 00:31:00,user_9,Python is really useful,#Cricket,28,89,82,Pune,Neutral,199
6166,2026-09-12 00:31:00,user_223,Weather update from Bengaluru,#DataAnalytics,44,178,77,Chennai,Neutral,299
4416,2026-09-12 00:41:00,user_472,Amazing experience today,#Bengaluru,532,40,32,Pune,Positive,604
7540,2026-09-12 00:46:00,user_305,Great technology update,#Cricket,271,79,97,Delhi,Positive,447
6080,2026-09-12 00:50:00,user_46,I hate this problem,#AI,870,165,37,Delhi,Negative,1072
4539,2026-09-12 00:53:00,user_371,Amazing experience today,#Fitness,701,185,47,Pune,Positive,933
3666,2026-09-12 00:55:00,user_468,Data analytics session today,#Trending,494,9,11,Bengaluru,Neutral,514
9952,2026-09-12 00:56:00,user_447,Data analytics session today,#AI,908,182,1,Hyderabad,Neutral,1091
2444,2026-09-12 01:03:00,user_60,Great work by the team,#Cricket,166,186,17,Pune,Positive,369
8643,2026-09-12 01:09:00,user_454,Cricket match scheduled today,#Python,630,19,17,Hyderabad,Neutral,666
8498,2026-09-12 01:14:00,user_15,Excellent cricket match,#Fitness,932,80,68,Pune,Positive,1080
5053,2026-09-12 01:20:00,user_97,Python is really useful,#DataAnalytics,748,104,63,Bengaluru,Neutral,915
3499,2026-09-12 01:23:00,user_43,Weather update from Bengaluru,#Cricket,186,168,50,Hyderabad,Neutral,404
4368,2026-09-12 01:24:00,user_74,Amazing experience today,#Technology,191,50,85,Bengaluru,Positive,326
6930,2026-09-12 01:24:00,user_443,Terrible service,#Cricket,979,100,89,Pune,Negative,1168
8027,2026-09-12 01:27:00,user_363,Python is really useful,#Technology,407,23,44,Chennai,Neutral,474
5964,2026-09-12 01:28:00,user_128,I hate this problem,#Technology,769,106,55,Mumbai,Negative,930
9335,2026-09-12 01:30:00,user_28,Amazing experience today,#Fitness,119,47,85,Hyderabad,Positive,251
3766,2026-09-12 01:31:00,user_261,Amazing fitness progress,#Bengaluru,459,178,38,Mumbai,Positive,675
7869,2026-09-12 01:31:00,user_31,Great work by the team,#Fitness,148,137,14,Hyderabad,Positive,299
1985,2026-09-12 01:39:00,user_187,I love this new AI tool,#Python,580,64,80,Pune,Positive,724
8889,2026-09-12 02:03:00,user_14,Amazing experience today,#Trending,770,101,94,Delhi,Positive,965
9273,2026-09-12 02:06:00,user_376,Worst experience ever,#Bengaluru,263,48,49,Chennai,Negative,360
1810,2026-09-12 02:10:00,user_233,New information available,#AI,909,158,21,Mumbai,Neutral,1088
6812,2026-09-12 02:11:00,user_436,Beautiful day in Bengaluru,#Cricket,193,85,86,Mumbai,Positive,364
1987,2026-09-12 02:12:00,user_47,Python project discussion,#DataAnalytics,120,89,60,Bengaluru,Neutral,269
4485,2026-09-12 02:14:00,user_197,Technology update today,#AI,594,134,99,Bengaluru,Neutral,827
3998,2026-09-12 02:22:00,user_50,Very disappointing result,#Technology,736,7,93,Hyderabad,Neutral,836
4828,2026-09-12 02:27:00,user_378,Python project discussion,#Python,862,56,69,Bengaluru,Neutral,987
4842,2026-09-12 02:28:00,user_266,Bad experience today,#Cricket,596,74,92,Pune,Negative,762
1228,2026-09-12 02:28:00,user_436,Technology update today,#Python,695,98,3,Chennai,Neutral,796
4135,2026-09-12 02:29:00,user_392,Cricket match scheduled today,#Fitness,109,44,89,Pune,Neutral,242
6143,2026-09-12 02:30:00,user_148,I love this new AI tool,#Technology,430,175,8,Hyderabad,Positive,613
1450,2026-09-12 02:41:00,user_472,AI news update,#Bengaluru,573,196,15,Pune,Neutral,784
1988,2026-09-12 02:42:00,user_154,Amazing experience today,#Python,588,28,15,Mumbai,Positive,631
7232,2026-09-12 02:45:00,user_359,Great work by the team,#Cricket,958,73,31,Delhi,Positive,1062
985,2026-09-12 02:45:00,user_455,Beautiful day in Bengaluru,#Trending,767,135,99,Pune,Positive,1001
6126,2026-09-12 02:48:00,user_70,Very disappointing result,#AI,735,51,52,Bengaluru,Neutral,838
7582,2026-09-12 02:53:00,user_229,I love this new AI tool,#Cricket,156,147,33,Hyderabad,Positive,336
9772,2026-09-12 02:56:00,user_46,Python is really useful,#DataAnalytics,633,104,31,Hyderabad,Neutral,768
8130,2026-09-12 02:59:00,user_484,Bad experience today,#Cricket,562,137,5,Bengaluru,Negative,704
1146,2026-09-12 02:59:00,user_383,Data analytics session today,#Python,563,199,68,Mumbai,Neutral,830
4514,2026-09-12 03:21:00,user_123,Technology update today,#DataAnalytics,119,94,80,Delhi,Neutral,293
6980,2026-09-12 03:25:00,user_80,Fitness workout completed,#Fitness,409,192,26,Bengaluru,Neutral,627
494,2026-09-12 03:39:00,user_45,Terrible service,#AI,554,14,33,Mumbai,Negative,601
3978,2026-09-12 03:43:00,user_342,Great technology update,#Cricket,717,93,88,Chennai,Positive,898
1970,2026-09-12 03:50:00,user_95,Python is really useful,#DataAnalytics,926,19,55,Bengaluru,Neutral,1000
295,2026-09-12 03:51:00,user_304,Python is really useful,#Fitness,222,124,94,Delhi,Neutral,440
218,2026-09-12 03:53:00,user_20,I love this new AI tool,#Technology,439,91,73,Hyderabad,Positive,603
4676,2026-09-12 03:53:00,user_167,Amazing fitness progress,#AI,63,93,66,Bengaluru,Positive,222
9654,2026-09-12 03:53:00,user_238,Terrible service,#Python,667,75,42,Mumbai,Negative,784
4715,2026-09-12 03:58:00,user_389,AI news update,#Python,750,29,54,Chennai,Neutral,833
5498,2026-09-12 03:58:00,user_477,Great work by the team,#DataAnalytics,16,62,77,Bengaluru,Positive,155
4044,2026-09-12 03:59:00,user_13,Amazing fitness progress,#Trending,234,33,21,Pune,Positive,288
6119,2026-09-12 04:09:00,user_174,AI news update,#Trending,94,85,34,Chennai,Neutral,213
4803,2026-09-12 04:13:00,user_487,AI news update,#Fitness,219,126,95,Delhi,Neutral,440
2190,2026-09-12 04:13:00,user_312,This failed again,#Bengaluru,782,134,39,Pune,Negative,955
5610,2026-09-12 04:23:00,user_1,I hate this problem,#DataAnalytics,395,88,88,Bengaluru,Negative,571
5762,2026-09-12 04:30:00,user_80,Technology update today,#Trending,109,25,98,Chennai,Neutral,232
1568,2026-09-12 04:36:00,user_416,Great work by the team,#Python,758,89,85,Delhi,Positive,932
1736,2026-09-12 04:36:00,user_416,I love this new AI tool,#Fitness,831,98,11,Delhi,Positive,940
2789,2026-09-12 04:40:00,user_40,This failed again,#Trending,558,91,55,Mumbai,Negative,704
3239,2026-09-12 04:42:00,user_138,I am angry about this,#Bengaluru,836,120,17,Mumbai,Negative,973
3881,2026-09-12 04:43:00,user_355,Python project discussion,#Trending,360,18,99,Bengaluru,Neutral,477
4640,2026-09-12 04:46:00,user_53,Great technology update,#Bengaluru,18,75,56,Mumbai,Positive,149
2675,2026-09-12 04:52:00,user_357,Great technology update,#Cricket,146,176,90,Mumbai,Positive,412
3564,2026-09-12 04:54:00,user_138,Great technology update,#AI,19,88,31,Mumbai,Positive,138
2078,2026-09-12 05:00:00,user_361,Beautiful day in Bengaluru,#AI,660,73,67,Hyderabad,Positive,800
9511,2026-09-12 05:00:00,user_156,Fitness workout completed,#DataAnalytics,90,145,56,Mumbai,Neutral,291
2715,2026-09-12 05:03:00,user_367,Great technology update,#Python,181,73,76,Mumbai,Positive,330
7167,2026-09-12 05:13:00,user_3,AI news update,#Trending,102,5,51,Pune,Neutral,158
2737,2026-09-12 05:14:00,user_312,Weather update from Bengaluru,#Bengaluru,127,181,20,Hyderabad,Neutral,328
4679,2026-09-12 05:21:00,user_430,Amazing experience today,#Technology,491,11,53,Chennai,Positive,555
9447,2026-09-12 05:27:00,user_93,Excellent cricket match,#AI,132,178,40,Hyderabad,Positive,350
2510,2026-09-12 05:33:00,user_375,I love this new AI tool,#Bengaluru,349,135,72,Chennai,Positive,556
625,2026-09-12 05:34:00,user_292,Data analytics session today,#Bengaluru,80,143,13,Delhi,Neutral,236
5726,2026-09-12 05:37:00,user_359,Technology update today,#Trending,333,62,55,Delhi,Neutral,450
5420,2026-09-12 05:41:00,user_326,Great work by the team,#Bengaluru,354,71,21,Pune,Positive,446
1708,2026-09-12 05:42:00,user_18,Amazing fitness progress,#Python,555,105,59,Hyderabad,Positive,719
8938,2026-09-12 05:42:00,user_46,New information available,#DataAnalytics,674,150,41,Chennai,Neutral,865
7415,2026-09-12 05:42:00,user_403,Technology update today,#Bengaluru,784,116,17,Delhi,Neutral,917
6446,2026-09-12 05:47:00,user_37,Amazing fitness progress,#AI,298,173,52,Bengaluru,Positive,523
8332,2026-09-12 05:50:00,user_22,I am angry about this,#DataAnalytics,484,72,49,Mumbai,Negative,605
9076,2026-09-12 05:53:00,user_201,Python is really useful,#Bengaluru,781,194,31,Delhi,Neutral,1006
8925,2026-09-12 05:58:00,user_267,I love this new AI tool,#Bengaluru,179,175,66,Pune,Positive,420
8784,2026-09-12 06:00:00,user_333,AI news update,#Bengaluru,443,21,75,Pune,Neutral,539
5927,2026-09-12 06:13:00,user_241,Great work by the team,#Technology,277,97,93,Chennai,Positive,467
8105,2026-09-12 06:18:00,user_417,Amazing experience today,#Trending,336,154,5,Bengaluru,Positive,495
43,2026-09-12 06:33:00,user_326,Poor performance today,#Cricket,889,66,52,Chennai,Negative,1007
7757,2026-09-12 06:44:00,user_67,I love this new AI tool,#Bengaluru,531,120,49,Delhi,Positive,700
1663,2026-09-12 06:51:00,user_192,Amazing fitness progress,#Fitness,791,166,50,Hyderabad,Positive,1007
9010,2026-09-12 06:55:00,user_253,Excellent cricket match,#Bengaluru,984,66,97,Pune,Positive,1147
5318,2026-09-12 06:56:00,user_346,I am angry about this,#AI,253,180,48,Chennai,Negative,481
3535,2026-09-12 06:57:00,user_383,Beautiful day in Bengaluru,#DataAnalytics,387,196,91,Pune,Positive,674
4365,2026-09-12 07:00:00,user_138,Fitness workout completed,#Technology,420,82,78,Chennai,Neutral,580
1076,2026-09-12 07:01:00,user_212,Amazing fitness progress,#Fitness,645,50,99,Mumbai,Positive,794
4364,2026-09-12 07:07:00,user_305,Amazing experience today,#Fitness,101,1,2,Bengaluru,Positive,104
9340,2026-09-12 07:09:00,user_290,Amazing fitness progress,#Trending,867,34,62,Bengaluru,Positive,963
5301,2026-09-12 07:12:00,user_210,Very disappointing result,#Fitness,824,111,55,Delhi,Neutral,990
5700,2026-09-12 07:21:00,user_349,Great technology update,#Fitness,507,83,75,Bengaluru,Positive,665
8439,2026-09-12 07:26:00,user_212,Amazing fitness progress,#DataAnalytics,607,15,79,Chennai,Positive,701
2520,2026-09-12 07:27:00,user_135,New information available,#Python,968,132,52,Bengaluru,Neutral,1152
6043,2026-09-12 07:33:00,user_256,Great work by the team,#Python,318,147,58,Chennai,Positive,523
4469,2026-09-12 07:38:00,user_215,Cricket match scheduled today,#Bengaluru,373,95,8,Pune,Neutral,476
4881,2026-09-12 07:41:00,user_188,Weather update from Bengaluru,#DataAnalytics,490,162,40,Hyderabad,Neutral,692
7217,2026-09-12 07:45:00,user_337,Amazing fitness progress,#AI,482,175,30,Hyderabad,Positive,687
3035,2026-09-12 07:48:00,user_492,Technology update today,#Python,447,168,63,Pune,Neutral,678
1026,2026-09-12 07:49:00,user_262,Bad experience today,#Trending,554,77,72,Mumbai,Negative,703
3509,2026-09-12 07:52:00,user_51,Amazing experience today,#DataAnalytics,439,200,96,Pune,Positive,735
8737,2026-09-12 07:53:00,user_362,I love this new AI tool,#Cricket,180,35,29,Bengaluru,Positive,244
1480,2026-09-12 07:54:00,user_53,Bad experience today,#Fitness,988,86,15,Pune,Negative,1089
8295,2026-09-12 08:00:00,user_263,Cricket match scheduled today,#Trending,220,170,98,Bengaluru,Neutral,488
3344,2026-09-12 08:00:00,user_61,Beautiful day in Bengaluru,#Cricket,943,135,51,Chennai,Positive,1129
1399,2026-09-12 08:09:00,user_291,Amazing fitness progress,#AI,816,79,14,Delhi,Positive,909
3757,2026-09-12 08:33:00,user_395,Amazing fitness progress,#DataAnalytics,432,149,35,Bengaluru,Positive,616
4521,2026-09-12 08:36:00,user_287,Data analytics session today,#AI,236,186,16,Hyderabad,Neutral,438
8238,2026-09-12 08:47:00,user_215,Poor performance today,#Fitness,990,34,72,Pune,Negative,1096
6958,2026-09-12 08:49:00,user_26,I love this new AI tool,#Fitness,224,124,93,Bengaluru,Positive,441
8727,2026-09-12 09:00:00,user_127,Python is really useful,#Cricket,57,200,8,Delhi,Neutral,265
1260,2026-09-12 09:03:00,user_54,Amazing experience today,#Fitness,970,174,69,Mumbai,Positive,1213
5327,2026-09-12 09:04:00,user_212,Amazing experience today,#Python,205,89,41,Mumbai,Positive,335
1776,2026-09-12 09:05:00,user_378,I hate this problem,#DataAnalytics,884,161,47,Bengaluru,Negative,1092
4797,2026-09-12 09:06:00,user_32,Amazing fitness progress,#AI,668,124,56,Hyderabad,Positive,848
8080,2026-09-12 09:09:00,user_81,I love this new AI tool,#Bengaluru,504,61,78,Delhi,Positive,643
9977,2026-09-12 09:11:00,user_402,Python project discussion,#AI,255,149,63,Hyderabad,Neutral,467
7923,2026-09-12 09:17:00,user_402,Data analytics session today,#Technology,706,87,85,Hyderabad,Neutral,878
6565,2026-09-12 09:17:00,user_253,I love this new AI tool,#Cricket,609,19,27,Delhi,Positive,655
7767,2026-09-12 09:18:00,user_406,Terrible service,#Bengaluru,221,84,99,Bengaluru,Negative,404
4303,2026-09-12 09:18:00,user_52,I love this new AI tool,#Trending,255,184,69,Chennai,Positive,508
6170,2026-09-12 09:25:00,user_460,Great work by the team,#Trending,298,155,87,Pune,Positive,540
5220,2026-09-12 09:27:00,user_145,Worst experience ever,#Fitness,521,182,62,Bengaluru,Negative,765
780,2026-09-12 09:29:00,user_479,Beautiful day in Bengaluru,#Python,727,7,83,Mumbai,Positive,817
2417,2026-09-12 09:44:00,user_500,Python project discussion,#Bengaluru,276,97,89,Mumbai,Neutral,462
7969,2026-09-12 09:45:00,user_405,Worst experience ever,#Fitness,670,114,66,Mumbai,Negative,850
1270,2026-09-12 09:48:00,user_122,I love this new AI tool,#Cricket,720,75,32,Delhi,Positive,827
1193,2026-09-12 09:48:00,user_290,Amazing experience today,#Fitness,899,4,63,Delhi,Positive,966
3738,2026-09-12 09:49:00,user_370,I love this new AI tool,#Technology,880,9,47,Hyderabad,Positive,936
8412,2026-09-12 09:51:00,user_113,Poor performance today,#Bengaluru,453,101,8,Pune,Negative,562
1800,2026-09-12 09:55:00,user_52,Great work by the team,#Bengaluru,697,167,13,Chennai,Positive,877
5955,2026-09-12 10:00:00,user_402,Amazing fitness progress,#Technology,70,89,10,Mumbai,Positive,169
4103,2026-09-12 10:10:00,user_400,Amazing experience today,#AI,218,115,27,Bengaluru,Positive,360
5151,2026-09-12 10:11:00,user_94,Great technology update,#Trending,461,135,20,Bengaluru,Positive,616
425,2026-09-12 10:16:00,user_80,Excellent cricket match,#Trending,326,16,45,Hyderabad,Positive,387
8102,2026-09-12 10:22:00,user_170,Worst experience ever,#DataAnalytics,323,111,27,Bengaluru,Negative,461
6769,2026-09-12 10:27:00,user_86,I hate this problem,#AI,981,152,42,Pune,Negative,1175
2833,2026-09-12 10:29:00,user_374,This failed again,#Trending,976,144,35,Delhi,Negative,1155
7265,2026-09-12 10:45:00,user_9,Great technology update,#Fitness,920,101,74,Chennai,Positive,1095
6344,2026-09-12 10:50:00,user_376,Python is really useful,#Bengaluru,88,198,41,Bengaluru,Neutral,327
7178,2026-09-12 10:54:00,user_131,Weather update from Bengaluru,#Technology,442,82,91,Hyderabad,Neutral,615
3486,2026-09-12 11:01:00,user_429,I hate this problem,#AI,725,49,43,Delhi,Negative,817
4423,2026-09-12 11:01:00,user_490,Great work by the team,#DataAnalytics,103,149,15,Pune,Positive,267
3135,2026-09-12 11:03:00,user_323,New information available,#Technology,447,106,82,Mumbai,Neutral,635
1937,2026-09-12 11:09:00,user_374,Amazing experience today,#Python,862,147,95,Hyderabad,Positive,1104
7605,2026-09-12 11:14:00,user_239,Cricket match scheduled today,#AI,903,11,75,Hyderabad,Neutral,989
7589,2026-09-12 11:16:00,user_92,New information available,#Bengaluru,658,27,63,Hyderabad,Neutral,748
4943,2026-09-12 11:22:00,user_35,Great work by the team,#Technology,479,193,11,Pune,Positive,683
998,2026-09-12 11:23:00,user_472,Python is really useful,#Technology,742,24,51,Pune,Neutral,817
6178,2026-09-12 11:28:00,user_220,I hate this problem,#DataAnalytics,375,197,77,Pune,Negative,649
639,2026-09-12 11:30:00,user_331,Beautiful day in Bengaluru,#Python,875,89,3,Pune,Positive,967
58,2026-09-12 11:38:00,user_198,AI news update,#Fitness,90,165,11,Chennai,Neutral,266
8262,2026-09-12 11:38:00,user_388,Technology update today,#DataAnalytics,116,135,30,Hyderabad,Neutral,281
125,2026-09-12 11:45:00,user_233,Excellent cricket match,#Cricket,40,146,88,Delhi,Positive,274
6193,2026-09-12 11:47:00,user_317,Technology update today,#Trending,71,146,12,Chennai,Neutral,229
9789,2026-09-12 11:47:00,user_477,AI news update,#Python,771,16,53,Chennai,Neutral,840
9239,2026-09-12 11:49:00,user_450,New information available,#Technology,738,184,1,Chennai,Neutral,923
8464,2026-09-12 11:51:00,user_20,I hate this problem,#AI,873,182,20,Pune,Negative,1075
894,2026-09-12 11:52:00,user_264,AI news update,#Fitness,986,85,94,Mumbai,Neutral,1165
1253,2026-09-12 12:00:00,user_103,Excellent cricket match,#Bengaluru,284,88,55,Hyderabad,Positive,427
8300,2026-09-12 12:03:00,user_267,Python is really useful,#DataAnalytics,119,40,4,Chennai,Neutral,163
1680,2026-09-12 12:09:00,user_326,Weather update from Bengaluru,#Python,655,112,41,Chennai,Neutral,808
6077,2026-09-12 12:09:00,user_128,Cricket match scheduled today,#Trending,365,169,60,Chennai,Neutral,594
5218,2026-09-12 12:12:00,user_40,I love this new AI tool,#Python,494,51,54,Delhi,Positive,599
9555,2026-09-12 12:13:00,user_179,Very disappointing result,#Bengaluru,79,114,27,Pune,Neutral,220
3319,2026-09-12 12:13:00,user_392,Amazing fitness progress,#Technology,937,109,80,Bengaluru,Positive,1126
2277,2026-09-12 12:24:00,user_244,Great work by the team,#AI,839,120,30,Delhi,Positive,989
3108,2026-09-12 12:26:00,user_175,Amazing fitness progress,#AI,804,110,38,Mumbai,Positive,952
9258,2026-09-12 12:29:00,user_356,Fitness workout completed,#Python,895,11,52,Chennai,Neutral,958
6444,2026-09-12 13:00:00,user_82,Great work by the team,#DataAnalytics,309,71,98,Chennai,Positive,478
6553,2026-09-12 13:07:00,user_490,Great technology update,#DataAnalytics,641,93,62,Chennai,Positive,796
8674,2026-09-12 13:08:00,user_85,Very disappointing result,#Trending,930,140,71,Pune,Neutral,1141
5052,2026-09-12 13:10:00,user_442,Great work by the team,#DataAnalytics,107,154,10,Bengaluru,Positive,271
4944,2026-09-12 13:13:00,user_267,Worst experience ever,#Technology,665,77,69,Chennai,Negative,811
1711,2026-09-12 13:13:00,user_398,Amazing experience today,#Python,553,146,59,Bengaluru,Positive,758
3893,2026-09-12 13:23:00,user_88,I love this new AI tool,#Bengaluru,128,74,70,Delhi,Positive,272
824,2026-09-12 13:26:00,user_471,I hate this problem,#Fitness,685,107,36,Chennai,Negative,828
3336,2026-09-12 13:35:00,user_393,Beautiful day in Bengaluru,#Fitness,166,47,40,Chennai,Positive,253
104,2026-09-12 13:46:00,user_153,Fitness workout completed,#DataAnalytics,689,108,17,Delhi,Neutral,814
3877,2026-09-12 13:48:00,user_247,New information available,#Cricket,604,5,75,Bengaluru,Neutral,684
8745,2026-09-12 13:52:00,user_178,Beautiful day in Bengaluru,#Fitness,368,58,59,Delhi,Positive,485
3202,2026-09-12 13:57:00,user_89,Python is really useful,#Python,401,32,94,Bengaluru,Neutral,527
3891,2026-09-12 14:09:00,user_88,Amazing fitness progress,#AI,303,195,36,Hyderabad,Positive,534
2049,2026-09-12 14:15:00,user_272,Python is really useful,#Python,43,36,59,Delhi,Neutral,138
6548,2026-09-12 14:19:00,user_31,I love this new AI tool,#Python,158,135,85,Delhi,Positive,378
9451,2026-09-12 14:24:00,user_153,Great work by the team,#AI,350,156,50,Pune,Positive,556
234,2026-09-12 14:27:00,user_488,Cricket match scheduled today,#Trending,668,65,17,Chennai,Neutral,750
4547,2026-09-12 14:38:00,user_149,I am angry about this,#DataAnalytics,467,131,61,Chennai,Negative,659
6173,2026-09-12 14:39:00,user_435,Poor performance today,#Python,260,116,72,Pune,Negative,448
6341,2026-09-12 14:40:00,user_184,Excellent cricket match,#Fitness,507,78,6,Chennai,Positive,591
694,2026-09-12 14:40:00,user_24,Poor performance today,#Python,748,10,3,Pune,Negative,761
5611,2026-09-12 14:43:00,user_170,I love this new AI tool,#AI,515,153,13,Chennai,Positive,681
3586,2026-09-12 14:45:00,user_90,Cricket match scheduled today,#DataAnalytics,311,125,72,Bengaluru,Neutral,508
5090,2026-09-12 14:48:00,user_470,Great technology update,#Fitness,925,136,60,Delhi,Positive,1121
1404,2026-09-12 14:50:00,user_13,Great technology update,#Python,148,109,7,Delhi,Positive,264
818,2026-09-12 14:59:00,user_135,Great work by the team,#AI,447,28,31,Pune,Positive,506
3623,2026-09-12 15:03:00,user_491,I hate this problem,#Bengaluru,120,48,11,Hyderabad,Negative,179
1109,2026-09-12 15:06:00,user_455,Cricket match scheduled today,#Cricket,38,61,12,Mumbai,Neutral,111
8170,2026-09-12 15:08:00,user_161,Amazing fitness progress,#Python,287,33,1,Bengaluru,Positive,321
1839,2026-09-12 15:11:00,user_265,Great technology update,#Python,821,176,70,Mumbai,Positive,1067
5664,2026-09-12 15:15:00,user_94,Amazing experience today,#Bengaluru,573,63,29,Hyderabad,Positive,665
2285,2026-09-12 15:16:00,user_375,AI news update,#Trending,625,31,92,Pune,Neutral,748
8926,2026-09-12 15:24:00,user_151,Weather update from Bengaluru,#DataAnalytics,399,104,88,Pune,Neutral,591
5819,2026-09-12 15:29:00,user_289,New information available,#Cricket,799,121,22,Bengaluru,Neutral,942
3009,2026-09-12 15:37:00,user_69,Great technology update,#Trending,557,123,23,Delhi,Positive,703
4976,2026-09-12 15:48:00,user_439,Beautiful day in Bengaluru,#Trending,191,75,87,Delhi,Positive,353
5559,2026-09-12 15:51:00,user_269,Amazing experience today,#DataAnalytics,91,38,85,Mumbai,Positive,214
8936,2026-09-12 15:53:00,user_309,Fitness workout completed,#DataAnalytics,918,149,3,Pune,Neutral,1070
6293,2026-09-12 16:01:00,user_173,I love this new AI tool,#DataAnalytics,655,138,26,Hyderabad,Positive,819
6286,2026-09-12 16:04:00,user_347,Data analytics session today,#Technology,456,163,75,Pune,Neutral,694
499,2026-09-12 16:07:00,user_263,This failed again,#Trending,888,176,92,Pune,Negative,1156
1981,2026-09-12 16:11:00,user_87,Python project discussion,#Fitness,495,109,57,Pune,Neutral,661
6160,2026-09-12 16:15:00,user_204,Fitness workout completed,#Trending,276,38,27,Bengaluru,Neutral,341
5935,2026-09-12 16:19:00,user_63,AI news update,#Technology,278,169,12,Bengaluru,Neutral,459
6133,2026-09-12 16:22:00,user_248,Poor performance today,#Technology,101,35,27,Pune,Negative,163
5499,2026-09-12 16:22:00,user_82,Amazing experience today,#Cricket,37,186,44,Bengaluru,Positive,267
6693,2026-09-12 16:25:00,user_446,Great work by the team,#Bengaluru,928,73,37,Pune,Positive,1038
7434,2026-09-12 16:27:00,user_447,I love this new AI tool,#Cricket,847,29,97,Chennai,Positive,973
5140,2026-09-12 16:34:00,user_137,Cricket match scheduled today,#Technology,20,45,13,Bengaluru,Neutral,78
4313,2026-09-12 16:35:00,user_231,Amazing experience today,#Python,686,142,79,Mumbai,Positive,907
6843,2026-09-12 16:36:00,user_267,Amazing fitness progress,#Bengaluru,203,199,76,Mumbai,Positive,478
9054,2026-09-12 16:40:00,user_206,Cricket match scheduled today,#Cricket,170,107,30,Pune,Neutral,307
3231,2026-09-12 16:43:00,user_270,Poor performance today,#Trending,746,195,52,Bengaluru,Negative,993
8747,2026-09-12 16:44:00,user_102,Excellent cricket match,#DataAnalytics,351,50,79,Hyderabad,Positive,480
2487,2026-09-12 16:44:00,user_260,Great technology update,#Python,28,122,51,Mumbai,Positive,201
9257,2026-09-12 16:49:00,user_59,Poor performance today,#Bengaluru,501,136,21,Pune,Negative,658
2441,2026-09-12 16:51:00,user_275,Fitness workout completed,#Fitness,735,181,35,Mumbai,Neutral,951
6897,2026-09-12 17:02:00,user_9,Python is really useful,#Python,775,100,84,Pune,Neutral,959
7026,2026-09-12 17:09:00,user_36,Excellent cricket match,#Python,642,156,56,Hyderabad,Positive,854
2725,2026-09-12 17:12:00,user_396,Great technology update,#Technology,233,71,86,Mumbai,Positive,390
3087,2026-09-12 17:25:00,user_355,I love this new AI tool,#DataAnalytics,548,48,6,Delhi,Positive,602
3347,2026-09-12 17:33:00,user_230,Amazing experience today,#Cricket,539,200,19,Hyderabad,Positive,758
6262,2026-09-12 17:38:00,user_428,I am angry about this,#DataAnalytics,639,34,26,Bengaluru,Negative,699
4224,2026-09-12 17:48:00,user_488,Cricket match scheduled today,#Python,288,68,21,Chennai,Neutral,377
9742,2026-09-12 17:51:00,user_35,Excellent cricket match,#Technology,988,72,2,Delhi,Positive,1062
2320,2026-09-12 17:57:00,user_138,Beautiful day in Bengaluru,#Bengaluru,50,155,81,Delhi,Positive,286
3109,2026-09-12 17:58:00,user_448,Technology update today,#Bengaluru,636,40,29,Chennai,Neutral,705
3225,2026-09-12 18:00:00,user_375,Python is really useful,#DataAnalytics,231,28,43,Bengaluru,Neutral,302
276,2026-09-12 18:04:00,user_112,Amazing fitness progress,#Technology,632,171,95,Mumbai,Positive,898
8258,2026-09-12 18:07:00,user_268,I love this new AI tool,#Fitness,104,2,29,Hyderabad,Positive,135
6999,2026-09-12 18:09:00,user_91,Beautiful day in Bengaluru,#DataAnalytics,262,142,13,Hyderabad,Positive,417
2246,2026-09-12 18:11:00,user_489,Great work by the team,#Python,451,129,92,Delhi,Positive,672
3700,2026-09-12 18:19:00,user_268,Excellent cricket match,#AI,729,96,50,Mumbai,Positive,875
2543,2026-09-12 18:20:00,user_408,Amazing fitness progress,#Trending,323,74,69,Pune,Positive,466
3512,2026-09-12 18:22:00,user_455,Worst experience ever,#Cricket,262,86,90,Bengaluru,Negative,438
6824,2026-09-12 18:26:00,user_341,Great work by the team,#AI,837,147,34,Delhi,Positive,1018
7915,2026-09-12 18:27:00,user_438,Technology update today,#DataAnalytics,906,157,97,Chennai,Neutral,1160
7263,2026-09-12 18:30:00,user_216,Cricket match scheduled today,#Bengaluru,23,15,11,Mumbai,Neutral,49
4786,2026-09-12 18:30:00,user_253,Beautiful day in Bengaluru,#Technology,442,136,30,Bengaluru,Positive,608
5698,2026-09-12 18:33:00,user_329,I hate this problem,#DataAnalytics,219,142,64,Pune,Negative,425
1375,2026-09-12 18:41:00,user_229,Amazing fitness progress,#AI,672,2,12,Chennai,Positive,686
4439,2026-09-12 18:49:00,user_332,Beautiful day in Bengaluru,#Technology,179,105,92,Hyderabad,Positive,376
7700,2026-09-12 18:56:00,user_361,Bad experience today,#Cricket,374,195,25,Hyderabad,Negative,594
4241,2026-09-12 19:05:00,user_445,Cricket match scheduled today,#Python,765,46,18,Pune,Neutral,829
2174,2026-09-12 19:14:00,user_488,New information available,#DataAnalytics,163,80,65,Chennai,Neutral,308
7984,2026-09-12 19:16:00,user_5,Amazing fitness progress,#Technology,461,21,86,Mumbai,Positive,568
8447,2026-09-12 19:20:00,user_495,Amazing fitness progress,#Cricket,608,72,21,Pune,Positive,701
5712,2026-09-12 19:21:00,user_58,Excellent cricket match,#AI,607,11,63,Delhi,Positive,681
3751,2026-09-12 19:34:00,user_335,Bad experience today,#AI,541,90,77,Bengaluru,Negative,708
2419,2026-09-12 19:38:00,user_301,Great technology update,#Fitness,211,193,35,Delhi,Positive,439
3599,2026-09-12 19:42:00,user_358,Excellent cricket match,#Bengaluru,706,99,61,Chennai,Positive,866
6265,2026-09-12 19:57:00,user_130,Great work by the team,#Cricket,410,197,58,Hyderabad,Positive,665
3031,2026-09-12 20:02:00,user_390,Python project discussion,#Python,773,96,14,Pune,Neutral,883
7708,2026-09-12 20:04:00,user_140,Amazing fitness progress,#AI,730,7,71,Pune,Positive,808
7838,2026-09-12 20:06:00,user_326,Cricket match scheduled today,#Trending,643,193,23,Mumbai,Neutral,859
8278,2026-09-12 20:10:00,user_86,Amazing fitness progress,#Python,91,178,79,Hyderabad,Positive,348
3006,2026-09-12 20:24:00,user_255,Cricket match scheduled today,#AI,192,103,13,Pune,Neutral,308
3076,2026-09-12 20:29:00,user_234,Data analytics session today,#Cricket,16,23,39,Chennai,Neutral,78
4478,2026-09-12 20:32:00,user_452,I love this new AI tool,#Technology,294,94,82,Bengaluru,Positive,470
7214,2026-09-12 20:33:00,user_428,Beautiful day in Bengaluru,#DataAnalytics,718,185,17,Hyderabad,Positive,920
9733,2026-09-12 20:36:00,user_14,I hate this problem,#Trending,346,35,20,Hyderabad,Negative,401
2668,2026-09-12 20:36:00,user_494,Fitness workout completed,#Trending,678,162,48,Mumbai,Neutral,888
3813,2026-09-12 20:37:00,user_331,Great technology update,#Bengaluru,280,66,58,Pune,Positive,404
7303,2026-09-12 20:44:00,user_90,Excellent cricket match,#DataAnalytics,736,126,99,Bengaluru,Positive,961
6303,2026-09-12 20:55:00,user_186,Amazing experience today,#Cricket,666,68,32,Mumbai,Positive,766
735,2026-09-12 20:56:00,user_9,Very disappointing result,#Python,216,102,7,Delhi,Neutral,325
5763,2026-09-12 21:02:00,user_429,Great technology update,#Trending,230,174,85,Delhi,Positive,489
8677,2026-09-12 21:02:00,user_380,Great technology update,#AI,837,72,49,Bengaluru,Positive,958
8067,2026-09-12 21:02:00,user_378,Great technology update,#Fitness,776,91,67,Chennai,Positive,934
1827,2026-09-12 21:07:00,user_233,I love this new AI tool,#Technology,455,40,64,Pune,Positive,559
3328,2026-09-12 21:41:00,user_441,Data analytics session today,#Technology,832,139,30,Delhi,Neutral,1001
9594,2026-09-12 21:42:00,user_198,Fitness workout completed,#Trending,316,11,53,Mumbai,Neutral,380
1667,2026-09-12 21:52:00,user_329,Amazing fitness progress,#AI,558,153,56,Bengaluru,Positive,767
6307,2026-09-12 22:07:00,user_438,Python project discussion,#DataAnalytics,97,57,100,Bengaluru,Neutral,254
7070,2026-09-12 22:08:00,user_366,Technology update today,#Bengaluru,559,12,14,Bengaluru,Neutral,585
6093,2026-09-12 22:09:00,user_113,Cricket match scheduled today,#Python,74,128,95,Mumbai,Neutral,297
1687,2026-09-12 22:10:00,user_311,I love this new AI tool,#Fitness,688,146,25,Pune,Positive,859
4385,2026-09-12 22:11:00,user_405,Weather update from Bengaluru,#Technology,925,120,45,Delhi,Neutral,1090
2085,2026-09-12 22:15:00,user_175,Weather update from Bengaluru,#Trending,553,104,53,Mumbai,Neutral,710
4916,2026-09-12 22:18:00,user_46,Amazing experience today,#Python,184,54,99,Chennai,Positive,337
4951,2026-09-12 22:20:00,user_235,Cricket match scheduled today,#Trending,62,89,14,Bengaluru,Neutral,165
7052,2026-09-12 22:26:00,user_486,Cricket match scheduled today,#AI,373,179,94,Hyderabad,Neutral,646
7542,2026-09-12 22:37:00,user_235,Technology update today,#Python,653,165,59,Mumbai,Neutral,877
9912,2026-09-12 22:37:00,user_149,Data analytics session today,#Technology,572,195,76,Mumbai,Neutral,843
4525,2026-09-12 22:39:00,user_24,Great technology update,#Bengaluru,496,61,77,Mumbai,Positive,634
647,2026-09-12 22:41:00,user_147,Data analytics session today,#Trending,213,7,96,Bengaluru,Neutral,316
2648,2026-09-12 22:43:00,user_293,AI news update,#DataAnalytics,93,6,7,Delhi,Neutral,106
2856,2026-09-12 22:48:00,user_123,Python is really useful,#AI,378,108,66,Pune,Neutral,552
2878,2026-09-12 22:49:00,user_234,Weather update from Bengaluru,#AI,966,116,85,Delhi,Neutral,1167
189,2026-09-12 22:51:00,user_313,Worst experience ever,#Python,111,10,35,Delhi,Negative,156
9557,2026-09-12 22:54:00,user_439,AI news update,#AI,462,139,81,Bengaluru,Neutral,682
3118,2026-09-12 22:56:00,user_78,AI news update,#Python,73,49,57,Pune,Neutral,179
9428,2026-09-12 23:01:00,user_310,Great technology update,#Python,167,77,55,Chennai,Positive,299
5321,2026-09-12 23:10:00,user_26,Python is really useful,#Cricket,388,113,65,Delhi,Neutral,566
8405,2026-09-12 23:12:00,user_482,Data analytics session today,#Python,93,59,6,Bengaluru,Neutral,158
949,2026-09-12 23:15:00,user_81,I love this new AI tool,#Cricket,485,141,38,Bengaluru,Positive,664
1671,2026-09-12 23:22:00,user_175,Amazing experience today,#Cricket,993,30,75,Mumbai,Positive,1098
7380,2026-09-12 23:33:00,user_73,Python is really useful,#Bengaluru,190,41,27,Pune,Neutral,258
5312,2026-09-12 23:33:00,user_88,I love this new AI tool,#AI,150,124,74,Bengaluru,Positive,348
6687,2026-09-12 23:36:00,user_107,Bad experience today,#Fitness,693,19,94,Pune,Negative,806
813,2026-09-12 23:37:00,user_220,I love this new AI tool,#Fitness,574,65,35,Hyderabad,Positive,674
5681,2026-09-12 23:39:00,user_103,Cricket match scheduled today,#DataAnalytics,360,89,40,Mumbai,Neutral,489
2486,2026-09-12 23:42:00,user_45,Amazing fitness progress,#Fitness,76,141,79,Hyderabad,Positive,296
9093,2026-09-12 23:42:00,user_197,Data analytics session today,#Fitness,766,179,24,Chennai,Neutral,969
4775,2026-09-12 23:44:00,user_245,Beautiful day in Bengaluru,#Bengaluru,861,141,51,Pune,Positive,1053
9170,2026-09-12 23:44:00,user_85,New information available,#Python,955,119,97,Hyderabad,Neutral,1171
3781,2026-09-12 23:50:00,user_255,Amazing fitness progress,#Bengaluru,67,53,62,Chennai,Positive,182
5215,2026-09-12 23:53:00,user_57,Technology update today,#AI,977,197,1,Hyderabad,Neutral,1175
4022,2026-09-12 23:56:00,user_257,Amazing fitness progress,#Technology,605,176,82,Pune,Positive,863
2551,2026-09-13 00:00:00,user_201,Excellent cricket match,#DataAnalytics,349,181,2,Delhi,Positive,532
9617,2026-09-13 00:07:00,user_23,Cricket match scheduled today,#AI,998,13,11,Bengaluru,Neutral,1022
7171,2026-09-13 00:10:00,user_460,Python is really useful,#Fitness,487,113,13,Chennai,Neutral,613
5302,2026-09-13 00:17:00,user_445,Great work by the team,#Bengaluru,348,155,52,Pune,Positive,555
6095,2026-09-13 00:23:00,user_439,Beautiful day in Bengaluru,#Fitness,830,144,75,Delhi,Positive,1049
4129,2026-09-13 00:24:00,user_494,Python is really useful,#Fitness,433,65,38,Hyderabad,Neutral,536
9144,2026-09-13 00:24:00,user_220,Cricket match scheduled today,#Python,851,166,90,Delhi,Neutral,1107
5289,2026-09-13 00:26:00,user_79,Great technology update,#Fitness,520,180,47,Bengaluru,Positive,747
2368,2026-09-13 00:32:00,user_269,Beautiful day in Bengaluru,#Technology,519,39,18,Bengaluru,Positive,576
390,2026-09-13 00:33:00,user_108,Excellent cricket match,#AI,27,163,75,Chennai,Positive,265
1231,2026-09-13 00:37:00,user_295,AI news update,#Cricket,357,44,4,Mumbai,Neutral,405
2166,2026-09-13 00:39:00,user_481,Terrible service,#Technology,672,61,1,Chennai,Negative,734
4415,2026-09-13 00:41:00,user_139,Amazing experience today,#Trending,842,91,1,Chennai,Positive,934
6002,2026-09-13 00:41:00,user_84,I am angry about this,#DataAnalytics,751,5,24,Hyderabad,Negative,780
454,2026-09-13 00:44:00,user_184,New information available,#AI,315,156,63,Pune,Neutral,534
3584,2026-09-13 00:45:00,user_237,Data analytics session today,#Bengaluru,255,42,27,Bengaluru,Neutral,324
2256,2026-09-13 00:50:00,user_288,Fitness workout completed,#Trending,438,165,33,Pune,Neutral,636
1991,2026-09-13 00:51:00,user_438,Poor performance today,#Fitness,787,30,67,Mumbai,Negative,884
299,2026-09-13 00:56:00,user_127,Weather update from Bengaluru,#DataAnalytics,446,166,97,Delhi,Neutral,709
1887,2026-09-13 01:05:00,user_119,I am angry about this,#Cricket,289,161,62,Mumbai,Negative,512
4870,2026-09-13 01:16:00,user_173,Bad experience today,#Python,794,106,83,Chennai,Negative,983
1498,2026-09-13 01:17:00,user_285,Weather update from Bengaluru,#Technology,844,38,95,Chennai,Neutral,977
8323,2026-09-13 01:19:00,user_254,I am angry about this,#Python,617,32,22,Chennai,Negative,671
5275,2026-09-13 01:23:00,user_206,Weather update from Bengaluru,#Python,278,186,41,Bengaluru,Neutral,505
1703,2026-09-13 01:26:00,user_284,Beautiful day in Bengaluru,#DataAnalytics,142,31,47,Mumbai,Positive,220
7262,2026-09-13 01:34:00,user_333,Python is really useful,#Cricket,59,29,36,Delhi,Neutral,124
3120,2026-09-13 01:51:00,user_56,I hate this problem,#Cricket,999,158,66,Delhi,Negative,1223
5922,2026-09-13 01:57:00,user_189,Amazing fitness progress,#Technology,335,96,26,Hyderabad,Positive,457
7285,2026-09-13 02:05:00,user_428,Great technology update,#Bengaluru,971,3,54,Pune,Positive,1028
4199,2026-09-13 02:08:00,user_3,I love this new AI tool,#AI,417,169,40,Bengaluru,Positive,626
4195,2026-09-13 02:10:00,user_418,New information available,#Fitness,461,158,11,Mumbai,Neutral,630
3905,2026-09-13 02:19:00,user_393,Amazing fitness progress,#Fitness,801,86,87,Delhi,Positive,974
1024,2026-09-13 02:23:00,user_96,Bad experience today,#DataAnalytics,211,83,91,Hyderabad,Negative,385
4726,2026-09-13 02:25:00,user_449,Amazing experience today,#Fitness,509,92,23,Mumbai,Positive,624
4599,2026-09-13 02:33:00,user_384,Great technology update,#Python,971,149,42,Hyderabad,Positive,1162
2631,2026-09-13 02:34:00,user_212,Great technology update,#Technology,706,110,76,Delhi,Positive,892
8466,2026-09-13 02:46:00,user_223,I hate this problem,#Cricket,67,154,40,Delhi,Negative,261
9735,2026-09-13 02:56:00,user_268,I hate this problem,#AI,752,172,16,Hyderabad,Negative,940
7173,2026-09-13 03:04:00,user_149,Beautiful day in Bengaluru,#Cricket,85,49,54,Delhi,Positive,188
8804,2026-09-13 03:08:00,user_469,Great work by the team,#Cricket,397,200,6,Pune,Positive,603
6403,2026-09-13 03:12:00,user_191,Amazing experience today,#Cricket,904,69,4,Bengaluru,Positive,977
5667,2026-09-13 03:13:00,user_58,Excellent cricket match,#AI,104,175,98,Pune,Positive,377
8330,2026-09-13 03:13:00,user_64,Technology update today,#Trending,332,196,28,Hyderabad,Neutral,556
501,2026-09-13 03:18:00,user_283,Amazing fitness progress,#Cricket,11,193,84,Mumbai,Positive,288
6195,2026-09-13 03:18:00,user_344,AI news update,#Technology,461,124,62,Hyderabad,Neutral,647
4616,2026-09-13 03:20:00,user_372,Great work by the team,#Cricket,208,85,51,Bengaluru,Positive,344
615,2026-09-13 03:21:00,user_253,Amazing fitness progress,#AI,330,168,12,Pune,Positive,510
9585,2026-09-13 03:24:00,user_70,Excellent cricket match,#Technology,875,6,6,Hyderabad,Positive,887
653,2026-09-13 03:24:00,user_466,Python project discussion,#Bengaluru,424,152,27,Hyderabad,Neutral,603
6151,2026-09-13 03:31:00,user_457,I love this new AI tool,#Python,284,160,77,Pune,Positive,521
235,2026-09-13 03:31:00,user_30,Fitness workout completed,#Bengaluru,997,111,29,Chennai,Neutral,1137
1527,2026-09-13 03:33:00,user_234,Amazing experience today,#Trending,823,35,93,Delhi,Positive,951
964,2026-09-13 03:34:00,user_172,Amazing experience today,#Fitness,160,53,65,Chennai,Positive,278
2562,2026-09-13 03:35:00,user_233,Excellent cricket match,#Bengaluru,696,198,26,Bengaluru,Positive,920
583,2026-09-13 03:38:00,user_215,I hate this problem,#Bengaluru,710,70,60,Hyderabad,Negative,840
8061,2026-09-13 03:44:00,user_178,Python is really useful,#Bengaluru,948,28,14,Pune,Neutral,990
2652,2026-09-13 03:46:00,user_371,Technology update today,#DataAnalytics,579,143,85,Mumbai,Neutral,807
8883,2026-09-13 03:49:00,user_98,Amazing fitness progress,#Trending,166,187,82,Chennai,Positive,435
5952,2026-09-13 03:50:00,user_217,Fitness workout completed,#Technology,940,50,97,Delhi,Neutral,1087
4493,2026-09-13 03:54:00,user_320,I hate this problem,#DataAnalytics,866,35,96,Bengaluru,Negative,997
8805,2026-09-13 03:54:00,user_30,Cricket match scheduled today,#AI,909,184,16,Chennai,Neutral,1109
8336,2026-09-13 03:56:00,user_381,Great work by the team,#Fitness,517,80,33,Pune,Positive,630
3452,2026-09-13 04:04:00,user_82,Fitness workout completed,#Python,889,13,10,Delhi,Neutral,912
5989,2026-09-13 04:14:00,user_459,Great work by the team,#Bengaluru,59,23,38,Hyderabad,Positive,120
652,2026-09-13 04:16:00,user_75,Amazing fitness progress,#AI,917,163,41,Bengaluru,Positive,1121
6985,2026-09-13 04:17:00,user_451,Great technology update,#Python,603,191,66,Hyderabad,Positive,860
7722,2026-09-13 04:18:00,user_275,Beautiful day in Bengaluru,#Technology,11,194,47,Delhi,Positive,252
7903,2026-09-13 04:22:00,user_455,Great technology update,#Trending,676,90,94,Chennai,Positive,860
5802,2026-09-13 04:26:00,user_16,Cricket match scheduled today,#AI,171,178,68,Chennai,Neutral,417
8487,2026-09-13 04:28:00,user_412,Data analytics session today,#Python,969,179,29,Pune,Neutral,1177
4961,2026-09-13 04:32:00,user_429,Python is really useful,#DataAnalytics,229,168,50,Pune,Neutral,447
2396,2026-09-13 04:45:00,user_148,Fitness workout completed,#Bengaluru,274,78,15,Chennai,Neutral,367
3001,2026-09-13 04:52:00,user_83,Cricket match scheduled today,#Bengaluru,991,53,81,Pune,Neutral,1125
8872,2026-09-13 04:57:00,user_282,Great technology update,#Technology,11,176,42,Mumbai,Positive,229
6138,2026-09-13 04:59:00,user_183,Excellent cricket match,#Cricket,651,173,7,Hyderabad,Positive,831
1137,2026-09-13 05:03:00,user_296,Python is really useful,#AI,214,50,9,Pune,Neutral,273
6627,2026-09-13 05:04:00,user_395,Great work by the team,#Technology,984,98,50,Bengaluru,Positive,1132
296,2026-09-13 05:05:00,user_131,Very disappointing result,#Python,804,85,72,Chennai,Neutral,961
1522,2026-09-13 05:06:00,user_307,Terrible service,#Python,103,141,88,Hyderabad,Negative,332
4290,2026-09-13 05:08:00,user_344,New information available,#DataAnalytics,968,11,62,Pune,Neutral,1041
4587,2026-09-13 05:12:00,user_82,Great work by the team,#Cricket,296,166,81,Hyderabad,Positive,543
2188,2026-09-13 05:12:00,user_445,Python project discussion,#Technology,691,16,84,Mumbai,Neutral,791
8613,2026-09-13 05:38:00,user_410,This failed again,#AI,701,58,79,Chennai,Negative,838
6981,2026-09-13 05:42:00,user_57,I love this new AI tool,#Fitness,692,40,56,Bengaluru,Positive,788
7960,2026-09-13 05:45:00,user_384,I love this new AI tool,#DataAnalytics,198,46,22,Bengaluru,Positive,266
2758,2026-09-13 05:45:00,user_138,Python is really useful,#Python,413,197,71,Chennai,Neutral,681
9360,2026-09-13 05:47:00,user_110,Excellent cricket match,#Technology,254,150,77,Chennai,Positive,481
6036,2026-09-13 05:49:00,user_100,Python is really useful,#Bengaluru,908,79,15,Delhi,Neutral,1002
8052,2026-09-13 05:54:00,user_73,Python is really useful,#Bengaluru,884,185,7,Pune,Neutral,1076
9509,2026-09-13 05:56:00,user_298,Technology update today,#Technology,254,154,76,Pune,Neutral,484
5492,2026-09-13 06:01:00,user_213,Fitness workout completed,#Technology,438,159,14,Pune,Neutral,611
4196,2026-09-13 06:03:00,user_20,I love this new AI tool,#Technology,621,72,95,Hyderabad,Positive,788
9330,2026-09-13 06:04:00,user_4,Cricket match scheduled today,#Fitness,500,25,19,Hyderabad,Neutral,544
5107,2026-09-13 06:16:00,user_277,Very disappointing result,#Python,795,18,49,Mumbai,Neutral,862
9171,2026-09-13 06:16:00,user_485,Great technology update,#Technology,278,45,92,Hyderabad,Positive,415
7911,2026-09-13 06:21:00,user_256,Beautiful day in Bengaluru,#Python,322,7,72,Delhi,Positive,401
9138,2026-09-13 06:34:00,user_259,Python is really useful,#AI,213,75,37,Mumbai,Neutral,325
2933,2026-09-13 06:43:00,user_298,Beautiful day in Bengaluru,#Fitness,498,41,37,Chennai,Positive,576
8382,2026-09-13 06:45:00,user_348,Amazing experience today,#AI,151,176,37,Pune,Positive,364
9488,2026-09-13 06:45:00,user_376,Worst experience ever,#Technology,854,65,92,Chennai,Negative,1011
3892,2026-09-13 06:48:00,user_222,Fitness workout completed,#DataAnalytics,722,8,88,Mumbai,Neutral,818
1525,2026-09-13 06:50:00,user_44,Beautiful day in Bengaluru,#Bengaluru,405,28,1,Delhi,Positive,434
8556,2026-09-13 07:03:00,user_258,Excellent cricket match,#Bengaluru,781,114,3,Hyderabad,Positive,898
3630,2026-09-13 07:07:00,user_123,AI news update,#Python,898,69,13,Hyderabad,Neutral,980
1175,2026-09-13 07:08:00,user_119,Amazing fitness progress,#Cricket,164,129,50,Hyderabad,Positive,343
5135,2026-09-13 07:13:00,user_15,Python is really useful,#Cricket,592,189,75,Pune,Neutral,856
3975,2026-09-13 07:20:00,user_215,This failed again,#Bengaluru,139,64,18,Hyderabad,Negative,221
7049,2026-09-13 07:38:00,user_395,Cricket match scheduled today,#Technology,676,185,5,Bengaluru,Neutral,866
4705,2026-09-13 07:40:00,user_58,This failed again,#Python,518,75,40,Pune,Negative,633
9219,2026-09-13 07:40:00,user_2,Amazing experience today,#Python,927,22,7,Bengaluru,Positive,956
2531,2026-09-13 07:49:00,user_70,Cricket match scheduled today,#Technology,94,57,75,Chennai,Neutral,226
7139,2026-09-13 07:50:00,user_312,Great technology update,#Trending,359,56,92,Bengaluru,Positive,507
4522,2026-09-13 07:55:00,user_52,Great work by the team,#Fitness,715,152,28,Chennai,Positive,895
6682,2026-09-13 08:08:00,user_494,Beautiful day in Bengaluru,#DataAnalytics,318,193,49,Delhi,Positive,560
618,2026-09-13 08:12:00,user_85,Great technology update,#DataAnalytics,436,121,62,Hyderabad,Positive,619
7617,2026-09-13 08:15:00,user_124,Beautiful day in Bengaluru,#Python,745,125,37,Chennai,Positive,907
552,2026-09-13 08:20:00,user_318,Cricket match scheduled today,#Trending,647,85,55,Hyderabad,Neutral,787
7881,2026-09-13 08:20:00,user_31,Cricket match scheduled today,#DataAnalytics,444,181,53,Mumbai,Neutral,678
4682,2026-09-13 08:23:00,user_209,I am angry about this,#Python,258,140,31,Delhi,Negative,429
8941,2026-09-13 08:25:00,user_112,Bad experience today,#Technology,485,200,38,Hyderabad,Negative,723
8865,2026-09-13 08:25:00,user_35,Great technology update,#Python,117,40,63,Bengaluru,Positive,220
6073,2026-09-13 08:26:00,user_230,Amazing experience today,#Trending,873,171,23,Bengaluru,Positive,1067
7098,2026-09-13 08:28:00,user_222,Cricket match scheduled today,#AI,152,171,8,Pune,Neutral,331
2242,2026-09-13 08:34:00,user_105,Amazing fitness progress,#Technology,901,137,81,Bengaluru,Positive,1119
6564,2026-09-13 08:35:00,user_67,AI news update,#Bengaluru,116,117,70,Chennai,Neutral,303
5741,2026-09-13 08:38:00,user_185,Data analytics session today,#Cricket,857,88,78,Chennai,Neutral,1023
965,2026-09-13 08:40:00,user_455,Amazing fitness progress,#DataAnalytics,48,162,49,Bengaluru,Positive,259
9163,2026-09-13 08:42:00,user_291,Python project discussion,#Technology,856,181,74,Chennai,Neutral,1111
8244,2026-09-13 08:47:00,user_459,Python is really useful,#Trending,761,129,96,Chennai,Neutral,986
9026,2026-09-13 08:49:00,user_6,I am angry about this,#Technology,697,124,39,Hyderabad,Negative,860
7958,2026-09-13 09:02:00,user_338,I am angry about this,#Bengaluru,702,62,61,Bengaluru,Negative,825
4122,2026-09-13 09:04:00,user_227,Weather update from Bengaluru,#Python,188,60,46,Chennai,Neutral,294
688,2026-09-13 09:08:00,user_273,Cricket match scheduled today,#Python,799,173,50,Chennai,Neutral,1022
3131,2026-09-13 09:09:00,user_73,Fitness workout completed,#AI,884,103,21,Bengaluru,Neutral,1008
1129,2026-09-13 09:09:00,user_303,Poor performance today,#AI,403,1,7,Chennai,Negative,411
8331,2026-09-13 09:12:00,user_476,Great technology update,#Technology,268,23,88,Pune,Positive,379
6916,2026-09-13 09:16:00,user_355,Fitness workout completed,#Fitness,729,25,12,Delhi,Neutral,766
8165,2026-09-13 09:22:00,user_367,Amazing fitness progress,#Bengaluru,187,2,79,Bengaluru,Positive,268
984,2026-09-13 09:22:00,user_422,Amazing experience today,#AI,436,18,24,Hyderabad,Positive,478
2481,2026-09-13 09:25:00,user_249,Great work by the team,#Trending,78,21,68,Chennai,Positive,167
3758,2026-09-13 09:30:00,user_21,Bad experience today,#Cricket,931,130,68,Bengaluru,Negative,1129
8524,2026-09-13 09:39:00,user_212,I love this new AI tool,#DataAnalytics,751,111,19,Chennai,Positive,881
4312,2026-09-13 09:54:00,user_319,Worst experience ever,#Bengaluru,67,154,94,Delhi,Negative,315
6691,2026-09-13 09:57:00,user_97,Python is really useful,#AI,55,2,56,Mumbai,Neutral,113
8583,2026-09-13 09:58:00,user_253,Excellent cricket match,#Trending,870,46,13,Delhi,Positive,929
1471,2026-09-13 10:00:00,user_378,Great work by the team,#Cricket,342,40,21,Delhi,Positive,403
1692,2026-09-13 10:01:00,user_411,Great technology update,#Python,550,21,57,Chennai,Positive,628
186,2026-09-13 10:06:00,user_122,Beautiful day in Bengaluru,#Technology,552,5,47,Mumbai,Positive,604
6089,2026-09-13 10:07:00,user_495,Poor performance today,#Technology,352,24,29,Bengaluru,Negative,405
4732,2026-09-13 10:11:00,user_171,New information available,#Python,971,35,22,Pune,Neutral,1028
5439,2026-09-13 10:11:00,user_196,Amazing experience today,#AI,110,153,72,Bengaluru,Positive,335
5208,2026-09-13 10:22:00,user_173,Great technology update,#Bengaluru,715,74,62,Mumbai,Positive,851
5365,2026-09-13 10:23:00,user_252,I hate this problem,#Technology,701,157,73,Hyderabad,Negative,931
4992,2026-09-13 10:25:00,user_155,Technology update today,#Bengaluru,593,115,8,Bengaluru,Neutral,716
7768,2026-09-13 10:34:00,user_377,Technology update today,#Bengaluru,59,135,31,Chennai,Neutral,225
5131,2026-09-13 10:36:00,user_243,Cricket match scheduled today,#Cricket,548,62,63,Chennai,Neutral,673
6061,2026-09-13 10:37:00,user_139,Very disappointing result,#Bengaluru,27,176,18,Hyderabad,Neutral,221
9312,2026-09-13 10:38:00,user_141,Weather update from Bengaluru,#Trending,799,135,31,Bengaluru,Neutral,965
7046,2026-09-13 10:38:00,user_51,Worst experience ever,#Trending,583,161,4,Delhi,Negative,748
9065,2026-09-13 10:45:00,user_91,Poor performance today,#Cricket,752,184,37,Chennai,Negative,973
6215,2026-09-13 10:49:00,user_75,Great technology update,#Trending,714,54,85,Bengaluru,Positive,853
6267,2026-09-13 10:55:00,user_496,Python is really useful,#Trending,950,178,97,Hyderabad,Neutral,1225
9031,2026-09-13 11:04:00,user_382,Great work by the team,#AI,123,184,36,Bengaluru,Positive,343
1124,2026-09-13 11:06:00,user_25,Amazing fitness progress,#Fitness,816,188,17,Chennai,Positive,1021
7313,2026-09-13 11:06:00,user_187,Excellent cricket match,#DataAnalytics,784,59,69,Mumbai,Positive,912
5699,2026-09-13 11:09:00,user_68,New information available,#DataAnalytics,949,185,53,Pune,Neutral,1187
5019,2026-09-13 11:10:00,user_94,Technology update today,#DataAnalytics,510,81,39,Mumbai,Neutral,630
2457,2026-09-13 11:12:00,user_303,This failed again,#Fitness,834,33,60,Chennai,Negative,927
2550,2026-09-13 11:14:00,user_335,I am angry about this,#Technology,880,26,95,Pune,Negative,1001
1199,2026-09-13 11:15:00,user_72,Great technology update,#DataAnalytics,960,70,63,Mumbai,Positive,1093
754,2026-09-13 11:17:00,user_404,Cricket match scheduled today,#Fitness,470,125,62,Chennai,Neutral,657
3815,2026-09-13 11:21:00,user_124,I love this new AI tool,#Trending,937,152,81,Pune,Positive,1170
7361,2026-09-13 11:22:00,user_82,AI news update,#AI,455,175,88,Hyderabad,Neutral,718
8729,2026-09-13 11:25:00,user_290,Amazing experience today,#Fitness,568,41,90,Chennai,Positive,699
92,2026-09-13 11:30:00,user_264,Cricket match scheduled today,#Trending,64,12,54,Mumbai,Neutral,130
2546,2026-09-13 11:41:00,user_376,Great technology update,#Cricket,874,178,44,Pune,Positive,1096
3191,2026-09-13 11:43:00,user_415,Beautiful day in Bengaluru,#AI,135,196,82,Mumbai,Positive,413
3138,2026-09-13 11:43:00,user_317,Very disappointing result,#Fitness,149,1,19,Hyderabad,Neutral,169
9963,2026-09-13 11:58:00,user_192,This failed again,#Trending,932,135,28,Chennai,Negative,1095
371,2026-09-13 12:01:00,user_412,This failed again,#Bengaluru,782,151,7,Bengaluru,Negative,940
7602,2026-09-13 12:05:00,user_78,Amazing experience today,#Python,708,194,52,Bengaluru,Positive,954
9577,2026-09-13 12:08:00,user_496,Great work by the team,#Cricket,895,20,91,Delhi,Positive,1006
5745,2026-09-13 12:08:00,user_117,Technology update today,#Cricket,986,96,85,Bengaluru,Neutral,1167
4245,2026-09-13 12:14:00,user_337,Amazing fitness progress,#Python,816,165,79,Delhi,Positive,1060
6245,2026-09-13 12:15:00,user_10,I hate this problem,#Trending,123,35,74,Delhi,Negative,232
1335,2026-09-13 12:20:00,user_398,Bad experience today,#Trending,810,48,52,Hyderabad,Negative,910
2692,2026-09-13 12:28:00,user_383,Worst experience ever,#Python,973,196,48,Bengaluru,Negative,1217
2927,2026-09-13 12:36:00,user_13,Poor performance today,#AI,490,106,20,Hyderabad,Negative,616
8463,2026-09-13 12:37:00,user_55,Amazing fitness progress,#Bengaluru,230,85,28,Hyderabad,Positive,343
6754,2026-09-13 12:43:00,user_445,Amazing fitness progress,#Python,236,107,33,Chennai,Positive,376
6585,2026-09-13 12:47:00,user_325,Worst experience ever,#Fitness,781,80,27,Mumbai,Negative,888
2311,2026-09-13 13:01:00,user_473,Beautiful day in Bengaluru,#DataAnalytics,892,170,22,Delhi,Positive,1084
6661,2026-09-13 13:01:00,user_388,Python project discussion,#Technology,201,165,1,Hyderabad,Neutral,367
9583,2026-09-13 13:05:00,user_44,Great work by the team,#Cricket,837,44,29,Bengaluru,Positive,910
2866,2026-09-13 13:36:00,user_308,Excellent cricket match,#Technology,712,72,3,Chennai,Positive,787
135,2026-09-13 13:41:00,user_232,Great technology update,#Technology,303,33,96,Delhi,Positive,432
2102,2026-09-13 13:45:00,user_238,Worst experience ever,#DataAnalytics,580,128,71,Bengaluru,Negative,779
3685,2026-09-13 13:49:00,user_302,AI news update,#Python,413,45,54,Mumbai,Neutral,512
6545,2026-09-13 13:50:00,user_252,Python is really useful,#AI,31,198,93,Chennai,Neutral,322
2096,2026-09-13 13:51:00,user_349,AI news update,#DataAnalytics,934,32,50,Pune,Neutral,1016
5433,2026-09-13 13:55:00,user_120,Great work by the team,#Technology,281,1,54,Hyderabad,Positive,336
265,2026-09-13 13:55:00,user_279,Python is really useful,#Python,530,58,66,Mumbai,Neutral,654
5513,2026-09-13 13:56:00,user_474,I am angry about this,#Technology,723,56,90,Chennai,Negative,869
5264,2026-09-13 14:00:00,user_340,Python is really useful,#Python,110,35,93,Chennai,Neutral,238
7300,2026-09-13 14:05:00,user_304,I love this new AI tool,#Python,399,98,41,Chennai,Positive,538
4834,2026-09-13 14:06:00,user_401,Great technology update,#DataAnalytics,341,58,68,Chennai,Positive,467
6772,2026-09-13 14:20:00,user_316,Worst experience ever,#Trending,621,17,64,Mumbai,Negative,702
4268,2026-09-13 14:27:00,user_406,This failed again,#Fitness,532,51,69,Hyderabad,Negative,652
4745,2026-09-13 14:28:00,user_171,This failed again,#Technology,127,197,78,Mumbai,Negative,402
1194,2026-09-13 14:28:00,user_370,Python project discussion,#Cricket,277,150,76,Bengaluru,Neutral,503
7883,2026-09-13 14:30:00,user_67,Great work by the team,#Trending,709,55,89,Bengaluru,Positive,853
2509,2026-09-13 14:34:00,user_452,Data analytics session today,#AI,271,107,93,Delhi,Neutral,471
333,2026-09-13 14:40:00,user_498,Great technology update,#Technology,446,65,43,Hyderabad,Positive,554
669,2026-09-13 14:46:00,user_280,Amazing experience today,#DataAnalytics,663,193,45,Chennai,Positive,901
2503,2026-09-13 14:49:00,user_93,Fitness workout completed,#Trending,948,46,30,Hyderabad,Neutral,1024
1241,2026-09-13 14:52:00,user_377,Great work by the team,#Cricket,860,90,55,Mumbai,Positive,1005
2126,2026-09-13 14:57:00,user_82,Beautiful day in Bengaluru,#Cricket,832,158,59,Pune,Positive,1049
4509,2026-09-13 14:59:00,user_192,I love this new AI tool,#Bengaluru,712,177,50,Bengaluru,Positive,939
2890,2026-09-13 15:01:00,user_268,I love this new AI tool,#Bengaluru,475,171,5,Bengaluru,Positive,651
3764,2026-09-13 15:03:00,user_178,Python is really useful,#DataAnalytics,913,101,4,Hyderabad,Neutral,1018
8126,2026-09-13 15:10:00,user_164,Amazing experience today,#DataAnalytics,239,106,42,Delhi,Positive,387
5715,2026-09-13 15:10:00,user_453,Great work by the team,#Technology,726,15,53,Delhi,Positive,794
9791,2026-09-13 15:11:00,user_147,I love this new AI tool,#Cricket,377,184,58,Hyderabad,Positive,619
3342,2026-09-13 15:19:00,user_87,Weather update from Bengaluru,#Trending,306,15,15,Mumbai,Neutral,336
5750,2026-09-13 15:27:00,user_260,Python project discussion,#Fitness,240,170,6,Delhi,Neutral,416
44,2026-09-13 15:29:00,user_190,Python project discussion,#Cricket,129,200,54,Hyderabad,Neutral,383
7336,2026-09-13 15:35:00,user_364,Amazing experience today,#Fitness,147,18,36,Pune,Positive,201
3546,2026-09-13 15:46:00,user_249,Great work by the team,#Trending,523,64,27,Mumbai,Positive,614
9855,2026-09-13 15:51:00,user_52,I love this new AI tool,#Technology,493,27,2,Delhi,Positive,522
9259,2026-09-13 16:02:00,user_390,Amazing fitness progress,#Fitness,326,142,28,Hyderabad,Positive,496
6702,2026-09-13 16:03:00,user_272,I love this new AI tool,#Fitness,63,17,84,Bengaluru,Positive,164
6638,2026-09-13 16:06:00,user_456,I love this new AI tool,#Trending,40,24,3,Delhi,Positive,67
6655,2026-09-13 16:08:00,user_51,Great work by the team,#DataAnalytics,180,126,68,Bengaluru,Positive,374
3793,2026-09-13 16:12:00,user_197,I love this new AI tool,#AI,129,52,62,Delhi,Positive,243
9719,2026-09-13 16:14:00,user_221,Terrible service,#DataAnalytics,330,189,75,Chennai,Negative,594
1226,2026-09-13 16:21:00,user_116,Beautiful day in Bengaluru,#Cricket,795,55,46,Bengaluru,Positive,896
9063,2026-09-13 16:27:00,user_289,Amazing fitness progress,#Python,61,168,16,Hyderabad,Positive,245
6762,2026-09-13 16:33:00,user_215,Great work by the team,#Bengaluru,175,77,13,Hyderabad,Positive,265
4158,2026-09-13 16:36:00,user_288,Beautiful day in Bengaluru,#Cricket,738,129,38,Delhi,Positive,905
5556,2026-09-13 16:40:00,user_33,Cricket match scheduled today,#Bengaluru,861,56,31,Hyderabad,Neutral,948
8521,2026-09-13 16:41:00,user_471,Weather update from Bengaluru,#Technology,908,176,53,Mumbai,Neutral,1137
7669,2026-09-13 16:45:00,user_394,Python project discussion,#Technology,665,171,74,Hyderabad,Neutral,910
6005,2026-09-13 16:49:00,user_41,Great technology update,#Technology,731,169,9,Mumbai,Positive,909
106,2026-09-13 16:51:00,user_25,Amazing fitness progress,#Cricket,882,191,32,Bengaluru,Positive,1105
878,2026-09-13 16:51:00,user_278,Excellent cricket match,#Cricket,959,31,94,Bengaluru,Positive,1084
4035,2026-09-13 16:58:00,user_405,Technology update today,#Fitness,598,146,56,Pune,Neutral,800
7679,2026-09-13 17:03:00,user_243,Great technology update,#DataAnalytics,930,17,89,Delhi,Positive,1036
3917,2026-09-13 17:15:00,user_212,AI news update,#Technology,193,42,55,Pune,Neutral,290
3133,2026-09-13 17:17:00,user_150,Bad experience today,#Python,911,77,41,Chennai,Negative,1029
6849,2026-09-13 17:28:00,user_430,Weather update from Bengaluru,#Python,227,89,61,Pune,Neutral,377
9531,2026-09-13 17:32:00,user_311,Beautiful day in Bengaluru,#DataAnalytics,58,80,79,Mumbai,Positive,217
8655,2026-09-13 17:37:00,user_11,New information available,#AI,104,200,47,Chennai,Neutral,351
4161,2026-09-13 17:50:00,user_231,Amazing experience today,#Technology,309,92,80,Chennai,Positive,481
473,2026-09-13 17:51:00,user_312,Python is really useful,#AI,654,42,18,Delhi,Neutral,714
7067,2026-09-13 18:01:00,user_408,Beautiful day in Bengaluru,#Python,513,143,98,Hyderabad,Positive,754
8957,2026-09-13 18:03:00,user_72,Great technology update,#Cricket,942,171,79,Pune,Positive,1192
8419,2026-09-13 18:10:00,user_263,AI news update,#Cricket,882,101,14,Pune,Neutral,997
4751,2026-09-13 18:21:00,user_384,Amazing fitness progress,#Bengaluru,794,44,93,Bengaluru,Positive,931
4712,2026-09-13 18:22:00,user_105,Data analytics session today,#Trending,577,154,52,Hyderabad,Neutral,783
19,2026-09-13 18:26:00,user_374,Worst experience ever,#AI,441,158,100,Chennai,Negative,699
9201,2026-09-13 18:29:00,user_288,Fitness workout completed,#Trending,542,121,31,Bengaluru,Neutral,694
5162,2026-09-13 18:29:00,user_289,Amazing fitness progress,#Bengaluru,864,38,58,Bengaluru,Positive,960
9143,2026-09-13 18:30:00,user_250,Amazing experience today,#Technology,713,138,80,Hyderabad,Positive,931
4480,2026-09-13 18:38:00,user_210,Data analytics session today,#Cricket,457,70,39,Mumbai,Neutral,566
5464,2026-09-13 18:38:00,user_416,Python project discussion,#AI,435,178,29,Delhi,Neutral,642
77,2026-09-13 18:43:00,user_85,Great technology update,#Technology,705,23,81,Delhi,Positive,809
2131,2026-09-13 18:46:00,user_209,Beautiful day in Bengaluru,#DataAnalytics,698,8,87,Chennai,Positive,793
825,2026-09-13 18:49:00,user_211,I am angry about this,#Cricket,525,78,52,Delhi,Negative,655
7971,2026-09-13 18:50:00,user_345,Weather update from Bengaluru,#Bengaluru,395,11,94,Pune,Neutral,500
6380,2026-09-13 19:03:00,user_437,Python is really useful,#AI,909,31,85,Hyderabad,Neutral,1025
1259,2026-09-13 19:04:00,user_279,AI news update,#Bengaluru,354,176,99,Delhi,Neutral,629
4160,2026-09-13 19:09:00,user_367,Python is really useful,#Trending,228,76,19,Pune,Neutral,323
9938,2026-09-13 19:13:00,user_255,Amazing fitness progress,#Bengaluru,332,64,19,Bengaluru,Positive,415
3390,2026-09-13 19:23:00,user_60,This failed again,#Trending,614,187,58,Bengaluru,Negative,859
6836,2026-09-13 19:23:00,user_52,Amazing fitness progress,#Trending,885,81,36,Delhi,Positive,1002
9672,2026-09-13 19:35:00,user_489,Terrible service,#Python,982,57,64,Mumbai,Negative,1103
3158,2026-09-13 19:37:00,user_240,I love this new AI tool,#AI,895,132,6,Chennai,Positive,1033
8650,2026-09-13 19:46:00,user_390,Worst experience ever,#Trending,410,127,54,Chennai,Negative,591
3074,2026-09-13 19:46:00,user_55,I hate this problem,#Fitness,48,54,58,Chennai,Negative,160
4544,2026-09-13 19:46:00,user_119,Excellent cricket match,#DataAnalytics,160,108,32,Chennai,Positive,300
5172,2026-09-13 19:48:00,user_473,Fitness workout completed,#DataAnalytics,144,21,72,Bengaluru,Neutral,237
6301,2026-09-13 19:48:00,user_411,Great work by the team,#Cricket,800,3,49,Delhi,Positive,852
3809,2026-09-13 20:10:00,user_190,Weather update from Bengaluru,#Trending,722,163,28,Chennai,Neutral,913
4282,2026-09-13 20:19:00,user_409,Great work by the team,#Trending,124,100,6,Bengaluru,Positive,230
8164,2026-09-13 20:21:00,user_391,I hate this problem,#Trending,843,45,56,Hyderabad,Negative,944
2889,2026-09-13 20:26:00,user_182,Poor performance today,#Trending,50,183,28,Delhi,Negative,261
6768,2026-09-13 20:34:00,user_396,Weather update from Bengaluru,#Cricket,46,162,2,Pune,Neutral,210
7454,2026-09-13 20:46:00,user_125,Poor performance today,#Fitness,878,113,20,Hyderabad,Negative,1011
4155,2026-09-13 20:55:00,user_147,I love this new AI tool,#Fitness,608,46,37,Delhi,Positive,691
7895,2026-09-13 20:55:00,user_447,Beautiful day in Bengaluru,#Fitness,162,185,15,Delhi,Positive,362
5837,2026-09-13 20:58:00,user_351,Bad experience today,#Fitness,861,88,57,Mumbai,Negative,1006
9365,2026-09-13 21:10:00,user_130,I am angry about this,#Bengaluru,48,193,66,Mumbai,Negative,307
9967,2026-09-13 21:15:00,user_462,Python is really useful,#Bengaluru,561,41,70,Hyderabad,Neutral,672
9635,2026-09-13 21:16:00,user_224,Poor performance today,#AI,538,192,12,Hyderabad,Negative,742
2181,2026-09-13 21:18:00,user_430,Great work by the team,#Trending,293,139,65,Delhi,Positive,497
6495,2026-09-13 21:21:00,user_290,Python project discussion,#DataAnalytics,228,99,35,Delhi,Neutral,362
8476,2026-09-13 21:29:00,user_365,Data analytics session today,#Fitness,699,165,37,Mumbai,Neutral,901
217,2026-09-13 21:31:00,user_128,New information available,#DataAnalytics,427,15,26,Mumbai,Neutral,468
8392,2026-09-13 21:35:00,user_304,Data analytics session today,#Technology,26,173,17,Pune,Neutral,216
3047,2026-09-13 21:36:00,user_495,I love this new AI tool,#DataAnalytics,780,91,5,Hyderabad,Positive,876
7526,2026-09-13 21:36:00,user_30,Python project discussion,#Bengaluru,92,140,26,Chennai,Neutral,258
5303,2026-09-13 21:43:00,user_373,Amazing experience today,#Technology,331,65,52,Mumbai,Positive,448
3162,2026-09-13 21:44:00,user_22,Beautiful day in Bengaluru,#AI,289,52,50,Chennai,Positive,391
5421,2026-09-13 21:44:00,user_472,Fitness workout completed,#Trending,269,149,85,Chennai,Neutral,503
6180,2026-09-13 21:49:00,user_182,I love this new AI tool,#Technology,534,13,38,Delhi,Positive,585
3115,2026-09-13 22:06:00,user_145,Beautiful day in Bengaluru,#Trending,233,21,89,Mumbai,Positive,343
5252,2026-09-13 22:15:00,user_347,New information available,#Trending,316,168,50,Hyderabad,Neutral,534
5865,2026-09-13 22:24:00,user_72,Technology update today,#Cricket,291,136,55,Bengaluru,Neutral,482
3483,2026-09-13 22:25:00,user_285,Very disappointing result,#DataAnalytics,238,90,70,Delhi,Neutral,398
4238,2026-09-13 22:35:00,user_455,Technology update today,#Technology,893,113,37,Delhi,Neutral,1043
9146,2026-09-13 22:38:00,user_119,Python project discussion,#Trending,934,75,71,Bengaluru,Neutral,1080
6098,2026-09-13 22:41:00,user_450,Data analytics session today,#AI,388,41,66,Chennai,Neutral,495
7759,2026-09-13 22:43:00,user_14,I am angry about this,#Bengaluru,201,172,13,Hyderabad,Negative,386
7752,2026-09-13 22:43:00,user_179,Beautiful day in Bengaluru,#Cricket,401,127,42,Pune,Positive,570
3847,2026-09-13 22:46:00,user_10,Data analytics session today,#DataAnalytics,474,47,69,Delhi,Neutral,590
6379,2026-09-13 22:48:00,user_99,Python is really useful,#Cricket,324,50,31,Chennai,Neutral,405
2782,2026-09-13 22:54:00,user_338,Very disappointing result,#Cricket,987,65,45,Pune,Neutral,1097
5602,2026-09-13 23:01:00,user_82,Amazing fitness progress,#DataAnalytics,211,159,39,Mumbai,Positive,409
5285,2026-09-13 23:04:00,user_71,Beautiful day in Bengaluru,#Python,815,57,90,Bengaluru,Positive,962
3539,2026-09-13 23:04:00,user_353,Technology update today,#Trending,168,146,50,Hyderabad,Neutral,364
4048,2026-09-13 23:05:00,user_413,Very disappointing result,#Technology,691,194,16,Delhi,Neutral,901
4003,2026-09-13 23:09:00,user_345,Amazing experience today,#Python,416,153,73,Pune,Positive,642
8097,2026-09-13 23:10:00,user_188,I love this new AI tool,#Technology,740,53,98,Hyderabad,Positive,891
7707,2026-09-13 23:11:00,user_207,Technology update today,#Python,28,147,34,Hyderabad,Neutral,209
2409,2026-09-13 23:19:00,user_204,This failed again,#Python,917,163,55,Mumbai,Negative,1135
8048,2026-09-13 23:21:00,user_182,Weather update from Bengaluru,#Fitness,29,62,40,Delhi,Neutral,131
7251,2026-09-13 23:27:00,user_128,Great work by the team,#Bengaluru,704,84,27,Chennai,Positive,815
7371,2026-09-13 23:32:00,user_88,I am angry about this,#Technology,727,23,14,Chennai,Negative,764
8954,2026-09-13 23:32:00,user_111,Data analytics session today,#Fitness,248,130,44,Mumbai,Neutral,422
5785,2026-09-13 23:48:00,user_113,Beautiful day in Bengaluru,#AI,547,64,48,Delhi,Positive,659
2575,2026-09-13 23:50:00,user_111,Excellent cricket match,#AI,524,103,42,Delhi,Positive,669
5465,2026-09-14 00:13:00,user_147,Terrible service,#Cricket,280,173,33,Chennai,Negative,486
4553,2026-09-14 00:27:00,user_186,Weather update from Bengaluru,#Technology,579,13,12,Mumbai,Neutral,604
9634,2026-09-14 00:37:00,user_2,Python is really useful,#Cricket,76,186,57,Hyderabad,Neutral,319
2570,2026-09-14 00:41:00,user_24,Bad experience today,#Bengaluru,720,194,17,Hyderabad,Negative,931
1649,2026-09-14 00:48:00,user_398,Python is really useful,#Fitness,345,147,66,Mumbai,Neutral,558
2514,2026-09-14 00:54:00,user_159,Technology update today,#Trending,399,172,51,Mumbai,Neutral,622
9669,2026-09-14 00:56:00,user_200,Python project discussion,#Technology,316,174,7,Pune,Neutral,497
6016,2026-09-14 00:56:00,user_158,New information available,#Trending,484,114,8,Pune,Neutral,606
369,2026-09-14 01:18:00,user_195,Weather update from Bengaluru,#Cricket,857,184,66,Pune,Neutral,1107
1606,2026-09-14 01:22:00,user_197,Technology update today,#Technology,528,38,42,Mumbai,Neutral,608
7456,2026-09-14 01:31:00,user_412,I hate this problem,#Cricket,866,132,82,Hyderabad,Negative,1080
3253,2026-09-14 01:32:00,user_430,Python project discussion,#Technology,249,66,19,Chennai,Neutral,334
5789,2026-09-14 01:42:00,user_265,Beautiful day in Bengaluru,#Python,791,24,39,Pune,Positive,854
8558,2026-09-14 01:43:00,user_469,Very disappointing result,#AI,406,190,64,Chennai,Neutral,660
7126,2026-09-14 01:54:00,user_326,Very disappointing result,#Bengaluru,474,141,23,Delhi,Neutral,638
3015,2026-09-14 02:00:00,user_460,Fitness workout completed,#Bengaluru,905,62,64,Chennai,Neutral,1031
1114,2026-09-14 02:02:00,user_145,Terrible service,#Trending,289,180,65,Pune,Negative,534
3500,2026-09-14 02:03:00,user_476,Excellent cricket match,#Cricket,402,52,46,Delhi,Positive,500
7762,2026-09-14 02:05:00,user_434,Great technology update,#Trending,763,84,69,Delhi,Positive,916
9548,2026-09-14 02:13:00,user_4,Python project discussion,#Cricket,245,184,100,Delhi,Neutral,529
2787,2026-09-14 02:15:00,user_34,Python is really useful,#Bengaluru,513,84,98,Mumbai,Neutral,695
8438,2026-09-14 02:21:00,user_373,I hate this problem,#Bengaluru,614,85,35,Bengaluru,Negative,734
7758,2026-09-14 02:32:00,user_445,Python is really useful,#AI,152,96,55,Mumbai,Neutral,303
2676,2026-09-14 02:34:00,user_192,Amazing fitness progress,#Python,36,163,28,Delhi,Positive,227
3428,2026-09-14 02:51:00,user_269,Great work by the team,#Technology,88,139,10,Bengaluru,Positive,237
1514,2026-09-14 03:00:00,user_224,Poor performance today,#Python,238,12,33,Hyderabad,Negative,283
3551,2026-09-14 03:05:00,user_176,Excellent cricket match,#Cricket,904,43,42,Pune,Positive,989
7783,2026-09-14 03:09:00,user_100,Amazing experience today,#Fitness,693,43,43,Hyderabad,Positive,779
3275,2026-09-14 03:16:00,user_253,Fitness workout completed,#Technology,610,86,38,Chennai,Neutral,734
918,2026-09-14 03:20:00,user_326,Cricket match scheduled today,#Bengaluru,22,198,57,Bengaluru,Neutral,277
69,2026-09-14 03:26:00,user_493,I love this new AI tool,#Cricket,981,121,60,Bengaluru,Positive,1162
6315,2026-09-14 03:31:00,user_134,Great technology update,#Technology,645,96,72,Hyderabad,Positive,813
5691,2026-09-14 03:31:00,user_433,Poor performance today,#Bengaluru,356,6,86,Bengaluru,Negative,448
5604,2026-09-14 03:32:00,user_129,Fitness workout completed,#AI,233,125,14,Pune,Neutral,372
7279,2026-09-14 03:49:00,user_357,Poor performance today,#Cricket,587,107,84,Hyderabad,Negative,778
7053,2026-09-14 04:07:00,user_171,Worst experience ever,#Fitness,953,49,27,Bengaluru,Negative,1029
6860,2026-09-14 04:07:00,user_27,Terrible service,#Cricket,716,40,84,Delhi,Negative,840
5761,2026-09-14 04:08:00,user_395,Poor performance today,#Fitness,783,17,16,Hyderabad,Negative,816
2220,2026-09-14 04:09:00,user_39,Python project discussion,#Fitness,370,33,55,Hyderabad,Neutral,458
3613,2026-09-14 04:30:00,user_148,Technology update today,#Trending,268,17,22,Chennai,Neutral,307
2710,2026-09-14 04:31:00,user_485,Great technology update,#Python,46,90,71,Pune,Positive,207
1340,2026-09-14 04:37:00,user_27,Great technology update,#DataAnalytics,651,9,88,Pune,Positive,748
2463,2026-09-14 04:41:00,user_458,Amazing fitness progress,#AI,674,113,9,Pune,Positive,796
4649,2026-09-14 04:42:00,user_199,Great technology update,#Technology,640,146,86,Hyderabad,Positive,872
7788,2026-09-14 04:43:00,user_490,Cricket match scheduled today,#Python,314,61,45,Chennai,Neutral,420
7084,2026-09-14 04:50:00,user_98,New information available,#Trending,723,100,79,Hyderabad,Neutral,902
7042,2026-09-14 04:58:00,user_497,Fitness workout completed,#Technology,653,12,17,Hyderabad,Neutral,682
9247,2026-09-14 04:59:00,user_257,Technology update today,#Trending,769,52,13,Pune,Neutral,834
4059,2026-09-14 05:15:00,user_387,Technology update today,#Technology,255,187,34,Chennai,Neutral,476
4471,2026-09-14 05:24:00,user_476,Poor performance today,#Fitness,474,106,28,Hyderabad,Negative,608
9216,2026-09-14 05:26:00,user_293,AI news update,#Bengaluru,417,141,61,Delhi,Neutral,619
8376,2026-09-14 05:33:00,user_420,Bad experience today,#Bengaluru,831,30,32,Chennai,Negative,893
1759,2026-09-14 05:36:00,user_52,Beautiful day in Bengaluru,#Trending,809,181,69,Bengaluru,Positive,1059
8633,2026-09-14 05:47:00,user_258,Amazing experience today,#Python,872,45,71,Hyderabad,Positive,988
4162,2026-09-14 05:52:00,user_248,Python project discussion,#AI,383,190,58,Hyderabad,Neutral,631
6232,2026-09-14 05:52:00,user_413,Python project discussion,#Python,543,101,19,Mumbai,Neutral,663
5078,2026-09-14 05:53:00,user_204,This failed again,#Bengaluru,770,53,38,Mumbai,Negative,861
8157,2026-09-14 06:06:00,user_491,Great work by the team,#Trending,428,131,81,Hyderabad,Positive,640
131,2026-09-14 06:07:00,user_46,AI news update,#Technology,935,162,84,Mumbai,Neutral,1181
2734,2026-09-14 06:08:00,user_211,I love this new AI tool,#DataAnalytics,776,13,58,Chennai,Positive,847
8424,2026-09-14 06:12:00,user_406,Technology update today,#Python,630,49,8,Hyderabad,Neutral,687
6260,2026-09-14 06:13:00,user_167,Amazing experience today,#Fitness,436,77,96,Chennai,Positive,609
4541,2026-09-14 06:24:00,user_244,Python project discussion,#Trending,383,43,68,Chennai,Neutral,494
2786,2026-09-14 06:42:00,user_255,I love this new AI tool,#AI,422,56,68,Hyderabad,Positive,546
3800,2026-09-14 06:47:00,user_152,Amazing fitness progress,#Trending,222,196,91,Chennai,Positive,509
5347,2026-09-14 06:47:00,user_406,Amazing fitness progress,#Technology,512,168,49,Mumbai,Positive,729
1295,2026-09-14 06:48:00,user_327,Fitness workout completed,#Python,832,37,9,Bengaluru,Neutral,878
4555,2026-09-14 06:48:00,user_228,Great work by the team,#Technology,519,152,11,Hyderabad,Positive,682
6441,2026-09-14 07:05:00,user_485,Fitness workout completed,#Cricket,321,154,85,Bengaluru,Neutral,560
7836,2026-09-14 07:09:00,user_11,Excellent cricket match,#DataAnalytics,61,36,3,Pune,Positive,100
213,2026-09-14 07:11:00,user_258,Python project discussion,#Python,328,135,12,Pune,Neutral,475
6142,2026-09-14 07:16:00,user_127,Fitness workout completed,#Python,760,150,55,Bengaluru,Neutral,965
8342,2026-09-14 07:21:00,user_443,I hate this problem,#AI,632,24,89,Delhi,Negative,745
5491,2026-09-14 07:22:00,user_370,Poor performance today,#Technology,389,89,49,Bengaluru,Negative,527
264,2026-09-14 07:32:00,user_362,Data analytics session today,#Trending,851,62,76,Pune,Neutral,989
7512,2026-09-14 07:32:00,user_109,Fitness workout completed,#Technology,198,90,60,Hyderabad,Neutral,348
1996,2026-09-14 07:38:00,user_97,Bad experience today,#Python,451,170,62,Hyderabad,Negative,683
2899,2026-09-14 07:49:00,user_198,Beautiful day in Bengaluru,#Fitness,302,59,18,Bengaluru,Positive,379
4793,2026-09-14 07:54:00,user_448,Poor performance today,#DataAnalytics,963,160,65,Mumbai,Negative,1188
748,2026-09-14 08:04:00,user_369,Poor performance today,#AI,116,170,80,Chennai,Negative,366
8352,2026-09-14 08:05:00,user_1,Great technology update,#Technology,791,4,55,Mumbai,Positive,850
8993,2026-09-14 08:12:00,user_314,Worst experience ever,#Technology,494,81,24,Chennai,Negative,599
3214,2026-09-14 08:13:00,user_123,I love this new AI tool,#DataAnalytics,491,64,34,Chennai,Positive,589
8806,2026-09-14 08:18:00,user_211,Amazing fitness progress,#AI,139,16,8,Bengaluru,Positive,163
6319,2026-09-14 08:29:00,user_173,Beautiful day in Bengaluru,#Technology,622,166,64,Hyderabad,Positive,852
5525,2026-09-14 08:35:00,user_4,Terrible service,#Cricket,725,129,46,Chennai,Negative,900
1191,2026-09-14 08:52:00,user_119,Terrible service,#Fitness,320,166,92,Mumbai,Negative,578
5186,2026-09-14 08:54:00,user_7,This failed again,#AI,175,76,23,Pune,Negative,274
3241,2026-09-14 08:55:00,user_315,Poor performance today,#Technology,678,170,51,Pune,Negative,899
132,2026-09-14 08:59:00,user_469,New information available,#Technology,806,106,39,Bengaluru,Neutral,951
4567,2026-09-14 09:14:00,user_194,I am angry about this,#Fitness,314,161,89,Hyderabad,Negative,564
7225,2026-09-14 09:18:00,user_117,Great work by the team,#AI,451,96,77,Delhi,Positive,624
3378,2026-09-14 09:26:00,user_198,Very disappointing result,#DataAnalytics,775,179,21,Mumbai,Neutral,975
3979,2026-09-14 09:36:00,user_497,Excellent cricket match,#Technology,963,178,28,Bengaluru,Positive,1169
3933,2026-09-14 09:37:00,user_105,I am angry about this,#Technology,185,111,7,Delhi,Negative,303
2439,2026-09-14 09:41:00,user_211,Python project discussion,#Technology,640,103,52,Pune,Neutral,795
2618,2026-09-14 09:44:00,user_309,Amazing fitness progress,#Python,420,110,8,Bengaluru,Positive,538
1116,2026-09-14 09:44:00,user_188,Excellent cricket match,#AI,719,114,85,Chennai,Positive,918
3645,2026-09-14 09:45:00,user_461,I love this new AI tool,#Python,183,14,3,Hyderabad,Positive,200
1484,2026-09-14 09:46:00,user_85,Great work by the team,#AI,49,87,66,Chennai,Positive,202
3169,2026-09-14 09:50:00,user_157,I hate this problem,#DataAnalytics,643,93,65,Mumbai,Negative,801
4097,2026-09-14 09:53:00,user_417,Python is really useful,#Technology,585,127,75,Mumbai,Neutral,787
9835,2026-09-14 09:55:00,user_94,Terrible service,#Cricket,719,70,21,Bengaluru,Negative,810
7172,2026-09-14 09:55:00,user_246,Beautiful day in Bengaluru,#Python,332,90,61,Pune,Positive,483
9517,2026-09-14 10:00:00,user_448,Cricket match scheduled today,#Fitness,501,110,71,Mumbai,Neutral,682
7392,2026-09-14 10:03:00,user_215,Weather update from Bengaluru,#Technology,707,8,86,Hyderabad,Neutral,801
4608,2026-09-14 10:06:00,user_427,AI news update,#Python,224,197,35,Bengaluru,Neutral,456
1143,2026-09-14 10:13:00,user_71,Python project discussion,#DataAnalytics,909,12,82,Bengaluru,Neutral,1003
6917,2026-09-14 10:18:00,user_277,Python project discussion,#Fitness,298,146,93,Mumbai,Neutral,537
9496,2026-09-14 10:21:00,user_457,Weather update from Bengaluru,#AI,490,107,14,Delhi,Neutral,611
4031,2026-09-14 10:29:00,user_90,Weather update from Bengaluru,#Fitness,205,149,51,Hyderabad,Neutral,405
5479,2026-09-14 10:31:00,user_487,Amazing experience today,#Fitness,258,86,11,Hyderabad,Positive,355
8420,2026-09-14 10:36:00,user_137,Fitness workout completed,#Fitness,593,115,26,Pune,Neutral,734
1196,2026-09-14 10:37:00,user_292,Fitness workout completed,#Bengaluru,122,129,34,Hyderabad,Neutral,285
8593,2026-09-14 10:43:00,user_25,Worst experience ever,#Technology,359,48,33,Delhi,Negative,440
8320,2026-09-14 10:43:00,user_169,I am angry about this,#Cricket,84,51,5,Chennai,Negative,140
5447,2026-09-14 10:55:00,user_351,Technology update today,#DataAnalytics,531,8,2,Mumbai,Neutral,541
3325,2026-09-14 10:57:00,user_492,Worst experience ever,#DataAnalytics,111,63,91,Mumbai,Negative,265
59,2026-09-14 10:58:00,user_18,I hate this problem,#DataAnalytics,995,91,28,Mumbai,Negative,1114
2443,2026-09-14 11:04:00,user_83,I hate this problem,#Trending,312,27,18,Bengaluru,Negative,357
5299,2026-09-14 11:07:00,user_195,New information available,#AI,267,134,29,Hyderabad,Neutral,430
3445,2026-09-14 11:13:00,user_149,AI news update,#Cricket,386,39,99,Hyderabad,Neutral,524
1794,2026-09-14 11:18:00,user_44,Technology update today,#Technology,184,146,63,Chennai,Neutral,393
9639,2026-09-14 11:19:00,user_67,Technology update today,#Fitness,519,121,55,Bengaluru,Neutral,695
2644,2026-09-14 11:24:00,user_204,AI news update,#Technology,286,6,83,Bengaluru,Neutral,375
721,2026-09-14 11:28:00,user_267,Beautiful day in Bengaluru,#AI,268,88,57,Delhi,Positive,413
2667,2026-09-14 11:34:00,user_234,Weather update from Bengaluru,#Python,814,141,86,Hyderabad,Neutral,1041
2469,2026-09-14 11:35:00,user_94,Beautiful day in Bengaluru,#Fitness,948,128,29,Chennai,Positive,1105
7841,2026-09-14 11:35:00,user_257,I love this new AI tool,#Cricket,579,8,44,Bengaluru,Positive,631
2749,2026-09-14 11:36:00,user_84,Python is really useful,#Trending,713,141,39,Bengaluru,Neutral,893
5310,2026-09-14 11:42:00,user_297,I love this new AI tool,#Python,317,39,49,Hyderabad,Positive,405
1080,2026-09-14 11:45:00,user_404,Beautiful day in Bengaluru,#Cricket,382,141,88,Delhi,Positive,611
1277,2026-09-14 11:50:00,user_82,Python project discussion,#DataAnalytics,77,176,89,Bengaluru,Neutral,342
7411,2026-09-14 11:50:00,user_36,Weather update from Bengaluru,#Cricket,814,37,9,Pune,Neutral,860
9822,2026-09-14 11:52:00,user_305,I am angry about this,#Trending,29,158,81,Hyderabad,Negative,268
682,2026-09-14 11:52:00,user_227,Very disappointing result,#Technology,233,186,44,Hyderabad,Neutral,463
4996,2026-09-14 11:57:00,user_229,Great technology update,#Trending,579,25,67,Pune,Positive,671
5159,2026-09-14 12:01:00,user_363,Great technology update,#Cricket,498,193,44,Mumbai,Positive,735
9332,2026-09-14 12:03:00,user_186,Python project discussion,#AI,715,22,2,Hyderabad,Neutral,739
8294,2026-09-14 12:12:00,user_317,New information available,#Technology,147,23,65,Chennai,Neutral,235
2449,2026-09-14 12:12:00,user_19,Technology update today,#Fitness,332,58,81,Mumbai,Neutral,471
8059,2026-09-14 12:16:00,user_236,Great work by the team,#Bengaluru,837,82,33,Pune,Positive,952
2074,2026-09-14 12:18:00,user_281,Amazing experience today,#AI,783,102,67,Hyderabad,Positive,952
9064,2026-09-14 12:25:00,user_339,Great work by the team,#Cricket,671,12,90,Bengaluru,Positive,773
7889,2026-09-14 12:43:00,user_94,New information available,#Fitness,867,70,98,Hyderabad,Neutral,1035
9523,2026-09-14 12:46:00,user_492,Very disappointing result,#AI,640,80,57,Mumbai,Neutral,777
2110,2026-09-14 12:46:00,user_283,Beautiful day in Bengaluru,#Fitness,269,76,38,Mumbai,Positive,383
7993,2026-09-14 12:49:00,user_85,AI news update,#Trending,73,8,28,Hyderabad,Neutral,109
2722,2026-09-14 12:52:00,user_493,New information available,#Technology,649,133,93,Chennai,Neutral,875
3785,2026-09-14 12:54:00,user_14,Great work by the team,#Fitness,937,196,73,Hyderabad,Positive,1206
8190,2026-09-14 12:58:00,user_395,Great work by the team,#DataAnalytics,890,75,87,Delhi,Positive,1052
8460,2026-09-14 12:59:00,user_466,Python project discussion,#Fitness,672,132,94,Hyderabad,Neutral,898
7961,2026-09-14 13:04:00,user_370,Very disappointing result,#Trending,539,180,3,Hyderabad,Neutral,722
2137,2026-09-14 13:07:00,user_422,Python project discussion,#Bengaluru,434,85,54,Pune,Neutral,573
866,2026-09-14 13:11:00,user_41,Amazing fitness progress,#Bengaluru,568,18,96,Chennai,Positive,682
1160,2026-09-14 13:12:00,user_224,Data analytics session today,#DataAnalytics,546,11,44,Delhi,Neutral,601
9165,2026-09-14 13:13:00,user_412,Amazing experience today,#DataAnalytics,120,43,40,Bengaluru,Positive,203
6914,2026-09-14 13:15:00,user_157,I love this new AI tool,#Python,140,37,30,Mumbai,Positive,207
4849,2026-09-14 13:17:00,user_247,Python is really useful,#Python,270,185,47,Hyderabad,Neutral,502
3913,2026-09-14 13:17:00,user_136,Technology update today,#Fitness,460,142,85,Hyderabad,Neutral,687
1647,2026-09-14 13:18:00,user_37,Very disappointing result,#Bengaluru,280,71,60,Delhi,Neutral,411
8045,2026-09-14 13:19:00,user_142,Python is really useful,#Trending,145,111,86,Chennai,Neutral,342
4153,2026-09-14 13:22:00,user_22,Very disappointing result,#DataAnalytics,528,184,52,Delhi,Neutral,764
1012,2026-09-14 13:24:00,user_53,Cricket match scheduled today,#Bengaluru,399,62,25,Bengaluru,Neutral,486
4914,2026-09-14 13:28:00,user_195,Very disappointing result,#DataAnalytics,44,49,69,Pune,Neutral,162
4562,2026-09-14 13:44:00,user_302,Python is really useful,#AI,28,58,88,Mumbai,Neutral,174
9264,2026-09-14 13:48:00,user_391,I am angry about this,#Bengaluru,284,134,90,Chennai,Negative,508
7706,2026-09-14 13:54:00,user_324,Worst experience ever,#Cricket,100,21,55,Chennai,Negative,176
7329,2026-09-14 14:03:00,user_492,Great work by the team,#Cricket,309,86,87,Mumbai,Positive,482
4102,2026-09-14 14:08:00,user_336,Bad experience today,#DataAnalytics,981,122,34,Mumbai,Negative,1137
2582,2026-09-14 14:11:00,user_18,Python is really useful,#DataAnalytics,609,124,4,Hyderabad,Neutral,737
3086,2026-09-14 14:12:00,user_290,Excellent cricket match,#Technology,915,112,54,Mumbai,Positive,1081
285,2026-09-14 14:13:00,user_483,New information available,#Technology,200,56,51,Pune,Neutral,307
4826,2026-09-14 14:13:00,user_441,Great technology update,#Technology,730,96,56,Hyderabad,Positive,882
5528,2026-09-14 14:31:00,user_77,Fitness workout completed,#DataAnalytics,385,74,34,Bengaluru,Neutral,493
3136,2026-09-14 14:36:00,user_91,Technology update today,#Fitness,58,90,86,Delhi,Neutral,234
5734,2026-09-14 14:40:00,user_416,Data analytics session today,#AI,213,187,48,Hyderabad,Neutral,448
9921,2026-09-14 14:43:00,user_235,I love this new AI tool,#Cricket,882,53,51,Hyderabad,Positive,986
1289,2026-09-14 14:48:00,user_332,Python project discussion,#Trending,276,192,68,Pune,Neutral,536
6820,2026-09-14 14:48:00,user_177,Python is really useful,#Cricket,16,112,43,Chennai,Neutral,171
2361,2026-09-14 15:01:00,user_56,AI news update,#Technology,870,133,42,Bengaluru,Neutral,1045
7276,2026-09-14 15:01:00,user_365,Python is really useful,#Technology,425,95,77,Delhi,Neutral,597
7504,2026-09-14 15:02:00,user_255,Data analytics session today,#AI,512,91,62,Chennai,Neutral,665
320,2026-09-14 15:03:00,user_69,Great work by the team,#Python,503,46,8,Pune,Positive,557
2117,2026-09-14 15:03:00,user_186,I hate this problem,#Python,897,191,72,Mumbai,Negative,1160
3195,2026-09-14 15:05:00,user_5,Terrible service,#AI,970,7,27,Delhi,Negative,1004
4768,2026-09-14 15:22:00,user_374,Amazing fitness progress,#Bengaluru,955,152,19,Mumbai,Positive,1126
8991,2026-09-14 15:23:00,user_26,Amazing fitness progress,#Fitness,674,200,10,Hyderabad,Positive,884
4903,2026-09-14 15:25:00,user_487,This failed again,#Trending,118,177,75,Pune,Negative,370
7601,2026-09-14 15:25:00,user_309,I love this new AI tool,#Cricket,744,142,20,Delhi,Positive,906
3587,2026-09-14 15:28:00,user_368,Great work by the team,#Fitness,802,75,83,Mumbai,Positive,960
4780,2026-09-14 15:29:00,user_277,Beautiful day in Bengaluru,#Cricket,981,7,33,Delhi,Positive,1021
4967,2026-09-14 15:30:00,user_195,Excellent cricket match,#DataAnalytics,931,131,3,Hyderabad,Positive,1065
4267,2026-09-14 15:38:00,user_262,I love this new AI tool,#DataAnalytics,162,120,9,Chennai,Positive,291
7493,2026-09-14 15:40:00,user_116,Python is really useful,#AI,133,139,57,Delhi,Neutral,329
560,2026-09-14 15:41:00,user_55,Bad experience today,#AI,812,6,2,Bengaluru,Negative,820
7185,2026-09-14 15:52:00,user_13,I love this new AI tool,#Python,82,81,36,Hyderabad,Positive,199
4352,2026-09-14 15:59:00,user_76,Bad experience today,#DataAnalytics,923,148,27,Bengaluru,Negative,1098
4733,2026-09-14 16:01:00,user_177,Great technology update,#Technology,729,113,11,Hyderabad,Positive,853
3129,2026-09-14 16:07:00,user_408,I love this new AI tool,#DataAnalytics,967,147,69,Delhi,Positive,1183
1767,2026-09-14 16:12:00,user_476,Amazing experience today,#Bengaluru,346,44,45,Delhi,Positive,435
7990,2026-09-14 16:13:00,user_22,This failed again,#AI,165,22,67,Delhi,Negative,254
9200,2026-09-14 16:13:00,user_369,Great technology update,#DataAnalytics,970,75,42,Bengaluru,Positive,1087
2044,2026-09-14 16:17:00,user_56,I love this new AI tool,#DataAnalytics,600,88,78,Bengaluru,Positive,766
2599,2026-09-14 16:18:00,user_143,AI news update,#DataAnalytics,429,120,64,Pune,Neutral,613
8316,2026-09-14 16:20:00,user_315,Amazing experience today,#Cricket,16,73,67,Pune,Positive,156
2628,2026-09-14 16:26:00,user_26,Great work by the team,#Technology,496,161,67,Mumbai,Positive,724
2317,2026-09-14 16:37:00,user_424,I hate this problem,#DataAnalytics,408,189,87,Chennai,Negative,684
2492,2026-09-14 16:37:00,user_187,Terrible service,#Bengaluru,285,90,62,Bengaluru,Negative,437
9712,2026-09-14 16:42:00,user_339,Excellent cricket match,#Cricket,336,12,11,Mumbai,Positive,359
9840,2026-09-14 16:45:00,user_177,Technology update today,#Technology,546,93,37,Pune,Neutral,676
2887,2026-09-14 16:47:00,user_242,I love this new AI tool,#Python,582,191,18,Chennai,Positive,791
1247,2026-09-14 17:13:00,user_119,Technology update today,#DataAnalytics,823,130,47,Bengaluru,Neutral,1000
1474,2026-09-14 17:18:00,user_128,Great work by the team,#DataAnalytics,826,117,17,Hyderabad,Positive,960
1154,2026-09-14 17:21:00,user_388,I hate this problem,#Python,495,136,58,Bengaluru,Negative,689
398,2026-09-14 17:24:00,user_351,Data analytics session today,#Fitness,721,142,20,Pune,Neutral,883
1206,2026-09-14 17:24:00,user_217,Technology update today,#Cricket,889,128,88,Pune,Neutral,1105
6598,2026-09-14 17:25:00,user_9,Poor performance today,#Bengaluru,127,109,52,Bengaluru,Negative,288
2526,2026-09-14 17:31:00,user_53,Technology update today,#Fitness,220,111,58,Chennai,Neutral,389
1818,2026-09-14 17:33:00,user_453,Great technology update,#DataAnalytics,663,96,91,Chennai,Positive,850
9616,2026-09-14 17:39:00,user_459,Worst experience ever,#DataAnalytics,706,1,82,Pune,Negative,789
6899,2026-09-14 17:44:00,user_88,Great technology update,#Cricket,876,166,85,Bengaluru,Positive,1127
1002,2026-09-14 17:48:00,user_188,Amazing experience today,#AI,926,163,36,Bengaluru,Positive,1125
5873,2026-09-14 17:48:00,user_433,Beautiful day in Bengaluru,#Bengaluru,185,118,48,Delhi,Positive,351
1439,2026-09-14 17:49:00,user_140,Poor performance today,#Technology,282,195,70,Chennai,Negative,547
1567,2026-09-14 17:49:00,user_199,Excellent cricket match,#AI,825,158,87,Pune,Positive,1070
5493,2026-09-14 17:49:00,user_141,Data analytics session today,#AI,51,59,72,Delhi,Neutral,182
9228,2026-09-14 17:50:00,user_393,Amazing experience today,#AI,142,177,11,Chennai,Positive,330
3349,2026-09-14 17:52:00,user_385,Beautiful day in Bengaluru,#Bengaluru,995,134,34,Bengaluru,Positive,1163
2356,2026-09-14 17:58:00,user_263,Great work by the team,#Technology,364,102,12,Chennai,Positive,478
1317,2026-09-14 18:20:00,user_31,I am angry about this,#DataAnalytics,395,140,91,Hyderabad,Negative,626
6783,2026-09-14 18:31:00,user_136,Poor performance today,#Fitness,505,165,85,Mumbai,Negative,755
1210,2026-09-14 18:31:00,user_324,I love this new AI tool,#Technology,376,19,41,Delhi,Positive,436
6474,2026-09-14 18:44:00,user_323,New information available,#Bengaluru,43,45,99,Delhi,Neutral,187
2845,2026-09-14 18:49:00,user_208,I hate this problem,#Fitness,518,51,85,Delhi,Negative,654
1508,2026-09-14 18:51:00,user_244,Weather update from Bengaluru,#Fitness,264,19,30,Pune,Neutral,313
983,2026-09-14 18:51:00,user_9,Worst experience ever,#Cricket,51,28,43,Delhi,Negative,122
5959,2026-09-14 18:52:00,user_1,AI news update,#Fitness,260,159,44,Chennai,Neutral,463
9579,2026-09-14 18:55:00,user_5,Amazing fitness progress,#Fitness,929,148,90,Bengaluru,Positive,1167
7283,2026-09-14 18:57:00,user_6,Python project discussion,#Technology,480,119,68,Mumbai,Neutral,667
5978,2026-09-14 19:01:00,user_445,Terrible service,#AI,874,3,71,Mumbai,Negative,948
5457,2026-09-14 19:06:00,user_380,Beautiful day in Bengaluru,#AI,83,122,91,Delhi,Positive,296
9554,2026-09-14 19:15:00,user_432,Amazing fitness progress,#AI,196,150,19,Bengaluru,Positive,365
2105,2026-09-14 19:19:00,user_96,Technology update today,#Technology,542,181,94,Delhi,Neutral,817
3528,2026-09-14 19:22:00,user_329,AI news update,#Fitness,560,138,76,Pune,Neutral,774
6353,2026-09-14 19:24:00,user_100,Worst experience ever,#Trending,200,3,8,Mumbai,Negative,211
8166,2026-09-14 19:26:00,user_449,Fitness workout completed,#Python,440,122,6,Delhi,Neutral,568
9754,2026-09-14 19:30:00,user_287,AI news update,#Cricket,100,105,87,Hyderabad,Neutral,292
4546,2026-09-14 19:39:00,user_96,I hate this problem,#Cricket,837,27,12,Mumbai,Negative,876
8631,2026-09-14 19:42:00,user_230,Beautiful day in Bengaluru,#Python,966,29,48,Mumbai,Positive,1043
3753,2026-09-14 19:43:00,user_223,Terrible service,#Technology,67,114,79,Pune,Negative,260
1555,2026-09-14 19:54:00,user_94,New information available,#Fitness,739,157,39,Delhi,Neutral,935
9310,2026-09-14 20:00:00,user_209,I hate this problem,#AI,450,135,16,Chennai,Negative,601
904,2026-09-14 20:03:00,user_479,Fitness workout completed,#Technology,572,57,57,Bengaluru,Neutral,686
5598,2026-09-14 20:07:00,user_351,Great work by the team,#Trending,753,165,47,Bengaluru,Positive,965
5928,2026-09-14 20:11:00,user_301,Bad experience today,#Trending,79,93,47,Pune,Negative,219
8313,2026-09-14 20:19:00,user_414,Bad experience today,#Python,155,110,64,Chennai,Negative,329
2362,2026-09-14 20:22:00,user_284,Terrible service,#AI,679,111,94,Chennai,Negative,884
1102,2026-09-14 20:23:00,user_357,Poor performance today,#AI,124,171,87,Hyderabad,Negative,382
4822,2026-09-14 20:24:00,user_477,Python is really useful,#Cricket,711,174,99,Hyderabad,Neutral,984
4802,2026-09-14 20:27:00,user_436,Technology update today,#Python,98,198,88,Pune,Neutral,384
5661,2026-09-14 20:36:00,user_406,Technology update today,#Python,823,111,81,Mumbai,Neutral,1015
1414,2026-09-14 20:40:00,user_309,Beautiful day in Bengaluru,#Bengaluru,702,173,45,Chennai,Positive,920
4935,2026-09-14 20:56:00,user_174,Great work by the team,#Cricket,825,198,85,Delhi,Positive,1108
5023,2026-09-14 21:10:00,user_387,Data analytics session today,#Technology,614,190,14,Chennai,Neutral,818
9349,2026-09-14 21:17:00,user_245,Very disappointing result,#Trending,504,40,17,Bengaluru,Neutral,561
5708,2026-09-14 21:22:00,user_412,Data analytics session today,#Trending,824,177,28,Delhi,Neutral,1029
8222,2026-09-14 21:24:00,user_48,Data analytics session today,#Python,127,32,49,Delhi,Neutral,208
6041,2026-09-14 21:24:00,user_282,Great work by the team,#Bengaluru,211,170,92,Delhi,Positive,473
7522,2026-09-14 21:33:00,user_387,Worst experience ever,#DataAnalytics,64,148,94,Bengaluru,Negative,306
5962,2026-09-14 21:34:00,user_179,I love this new AI tool,#DataAnalytics,201,68,79,Pune,Positive,348
5790,2026-09-14 21:34:00,user_14,Python project discussion,#DataAnalytics,946,91,26,Pune,Neutral,1063
2605,2026-09-14 21:36:00,user_68,Great technology update,#DataAnalytics,178,84,76,Delhi,Positive,338
9527,2026-09-14 21:38:00,user_86,Poor performance today,#Python,43,144,26,Chennai,Negative,213
1408,2026-09-14 21:43:00,user_107,Weather update from Bengaluru,#Python,787,102,46,Hyderabad,Neutral,935
1845,2026-09-14 21:48:00,user_432,Great technology update,#Trending,810,92,84,Mumbai,Positive,986
8122,2026-09-14 21:53:00,user_268,I love this new AI tool,#DataAnalytics,340,184,87,Bengaluru,Positive,611
7304,2026-09-14 21:57:00,user_350,Cricket match scheduled today,#DataAnalytics,624,15,80,Bengaluru,Neutral,719
9242,2026-09-14 22:06:00,user_229,Worst experience ever,#Bengaluru,832,179,24,Pune,Negative,1035
4167,2026-09-14 22:11:00,user_228,Amazing fitness progress,#Python,36,144,62,Pune,Positive,242
8992,2026-09-14 22:14:00,user_47,Worst experience ever,#Cricket,235,103,75,Hyderabad,Negative,413
2214,2026-09-14 22:20:00,user_116,This failed again,#Trending,542,175,42,Bengaluru,Negative,759
9493,2026-09-14 22:27:00,user_414,Amazing experience today,#DataAnalytics,188,131,6,Mumbai,Positive,325
5634,2026-09-14 22:30:00,user_81,Great technology update,#DataAnalytics,688,59,68,Delhi,Positive,815
4704,2026-09-14 22:31:00,user_57,I love this new AI tool,#DataAnalytics,847,99,9,Chennai,Positive,955
7830,2026-09-14 22:38:00,user_356,Python project discussion,#DataAnalytics,790,71,39,Chennai,Neutral,900
7809,2026-09-14 22:39:00,user_76,New information available,#Trending,485,121,81,Bengaluru,Neutral,687
1505,2026-09-14 22:42:00,user_349,Very disappointing result,#DataAnalytics,355,169,72,Delhi,Neutral,596
3536,2026-09-14 22:45:00,user_384,Cricket match scheduled today,#Trending,441,123,21,Mumbai,Neutral,585
5432,2026-09-14 22:50:00,user_339,Fitness workout completed,#Fitness,354,87,56,Hyderabad,Neutral,497
2414,2026-09-14 22:50:00,user_236,Python project discussion,#AI,122,123,44,Delhi,Neutral,289
9033,2026-09-14 22:55:00,user_75,Beautiful day in Bengaluru,#Trending,413,13,60,Mumbai,Positive,486
1986,2026-09-14 22:55:00,user_449,Excellent cricket match,#Trending,708,199,81,Delhi,Positive,988
7728,2026-09-14 22:58:00,user_373,New information available,#Trending,964,58,84,Delhi,Neutral,1106
4985,2026-09-14 22:59:00,user_280,Beautiful day in Bengaluru,#Python,602,117,65,Mumbai,Positive,784
8575,2026-09-14 23:00:00,user_493,Great technology update,#Fitness,399,4,93,Chennai,Positive,496
7436,2026-09-14 23:08:00,user_89,I love this new AI tool,#Fitness,921,75,52,Chennai,Positive,1048
6758,2026-09-14 23:10:00,user_398,New information available,#Technology,750,195,99,Bengaluru,Neutral,1044
6697,2026-09-14 23:13:00,user_84,Excellent cricket match,#Fitness,830,67,32,Delhi,Positive,929
3553,2026-09-14 23:15:00,user_387,Excellent cricket match,#AI,648,82,28,Chennai,Positive,758
3510,2026-09-14 23:17:00,user_274,I love this new AI tool,#Fitness,250,10,82,Pune,Positive,342
565,2026-09-14 23:17:00,user_412,This failed again,#Trending,511,178,11,Chennai,Negative,700
4347,2026-09-14 23:18:00,user_391,Weather update from Bengaluru,#Technology,90,67,5,Mumbai,Neutral,162
6206,2026-09-14 23:20:00,user_350,I hate this problem,#Trending,31,98,5,Hyderabad,Negative,134
1449,2026-09-14 23:25:00,user_404,Python project discussion,#DataAnalytics,338,38,23,Chennai,Neutral,399
3242,2026-09-14 23:27:00,user_457,Data analytics session today,#Technology,786,122,64,Delhi,Neutral,972
2353,2026-09-14 23:28:00,user_422,Fitness workout completed,#Trending,194,29,46,Mumbai,Neutral,269
1591,2026-09-14 23:32:00,user_35,I love this new AI tool,#Technology,253,9,60,Mumbai,Positive,322
9852,2026-09-14 23:34:00,user_159,New information available,#Technology,950,93,36,Hyderabad,Neutral,1079
9392,2026-09-14 23:39:00,user_231,Great technology update,#Technology,393,141,86,Hyderabad,Positive,620
7437,2026-09-14 23:44:00,user_451,Python project discussion,#Bengaluru,720,177,85,Chennai,Neutral,982
7086,2026-09-14 23:52:00,user_301,This failed again,#DataAnalytics,447,92,20,Bengaluru,Negative,559
9653,2026-09-15 00:03:00,user_463,Amazing experience today,#DataAnalytics,147,54,60,Chennai,Positive,261
1018,2026-09-15 00:05:00,user_404,Technology update today,#Fitness,343,129,59,Mumbai,Neutral,531
381,2026-09-15 00:05:00,user_417,Great technology update,#Cricket,62,94,6,Hyderabad,Positive,162
556,2026-09-15 00:11:00,user_216,Great work by the team,#Python,890,88,92,Bengaluru,Positive,1070
7320,2026-09-15 00:12:00,user_479,I love this new AI tool,#Technology,95,68,63,Bengaluru,Positive,226
6939,2026-09-15 00:24:00,user_53,Beautiful day in Bengaluru,#Bengaluru,207,88,99,Pune,Positive,394
378,2026-09-15 00:25:00,user_72,Excellent cricket match,#DataAnalytics,299,122,60,Chennai,Positive,481
5129,2026-09-15 00:26:00,user_339,Weather update from Bengaluru,#Trending,919,193,84,Pune,Neutral,1196
3959,2026-09-15 00:28:00,user_106,New information available,#Technology,287,172,39,Mumbai,Neutral,498
2900,2026-09-15 00:29:00,user_133,Great work by the team,#Cricket,658,126,27,Chennai,Positive,811
8682,2026-09-15 00:31:00,user_262,Amazing experience today,#Bengaluru,14,24,42,Chennai,Positive,80
9391,2026-09-15 00:35:00,user_380,I love this new AI tool,#Trending,432,93,61,Pune,Positive,586
9249,2026-09-15 00:46:00,user_184,Terrible service,#DataAnalytics,462,78,2,Hyderabad,Negative,542
6010,2026-09-15 00:52:00,user_451,Beautiful day in Bengaluru,#Trending,234,60,50,Chennai,Positive,344
8032,2026-09-15 00:55:00,user_307,Worst experience ever,#AI,868,45,76,Delhi,Negative,989
846,2026-09-15 00:58:00,user_127,Amazing experience today,#DataAnalytics,102,29,70,Pune,Positive,201
1119,2026-09-15 01:02:00,user_75,Beautiful day in Bengaluru,#DataAnalytics,885,18,67,Hyderabad,Positive,970
3767,2026-09-15 01:03:00,user_147,Great work by the team,#DataAnalytics,297,1,5,Delhi,Positive,303
9459,2026-09-15 01:06:00,user_200,This failed again,#Technology,364,17,9,Hyderabad,Negative,390
555,2026-09-15 01:07:00,user_344,I love this new AI tool,#Technology,203,11,95,Mumbai,Positive,309
129,2026-09-15 01:20:00,user_65,Python project discussion,#DataAnalytics,702,55,74,Delhi,Neutral,831
5430,2026-09-15 01:22:00,user_383,Great work by the team,#Python,173,19,10,Delhi,Positive,202
3482,2026-09-15 01:22:00,user_379,Worst experience ever,#DataAnalytics,589,163,55,Delhi,Negative,807
8261,2026-09-15 01:30:00,user_331,Beautiful day in Bengaluru,#Technology,20,179,20,Chennai,Positive,219
7373,2026-09-15 01:35:00,user_1,Amazing fitness progress,#Technology,398,143,10,Delhi,Positive,551
1670,2026-09-15 01:36:00,user_128,New information available,#Trending,582,16,21,Hyderabad,Neutral,619
4460,2026-09-15 01:37:00,user_195,This failed again,#DataAnalytics,781,133,25,Bengaluru,Negative,939
6562,2026-09-15 01:38:00,user_64,Data analytics session today,#Technology,994,92,93,Chennai,Neutral,1179
2735,2026-09-15 01:42:00,user_9,New information available,#Trending,568,89,22,Hyderabad,Neutral,679
5364,2026-09-15 01:50:00,user_185,Amazing fitness progress,#Bengaluru,243,104,74,Pune,Positive,421
5720,2026-09-15 01:59:00,user_441,Weather update from Bengaluru,#Fitness,471,21,53,Bengaluru,Neutral,545
1791,2026-09-15 02:01:00,user_461,Amazing experience today,#Technology,440,179,41,Pune,Positive,660
3621,2026-09-15 02:01:00,user_300,I hate this problem,#AI,486,45,48,Mumbai,Negative,579
8049,2026-09-15 02:02:00,user_244,Great work by the team,#DataAnalytics,948,175,78,Pune,Positive,1201
3544,2026-09-15 02:07:00,user_221,Weather update from Bengaluru,#Bengaluru,27,68,26,Mumbai,Neutral,121
7976,2026-09-15 02:08:00,user_174,Python is really useful,#Trending,468,180,98,Mumbai,Neutral,746
5021,2026-09-15 02:08:00,user_86,Python is really useful,#Cricket,824,84,75,Delhi,Neutral,983
7814,2026-09-15 02:20:00,user_340,Worst experience ever,#Python,715,63,39,Bengaluru,Negative,817
1386,2026-09-15 02:21:00,user_254,Poor performance today,#Bengaluru,659,127,30,Hyderabad,Negative,816
948,2026-09-15 02:21:00,user_393,Worst experience ever,#DataAnalytics,488,124,4,Hyderabad,Negative,616
4497,2026-09-15 02:21:00,user_333,AI news update,#DataAnalytics,688,4,96,Pune,Neutral,788
8930,2026-09-15 02:23:00,user_60,I hate this problem,#Python,519,54,25,Chennai,Negative,598
4598,2026-09-15 02:27:00,user_38,Terrible service,#Cricket,688,144,35,Chennai,Negative,867
6663,2026-09-15 02:34:00,user_337,This failed again,#Fitness,449,181,3,Mumbai,Negative,633
6207,2026-09-15 02:34:00,user_77,New information available,#Bengaluru,650,22,39,Chennai,Neutral,711
6786,2026-09-15 02:42:00,user_376,Beautiful day in Bengaluru,#Fitness,819,67,39,Delhi,Positive,925
1958,2026-09-15 02:42:00,user_228,I hate this problem,#Technology,329,85,42,Mumbai,Negative,456
6884,2026-09-15 02:43:00,user_458,Great work by the team,#Technology,973,30,86,Hyderabad,Positive,1089
3674,2026-09-15 02:43:00,user_159,Poor performance today,#Cricket,21,141,79,Pune,Negative,241
4270,2026-09-15 02:49:00,user_113,Poor performance today,#AI,740,12,21,Chennai,Negative,773
5271,2026-09-15 02:51:00,user_336,Beautiful day in Bengaluru,#DataAnalytics,646,2,56,Bengaluru,Positive,704
1180,2026-09-15 03:02:00,user_451,Very disappointing result,#DataAnalytics,509,107,52,Pune,Neutral,668
2730,2026-09-15 03:06:00,user_455,Amazing fitness progress,#Trending,16,41,99,Mumbai,Positive,156
8519,2026-09-15 03:08:00,user_439,I love this new AI tool,#Trending,424,164,45,Pune,Positive,633
6567,2026-09-15 03:12:00,user_465,AI news update,#AI,275,9,72,Pune,Neutral,356
9461,2026-09-15 03:13:00,user_186,Python project discussion,#Fitness,925,74,40,Bengaluru,Neutral,1039
4707,2026-09-15 03:16:00,user_212,Amazing fitness progress,#Python,27,87,75,Pune,Positive,189
1311,2026-09-15 03:20:00,user_473,Poor performance today,#DataAnalytics,74,10,93,Bengaluru,Negative,177
8639,2026-09-15 03:25:00,user_107,Amazing fitness progress,#AI,488,13,32,Mumbai,Positive,533
4367,2026-09-15 03:28:00,user_39,I am angry about this,#AI,909,187,52,Pune,Negative,1148
7750,2026-09-15 03:29:00,user_414,Poor performance today,#Technology,286,79,68,Delhi,Negative,433
3197,2026-09-15 03:44:00,user_116,Excellent cricket match,#Technology,726,103,19,Chennai,Positive,848
4724,2026-09-15 03:44:00,user_21,Python project discussion,#Fitness,589,11,83,Delhi,Neutral,683
4163,2026-09-15 03:48:00,user_216,Great work by the team,#AI,893,98,38,Bengaluru,Positive,1029
9261,2026-09-15 04:04:00,user_27,Great technology update,#Fitness,449,76,79,Bengaluru,Positive,604
3117,2026-09-15 04:19:00,user_29,Amazing fitness progress,#Technology,965,70,73,Delhi,Positive,1108
1787,2026-09-15 04:27:00,user_423,Great technology update,#DataAnalytics,745,115,3,Delhi,Positive,863
7661,2026-09-15 04:27:00,user_34,Data analytics session today,#Fitness,289,97,37,Hyderabad,Neutral,423
749,2026-09-15 04:39:00,user_117,Fitness workout completed,#Python,948,4,90,Delhi,Neutral,1042
8651,2026-09-15 04:41:00,user_122,Fitness workout completed,#Cricket,548,119,58,Bengaluru,Neutral,725
8886,2026-09-15 04:51:00,user_111,New information available,#Bengaluru,792,133,46,Pune,Neutral,971
1620,2026-09-15 04:58:00,user_210,I hate this problem,#Cricket,139,110,99,Delhi,Negative,348
752,2026-09-15 04:59:00,user_426,Amazing fitness progress,#Cricket,966,129,4,Pune,Positive,1099
9860,2026-09-15 05:02:00,user_402,Weather update from Bengaluru,#DataAnalytics,732,114,19,Chennai,Neutral,865
5786,2026-09-15 05:03:00,user_347,Worst experience ever,#Trending,828,41,59,Bengaluru,Negative,928
4157,2026-09-15 05:08:00,user_85,New information available,#Trending,949,175,33,Delhi,Neutral,1157
8069,2026-09-15 05:08:00,user_223,Excellent cricket match,#Fitness,78,131,37,Delhi,Positive,246
8334,2026-09-15 05:10:00,user_488,I am angry about this,#Trending,185,43,13,Hyderabad,Negative,241
6872,2026-09-15 05:27:00,user_260,I love this new AI tool,#AI,820,71,9,Chennai,Positive,900
4534,2026-09-15 05:42:00,user_483,AI news update,#DataAnalytics,657,73,56,Delhi,Neutral,786
5346,2026-09-15 05:51:00,user_487,Fitness workout completed,#Python,621,52,55,Pune,Neutral,728
7370,2026-09-15 05:52:00,user_63,Great technology update,#Trending,523,89,45,Chennai,Positive,657
7133,2026-09-15 05:53:00,user_449,Excellent cricket match,#Fitness,684,160,28,Pune,Positive,872
3423,2026-09-15 05:54:00,user_53,Python project discussion,#Technology,384,45,39,Pune,Neutral,468
1230,2026-09-15 06:01:00,user_198,New information available,#Trending,709,42,30,Delhi,Neutral,781
7860,2026-09-15 06:03:00,user_190,Python is really useful,#Cricket,710,88,24,Pune,Neutral,822
656,2026-09-15 06:08:00,user_53,Amazing fitness progress,#Python,73,196,26,Delhi,Positive,295
2134,2026-09-15 06:19:00,user_435,This failed again,#Trending,748,66,73,Mumbai,Negative,887
9711,2026-09-15 06:25:00,user_306,I love this new AI tool,#DataAnalytics,626,14,89,Bengaluru,Positive,729
1049,2026-09-15 06:34:00,user_273,Beautiful day in Bengaluru,#DataAnalytics,996,27,51,Pune,Positive,1074
2371,2026-09-15 06:42:00,user_97,Terrible service,#Python,187,139,35,Chennai,Negative,361
1900,2026-09-15 06:50:00,user_286,I am angry about this,#Python,316,110,55,Delhi,Negative,481
4453,2026-09-15 06:51:00,user_242,Beautiful day in Bengaluru,#AI,407,5,58,Bengaluru,Positive,470
9299,2026-09-15 07:00:00,user_178,This failed again,#Python,308,196,73,Chennai,Negative,577
2778,2026-09-15 07:11:00,user_492,Amazing experience today,#Technology,854,52,27,Bengaluru,Positive,933
9291,2026-09-15 07:22:00,user_500,Excellent cricket match,#Fitness,807,110,45,Chennai,Positive,962
5049,2026-09-15 07:31:00,user_485,Weather update from Bengaluru,#DataAnalytics,374,35,30,Hyderabad,Neutral,439
3686,2026-09-15 07:37:00,user_423,Python project discussion,#Trending,295,45,46,Pune,Neutral,386
273,2026-09-15 07:39:00,user_147,Python is really useful,#Fitness,19,145,76,Delhi,Neutral,240
9613,2026-09-15 07:42:00,user_173,Great work by the team,#Bengaluru,804,24,11,Delhi,Positive,839
9795,2026-09-15 07:46:00,user_78,I love this new AI tool,#Trending,460,82,46,Delhi,Positive,588
2937,2026-09-15 07:57:00,user_406,Technology update today,#Bengaluru,485,142,77,Delhi,Neutral,704
9325,2026-09-15 07:58:00,user_154,Data analytics session today,#Python,855,153,72,Hyderabad,Neutral,1080
712,2026-09-15 08:13:00,user_116,Python is really useful,#Cricket,162,45,97,Hyderabad,Neutral,304
5227,2026-09-15 08:22:00,user_155,Amazing fitness progress,#Bengaluru,418,40,45,Mumbai,Positive,503
1530,2026-09-15 08:25:00,user_313,Excellent cricket match,#Trending,72,152,55,Hyderabad,Positive,279
4844,2026-09-15 08:27:00,user_324,Python is really useful,#AI,395,86,100,Hyderabad,Neutral,581
6816,2026-09-15 08:34:00,user_500,Great work by the team,#Trending,229,52,87,Chennai,Positive,368
8326,2026-09-15 08:39:00,user_129,This failed again,#Technology,109,108,46,Chennai,Negative,263
7735,2026-09-15 08:48:00,user_35,Python is really useful,#Fitness,702,28,76,Mumbai,Neutral,806
2340,2026-09-15 08:52:00,user_47,I am angry about this,#Trending,601,16,10,Chennai,Negative,627
9250,2026-09-15 08:52:00,user_372,Great technology update,#Fitness,45,36,65,Mumbai,Positive,146
8527,2026-09-15 08:59:00,user_197,I love this new AI tool,#Cricket,760,177,33,Mumbai,Positive,970
4114,2026-09-15 09:05:00,user_240,New information available,#AI,667,95,44,Mumbai,Neutral,806
4305,2026-09-15 09:09:00,user_202,Cricket match scheduled today,#DataAnalytics,647,170,69,Mumbai,Neutral,886
3149,2026-09-15 09:12:00,user_305,Great work by the team,#Bengaluru,889,45,17,Mumbai,Positive,951
5995,2026-09-15 09:25:00,user_360,Excellent cricket match,#Cricket,719,28,42,Bengaluru,Positive,789
4511,2026-09-15 09:25:00,user_452,Technology update today,#Technology,994,75,95,Mumbai,Neutral,1164
5782,2026-09-15 09:26:00,user_26,Cricket match scheduled today,#DataAnalytics,648,28,10,Delhi,Neutral,686
7384,2026-09-15 09:29:00,user_63,I am angry about this,#DataAnalytics,559,141,35,Hyderabad,Negative,735
4720,2026-09-15 09:30:00,user_125,Great work by the team,#Trending,737,118,12,Bengaluru,Positive,867
8113,2026-09-15 09:31:00,user_330,I hate this problem,#Python,726,64,69,Delhi,Negative,859
5279,2026-09-15 09:32:00,user_228,Very disappointing result,#Python,25,153,66,Delhi,Neutral,244
1651,2026-09-15 09:35:00,user_54,AI news update,#AI,154,57,37,Chennai,Neutral,248
3213,2026-09-15 09:40:00,user_428,I love this new AI tool,#Technology,968,173,49,Hyderabad,Positive,1190
4954,2026-09-15 09:50:00,user_496,Weather update from Bengaluru,#Cricket,729,23,64,Pune,Neutral,816
3387,2026-09-15 09:52:00,user_40,Cricket match scheduled today,#Bengaluru,729,59,67,Pune,Neutral,855
6706,2026-09-15 10:00:00,user_168,Python is really useful,#AI,819,55,83,Pune,Neutral,957
7981,2026-09-15 10:03:00,user_103,I love this new AI tool,#Cricket,263,172,98,Bengaluru,Positive,533
7618,2026-09-15 10:04:00,user_144,This failed again,#Bengaluru,619,113,9,Chennai,Negative,741
8884,2026-09-15 10:05:00,user_30,Very disappointing result,#DataAnalytics,113,48,82,Hyderabad,Neutral,243
76,2026-09-15 10:13:00,user_98,Technology update today,#DataAnalytics,559,16,28,Chennai,Neutral,603
6887,2026-09-15 10:20:00,user_496,Technology update today,#Fitness,405,130,59,Mumbai,Neutral,594
5564,2026-09-15 10:21:00,user_247,Terrible service,#Python,206,137,74,Mumbai,Negative,417
8499,2026-09-15 10:28:00,user_59,Amazing fitness progress,#Python,386,57,29,Chennai,Positive,472
5733,2026-09-15 10:29:00,user_443,Python project discussion,#Trending,779,8,77,Chennai,Neutral,864
107,2026-09-15 10:35:00,user_290,Excellent cricket match,#Trending,453,80,12,Chennai,Positive,545
6044,2026-09-15 10:51:00,user_226,Python project discussion,#Cricket,750,153,67,Hyderabad,Neutral,970
7716,2026-09-15 10:52:00,user_253,Python is really useful,#Technology,714,24,29,Chennai,Neutral,767
4605,2026-09-15 11:01:00,user_369,Weather update from Bengaluru,#AI,720,38,48,Hyderabad,Neutral,806
7161,2026-09-15 11:06:00,user_200,Beautiful day in Bengaluru,#DataAnalytics,561,168,81,Mumbai,Positive,810
5530,2026-09-15 11:14:00,user_5,Great technology update,#DataAnalytics,684,123,52,Mumbai,Positive,859
9573,2026-09-15 11:16:00,user_380,Python is really useful,#Cricket,653,41,80,Delhi,Neutral,774
8891,2026-09-15 11:25:00,user_422,Excellent cricket match,#Cricket,257,89,5,Pune,Positive,351
5101,2026-09-15 11:30:00,user_282,Python is really useful,#AI,698,116,65,Mumbai,Neutral,879
1347,2026-09-15 11:31:00,user_38,I love this new AI tool,#AI,539,49,51,Bengaluru,Positive,639
3246,2026-09-15 11:31:00,user_132,Amazing experience today,#Cricket,647,21,87,Chennai,Positive,755
5816,2026-09-15 11:37:00,user_400,Amazing fitness progress,#Python,66,118,2,Pune,Positive,186
6208,2026-09-15 11:39:00,user_277,Python is really useful,#Fitness,538,88,26,Pune,Neutral,652
3969,2026-09-15 11:40:00,user_80,Amazing fitness progress,#Trending,407,167,57,Delhi,Positive,631
2403,2026-09-15 11:40:00,user_285,I love this new AI tool,#Fitness,336,29,88,Delhi,Positive,453
1187,2026-09-15 11:40:00,user_136,Amazing experience today,#Bengaluru,708,2,18,Bengaluru,Positive,728
1907,2026-09-15 11:41:00,user_350,Very disappointing result,#Python,901,105,37,Pune,Neutral,1043
3845,2026-09-15 11:48:00,user_63,Poor performance today,#Python,753,98,23,Hyderabad,Negative,874
7158,2026-09-15 11:55:00,user_76,Poor performance today,#AI,24,154,72,Mumbai,Negative,250
745,2026-09-15 12:06:00,user_389,Great technology update,#Trending,224,191,24,Pune,Positive,439
2429,2026-09-15 12:07:00,user_219,Worst experience ever,#Cricket,737,160,69,Chennai,Negative,966
8081,2026-09-15 12:10:00,user_55,Fitness workout completed,#Cricket,935,196,84,Delhi,Neutral,1215
9858,2026-09-15 12:13:00,user_286,Very disappointing result,#Trending,18,165,7,Delhi,Neutral,190
5390,2026-09-15 12:20:00,user_74,Cricket match scheduled today,#Technology,39,19,78,Delhi,Neutral,136
8058,2026-09-15 12:22:00,user_273,Great technology update,#Technology,159,34,92,Pune,Positive,285
5729,2026-09-15 12:36:00,user_436,AI news update,#Fitness,849,147,3,Mumbai,Neutral,999
4622,2026-09-15 12:39:00,user_125,Data analytics session today,#DataAnalytics,871,122,3,Bengaluru,Neutral,996
4641,2026-09-15 12:42:00,user_473,Technology update today,#Bengaluru,547,198,56,Pune,Neutral,801
3958,2026-09-15 12:53:00,user_236,Amazing fitness progress,#Cricket,495,185,69,Chennai,Positive,749
6889,2026-09-15 12:54:00,user_169,New information available,#Bengaluru,985,104,13,Mumbai,Neutral,1102
5235,2026-09-15 12:55:00,user_315,Terrible service,#Technology,80,137,84,Mumbai,Negative,301
4032,2026-09-15 12:57:00,user_308,Excellent cricket match,#Cricket,492,46,57,Delhi,Positive,595
729,2026-09-15 13:01:00,user_283,I love this new AI tool,#Bengaluru,771,72,16,Hyderabad,Positive,859
6728,2026-09-15 13:03:00,user_236,I am angry about this,#DataAnalytics,250,25,28,Bengaluru,Negative,303
7709,2026-09-15 13:03:00,user_273,Python is really useful,#DataAnalytics,10,113,96,Chennai,Neutral,219
1939,2026-09-15 13:07:00,user_434,Python project discussion,#Bengaluru,942,123,83,Mumbai,Neutral,1148
7515,2026-09-15 13:09:00,user_110,Great work by the team,#Python,362,162,33,Delhi,Positive,557
7900,2026-09-15 13:12:00,user_163,I love this new AI tool,#AI,422,2,87,Mumbai,Positive,511
9111,2026-09-15 13:18:00,user_313,Very disappointing result,#Bengaluru,233,75,91,Mumbai,Neutral,399
1246,2026-09-15 13:20:00,user_368,Fitness workout completed,#AI,665,30,95,Hyderabad,Neutral,790
884,2026-09-15 13:23:00,user_455,Data analytics session today,#DataAnalytics,764,176,21,Mumbai,Neutral,961
3351,2026-09-15 13:31:00,user_192,Excellent cricket match,#Trending,663,139,55,Delhi,Positive,857
3306,2026-09-15 13:44:00,user_311,Great work by the team,#Python,28,2,90,Pune,Positive,120
8934,2026-09-15 13:54:00,user_379,Cricket match scheduled today,#Fitness,873,4,28,Delhi,Neutral,905
3542,2026-09-15 13:55:00,user_422,Excellent cricket match,#Technology,825,143,19,Delhi,Positive,987
3474,2026-09-15 14:05:00,user_451,Data analytics session today,#AI,333,188,47,Pune,Neutral,568
1269,2026-09-15 14:07:00,user_60,Excellent cricket match,#DataAnalytics,916,15,56,Mumbai,Positive,987
3360,2026-09-15 14:11:00,user_127,Great work by the team,#Technology,748,57,7,Hyderabad,Positive,812
4150,2026-09-15 14:14:00,user_174,I love this new AI tool,#DataAnalytics,241,162,80,Mumbai,Positive,483
7306,2026-09-15 14:21:00,user_257,Amazing fitness progress,#AI,330,52,38,Chennai,Positive,420
5166,2026-09-15 14:27:00,user_329,Technology update today,#Python,585,171,52,Chennai,Neutral,808
3578,2026-09-15 14:27:00,user_69,New information available,#AI,963,21,19,Mumbai,Neutral,1003
1256,2026-09-15 14:45:00,user_489,I love this new AI tool,#Python,564,46,36,Chennai,Positive,646
9875,2026-09-15 14:46:00,user_330,I am angry about this,#Bengaluru,879,142,37,Delhi,Negative,1058
7140,2026-09-15 14:48:00,user_171,Cricket match scheduled today,#Technology,140,29,78,Delhi,Neutral,247
4081,2026-09-15 14:48:00,user_33,Great work by the team,#Bengaluru,429,27,94,Bengaluru,Positive,550
8458,2026-09-15 14:51:00,user_465,Worst experience ever,#Bengaluru,883,100,6,Mumbai,Negative,989
1482,2026-09-15 15:00:00,user_324,Cricket match scheduled today,#Fitness,368,26,84,Hyderabad,Neutral,478
4859,2026-09-15 15:08:00,user_307,Excellent cricket match,#DataAnalytics,996,191,4,Chennai,Positive,1191
3186,2026-09-15 15:09:00,user_332,Very disappointing result,#Trending,980,109,97,Chennai,Neutral,1186
3096,2026-09-15 15:18:00,user_333,Python is really useful,#AI,338,19,20,Pune,Neutral,377
8350,2026-09-15 15:20:00,user_112,Amazing experience today,#Trending,449,93,85,Delhi,Positive,627
270,2026-09-15 15:26:00,user_167,Beautiful day in Bengaluru,#DataAnalytics,598,10,98,Mumbai,Positive,706
7124,2026-09-15 15:27:00,user_44,Python is really useful,#Trending,46,148,4,Mumbai,Neutral,198
3840,2026-09-15 15:28:00,user_47,Amazing fitness progress,#Technology,451,23,91,Bengaluru,Positive,565
9256,2026-09-15 15:29:00,user_180,Great technology update,#Python,590,175,8,Delhi,Positive,773
7730,2026-09-15 15:31:00,user_421,Excellent cricket match,#Bengaluru,825,155,22,Mumbai,Positive,1002
5903,2026-09-15 15:32:00,user_66,Python is really useful,#Fitness,683,59,50,Bengaluru,Neutral,792
2249,2026-09-15 15:33:00,user_158,I hate this problem,#Technology,115,11,90,Mumbai,Negative,216
4729,2026-09-15 15:33:00,user_364,Worst experience ever,#Trending,552,123,80,Delhi,Negative,755
6646,2026-09-15 15:34:00,user_144,Amazing fitness progress,#Python,372,164,41,Mumbai,Positive,577
816,2026-09-15 15:35:00,user_72,This failed again,#Cricket,735,108,46,Chennai,Negative,889
6393,2026-09-15 15:35:00,user_112,Amazing experience today,#Bengaluru,538,191,94,Hyderabad,Positive,823
3734,2026-09-15 15:39:00,user_152,Great work by the team,#Fitness,563,3,12,Chennai,Positive,578
3003,2026-09-15 15:42:00,user_409,Weather update from Bengaluru,#Bengaluru,786,81,47,Bengaluru,Neutral,914
2658,2026-09-15 15:46:00,user_204,Amazing fitness progress,#Fitness,73,146,67,Chennai,Positive,286
7913,2026-09-15 15:50:00,user_150,New information available,#AI,790,182,13,Bengaluru,Neutral,985
5281,2026-09-15 16:01:00,user_315,Beautiful day in Bengaluru,#Python,245,140,37,Delhi,Positive,422
3938,2026-09-15 16:06:00,user_470,Data analytics session today,#AI,952,34,82,Pune,Neutral,1068
627,2026-09-15 16:12:00,user_180,Technology update today,#Fitness,869,154,10,Delhi,Neutral,1033
7501,2026-09-15 16:24:00,user_190,I love this new AI tool,#Cricket,49,169,44,Bengaluru,Positive,262
197,2026-09-15 16:29:00,user_299,Poor performance today,#Cricket,164,29,29,Delhi,Negative,222
3590,2026-09-15 16:30:00,user_272,I am angry about this,#Technology,528,156,1,Mumbai,Negative,685
3708,2026-09-15 16:30:00,user_318,Data analytics session today,#Cricket,701,146,29,Hyderabad,Neutral,876
5379,2026-09-15 16:32:00,user_473,Fitness workout completed,#AI,148,74,13,Delhi,Neutral,235
3677,2026-09-15 16:33:00,user_108,Amazing experience today,#Bengaluru,774,134,100,Delhi,Positive,1008
3448,2026-09-15 16:33:00,user_246,This failed again,#Python,191,150,19,Pune,Negative,360
9025,2026-09-15 16:36:00,user_13,Terrible service,#Trending,179,15,11,Bengaluru,Negative,205
4999,2026-09-15 16:43:00,user_166,Great technology update,#Bengaluru,41,169,38,Chennai,Positive,248
8920,2026-09-15 16:44:00,user_206,Technology update today,#Cricket,685,46,72,Hyderabad,Neutral,803
4929,2026-09-15 16:48:00,user_467,Python is really useful,#Python,537,100,55,Pune,Neutral,692
5936,2026-09-15 16:58:00,user_146,Python project discussion,#Cricket,770,43,67,Chennai,Neutral,880
7302,2026-09-15 17:01:00,user_302,Weather update from Bengaluru,#Bengaluru,721,150,20,Bengaluru,Neutral,891
8396,2026-09-15 17:03:00,user_405,Great work by the team,#Fitness,692,84,54,Pune,Positive,830
5326,2026-09-15 17:06:00,user_182,Data analytics session today,#Technology,443,127,80,Chennai,Neutral,650
9502,2026-09-15 17:16:00,user_356,Great technology update,#Python,132,68,9,Chennai,Positive,209
1403,2026-09-15 17:20:00,user_452,Data analytics session today,#Technology,427,86,22,Delhi,Neutral,535
9084,2026-09-15 17:22:00,user_304,Terrible service,#AI,399,129,69,Delhi,Negative,597
2499,2026-09-15 17:24:00,user_313,I love this new AI tool,#Python,852,33,94,Hyderabad,Positive,979
9309,2026-09-15 17:27:00,user_314,Great work by the team,#Trending,778,116,45,Delhi,Positive,939
3368,2026-09-15 17:30:00,user_279,Beautiful day in Bengaluru,#Cricket,823,160,46,Chennai,Positive,1029
2462,2026-09-15 17:33:00,user_401,Terrible service,#Technology,797,121,68,Hyderabad,Negative,986
8257,2026-09-15 17:34:00,user_49,New information available,#Python,68,68,96,Bengaluru,Neutral,232
8030,2026-09-15 17:36:00,user_243,Weather update from Bengaluru,#Technology,931,8,63,Mumbai,Neutral,1002
8555,2026-09-15 17:42:00,user_44,AI news update,#Bengaluru,77,88,100,Hyderabad,Neutral,265
8270,2026-09-15 17:44:00,user_212,I hate this problem,#Fitness,257,41,71,Hyderabad,Negative,369
9223,2026-09-15 17:45:00,user_450,I love this new AI tool,#Fitness,549,37,19,Chennai,Positive,605
8169,2026-09-15 17:47:00,user_35,New information available,#AI,788,139,68,Hyderabad,Neutral,995
3628,2026-09-15 17:51:00,user_235,Fitness workout completed,#Cricket,474,128,29,Pune,Neutral,631
8980,2026-09-15 17:52:00,user_346,Beautiful day in Bengaluru,#Cricket,163,161,62,Bengaluru,Positive,386
3582,2026-09-15 17:52:00,user_2,AI news update,#DataAnalytics,160,101,58,Bengaluru,Neutral,319
6521,2026-09-15 18:02:00,user_142,Great work by the team,#Trending,81,39,59,Mumbai,Positive,179
1495,2026-09-15 18:04:00,user_321,I love this new AI tool,#Bengaluru,600,167,87,Hyderabad,Positive,854
2906,2026-09-15 18:08:00,user_478,Bad experience today,#Python,691,63,51,Bengaluru,Negative,805
7629,2026-09-15 18:17:00,user_415,Great work by the team,#DataAnalytics,573,168,63,Bengaluru,Positive,804
6676,2026-09-15 18:19:00,user_180,Amazing fitness progress,#Bengaluru,415,119,100,Hyderabad,Positive,634
33,2026-09-15 18:20:00,user_422,Technology update today,#Python,636,13,63,Delhi,Neutral,712
7494,2026-09-15 18:27:00,user_86,Beautiful day in Bengaluru,#DataAnalytics,62,195,36,Pune,Positive,293
3018,2026-09-15 18:29:00,user_56,I love this new AI tool,#Technology,578,136,70,Hyderabad,Positive,784
1304,2026-09-15 18:35:00,user_268,Cricket match scheduled today,#AI,392,178,83,Mumbai,Neutral,653
8921,2026-09-15 18:43:00,user_296,Excellent cricket match,#Technology,199,192,6,Pune,Positive,397
1437,2026-09-15 18:46:00,user_41,Poor performance today,#Trending,437,20,38,Chennai,Negative,495
1574,2026-09-15 18:48:00,user_165,New information available,#Cricket,642,104,44,Mumbai,Neutral,790
14,2026-09-15 18:50:00,user_339,Data analytics session today,#Trending,233,177,2,Pune,Neutral,412
4762,2026-09-15 18:54:00,user_87,Python is really useful,#Cricket,788,191,60,Bengaluru,Neutral,1039
8951,2026-09-15 18:57:00,user_17,Bad experience today,#AI,682,120,10,Pune,Negative,812
1173,2026-09-15 19:05:00,user_489,Great work by the team,#Bengaluru,853,83,67,Chennai,Positive,1003
9014,2026-09-15 19:10:00,user_119,Excellent cricket match,#Technology,894,6,14,Mumbai,Positive,914
4348,2026-09-15 19:11:00,user_183,Excellent cricket match,#Python,583,77,24,Bengaluru,Positive,684
7723,2026-09-15 19:14:00,user_108,Python is really useful,#AI,500,22,40,Mumbai,Neutral,562
8793,2026-09-15 19:15:00,user_84,Technology update today,#Python,168,167,68,Pune,Neutral,403
7543,2026-09-15 19:26:00,user_10,Amazing fitness progress,#AI,847,59,32,Mumbai,Positive,938
2685,2026-09-15 19:28:00,user_212,Great work by the team,#Trending,657,112,90,Pune,Positive,859
4661,2026-09-15 19:29:00,user_352,Great work by the team,#Trending,419,167,32,Delhi,Positive,618
1982,2026-09-15 19:30:00,user_106,Terrible service,#Technology,77,26,53,Hyderabad,Negative,156
9224,2026-09-15 19:30:00,user_26,Great work by the team,#Bengaluru,123,188,90,Mumbai,Positive,401
272,2026-09-15 19:32:00,user_252,Weather update from Bengaluru,#Technology,459,149,31,Mumbai,Neutral,639
8354,2026-09-15 19:34:00,user_136,Worst experience ever,#Python,833,28,95,Mumbai,Negative,956
7249,2026-09-15 19:34:00,user_403,Python is really useful,#AI,951,12,47,Chennai,Neutral,1010
4791,2026-09-15 19:49:00,user_310,Beautiful day in Bengaluru,#Python,930,9,23,Chennai,Positive,962
442,2026-09-15 19:50:00,user_40,Great technology update,#Python,289,133,82,Chennai,Positive,504
462,2026-09-15 19:53:00,user_221,Excellent cricket match,#Technology,602,140,24,Hyderabad,Positive,766
4010,2026-09-15 19:56:00,user_121,Excellent cricket match,#DataAnalytics,105,103,26,Hyderabad,Positive,234
5000,2026-09-15 20:02:00,user_458,This failed again,#AI,37,184,60,Mumbai,Negative,281
7940,2026-09-15 20:10:00,user_158,Very disappointing result,#DataAnalytics,534,148,3,Pune,Neutral,685
8372,2026-09-15 20:10:00,user_2,Weather update from Bengaluru,#Trending,947,3,49,Mumbai,Neutral,999
6103,2026-09-15 20:17:00,user_257,Bad experience today,#Trending,434,114,72,Hyderabad,Negative,620
9213,2026-09-15 20:18:00,user_256,New information available,#Bengaluru,938,39,70,Hyderabad,Neutral,1047
9785,2026-09-15 20:22:00,user_450,AI news update,#Technology,15,122,12,Mumbai,Neutral,149
6720,2026-09-15 20:43:00,user_17,Data analytics session today,#DataAnalytics,441,172,39,Pune,Neutral,652
1899,2026-09-15 20:47:00,user_314,Technology update today,#Technology,216,11,90,Hyderabad,Neutral,317
281,2026-09-15 21:01:00,user_264,AI news update,#Technology,598,174,36,Hyderabad,Neutral,808
8844,2026-09-15 21:03:00,user_499,Weather update from Bengaluru,#Bengaluru,617,112,67,Pune,Neutral,796
6282,2026-09-15 21:04:00,user_158,Poor performance today,#Python,599,16,42,Mumbai,Negative,657
103,2026-09-15 21:06:00,user_10,Excellent cricket match,#Cricket,108,165,88,Delhi,Positive,361
972,2026-09-15 21:14:00,user_268,Worst experience ever,#Fitness,222,10,42,Bengaluru,Negative,274
9453,2026-09-15 21:16:00,user_483,I hate this problem,#Trending,193,181,52,Chennai,Negative,426
8799,2026-09-15 21:24:00,user_322,I love this new AI tool,#DataAnalytics,56,126,33,Bengaluru,Positive,215
6152,2026-09-15 21:37:00,user_490,AI news update,#AI,845,121,78,Delhi,Neutral,1044
1293,2026-09-15 21:45:00,user_333,Great work by the team,#Bengaluru,607,196,67,Pune,Positive,870
4318,2026-09-15 21:55:00,user_238,Great technology update,#Cricket,168,90,9,Pune,Positive,267
1402,2026-09-15 22:06:00,user_211,Cricket match scheduled today,#DataAnalytics,764,52,21,Mumbai,Neutral,837
6512,2026-09-15 22:06:00,user_36,Amazing experience today,#Cricket,288,136,38,Delhi,Positive,462
1499,2026-09-15 22:08:00,user_479,AI news update,#DataAnalytics,76,91,18,Bengaluru,Neutral,185
8493,2026-09-15 22:18:00,user_492,Beautiful day in Bengaluru,#Cricket,578,9,58,Bengaluru,Positive,645
8837,2026-09-15 22:21:00,user_191,Beautiful day in Bengaluru,#Bengaluru,285,137,85,Hyderabad,Positive,507
3919,2026-09-15 22:29:00,user_279,This failed again,#DataAnalytics,718,168,52,Chennai,Negative,938
9767,2026-09-15 22:35:00,user_475,Amazing fitness progress,#Cricket,577,72,9,Delhi,Positive,658
1223,2026-09-15 22:38:00,user_40,Great technology update,#Bengaluru,930,45,1,Chennai,Positive,976
3020,2026-09-15 22:44:00,user_135,Python is really useful,#AI,489,84,63,Mumbai,Neutral,636
8509,2026-09-15 22:44:00,user_339,Python is really useful,#Fitness,593,37,87,Pune,Neutral,717
6329,2026-09-15 22:47:00,user_499,Great work by the team,#Fitness,777,155,70,Chennai,Positive,1002
1741,2026-09-15 22:50:00,user_350,Fitness workout completed,#Fitness,475,10,90,Hyderabad,Neutral,575
9227,2026-09-15 22:56:00,user_496,Bad experience today,#DataAnalytics,231,25,38,Bengaluru,Negative,294
1856,2026-09-15 23:00:00,user_489,New information available,#Python,966,1,54,Pune,Neutral,1021
6651,2026-09-15 23:14:00,user_66,I hate this problem,#Fitness,736,101,88,Bengaluru,Negative,925
6983,2026-09-15 23:16:00,user_60,AI news update,#AI,991,141,40,Chennai,Neutral,1172
709,2026-09-15 23:23:00,user_343,Worst experience ever,#Trending,873,19,80,Bengaluru,Negative,972
5671,2026-09-15 23:28:00,user_257,Amazing fitness progress,#Trending,871,195,8,Bengaluru,Positive,1074
2945,2026-09-15 23:28:00,user_232,Terrible service,#Bengaluru,79,137,18,Pune,Negative,234
1743,2026-09-15 23:30:00,user_415,This failed again,#Python,993,11,49,Bengaluru,Negative,1053
8979,2026-09-15 23:34:00,user_32,Fitness workout completed,#AI,741,49,40,Hyderabad,Neutral,830
6473,2026-09-15 23:36:00,user_308,I love this new AI tool,#AI,836,111,8,Bengaluru,Positive,955
2212,2026-09-15 23:44:00,user_43,I love this new AI tool,#Cricket,221,110,59,Chennai,Positive,390
5546,2026-09-15 23:49:00,user_42,Great technology update,#DataAnalytics,920,169,53,Delhi,Positive,1142
1268,2026-09-15 23:59:00,user_432,Beautiful day in Bengaluru,#Bengaluru,354,182,26,Chennai,Positive,562
7250,2026-09-16 00:02:00,user_212,New information available,#Trending,313,84,40,Bengaluru,Neutral,437
3362,2026-09-16 00:08:00,user_140,Bad experience today,#Bengaluru,673,180,10,Mumbai,Negative,863
110,2026-09-16 00:08:00,user_261,Fitness workout completed,#Fitness,593,42,55,Mumbai,Neutral,690
7200,2026-09-16 00:13:00,user_332,Very disappointing result,#DataAnalytics,419,55,54,Hyderabad,Neutral,528
3939,2026-09-16 00:27:00,user_307,Great work by the team,#DataAnalytics,540,128,6,Hyderabad,Positive,674
1192,2026-09-16 00:29:00,user_447,Python project discussion,#Trending,866,190,55,Pune,Neutral,1111
9476,2026-09-16 00:31:00,user_412,Great technology update,#DataAnalytics,16,171,89,Hyderabad,Positive,276
2539,2026-09-16 00:31:00,user_494,Poor performance today,#Python,428,27,83,Bengaluru,Negative,538
9189,2026-09-16 00:33:00,user_143,Amazing experience today,#Technology,430,83,96,Delhi,Positive,609
3320,2026-09-16 00:37:00,user_19,Amazing experience today,#Bengaluru,611,114,30,Bengaluru,Positive,755
9833,2026-09-16 00:39:00,user_189,I love this new AI tool,#DataAnalytics,170,84,23,Bengaluru,Positive,277
7810,2026-09-16 00:39:00,user_239,Excellent cricket match,#Cricket,710,169,60,Delhi,Positive,939
3102,2026-09-16 00:40:00,user_8,Amazing experience today,#Technology,950,173,28,Delhi,Positive,1151
6186,2026-09-16 00:42:00,user_433,I hate this problem,#Python,684,112,33,Chennai,Negative,829
2205,2026-09-16 00:44:00,user_430,Beautiful day in Bengaluru,#Python,23,40,64,Hyderabad,Positive,127
1101,2026-09-16 00:45:00,user_26,New information available,#Cricket,53,41,17,Delhi,Neutral,111
7245,2026-09-16 00:51:00,user_128,Amazing fitness progress,#Python,452,157,45,Chennai,Positive,654
6247,2026-09-16 00:59:00,user_447,Great technology update,#Technology,244,56,96,Pune,Positive,396
2630,2026-09-16 01:14:00,user_52,Amazing experience today,#Python,642,179,92,Mumbai,Positive,913
6539,2026-09-16 01:14:00,user_411,Cricket match scheduled today,#Fitness,945,135,1,Pune,Neutral,1081
7257,2026-09-16 01:18:00,user_438,Very disappointing result,#Technology,698,64,55,Hyderabad,Neutral,817
3094,2026-09-16 01:20:00,user_245,Weather update from Bengaluru,#Technology,172,178,57,Pune,Neutral,407
7416,2026-09-16 01:23:00,user_485,Amazing experience today,#Fitness,188,51,31,Delhi,Positive,270
9731,2026-09-16 01:26:00,user_385,Data analytics session today,#Trending,793,102,59,Pune,Neutral,954
3223,2026-09-16 01:31:00,user_429,New information available,#Bengaluru,725,150,87,Hyderabad,Neutral,962
4653,2026-09-16 01:46:00,user_9,Amazing fitness progress,#AI,716,25,22,Bengaluru,Positive,763
9254,2026-09-16 01:47:00,user_183,AI news update,#Bengaluru,814,115,59,Mumbai,Neutral,988
4955,2026-09-16 02:05:00,user_424,Great technology update,#Bengaluru,913,34,88,Bengaluru,Positive,1035
6223,2026-09-16 02:07:00,user_464,Terrible service,#Trending,137,68,21,Pune,Negative,226
9294,2026-09-16 02:12:00,user_236,Fitness workout completed,#Technology,516,47,23,Delhi,Neutral,586
2013,2026-09-16 02:33:00,user_214,Amazing fitness progress,#AI,313,117,33,Delhi,Positive,463
9815,2026-09-16 02:38:00,user_23,Weather update from Bengaluru,#DataAnalytics,492,3,42,Pune,Neutral,537
3114,2026-09-16 02:44:00,user_347,Excellent cricket match,#Bengaluru,225,109,15,Delhi,Positive,349
5046,2026-09-16 02:45:00,user_43,Terrible service,#Bengaluru,72,95,55,Delhi,Negative,222
7580,2026-09-16 02:48:00,user_60,Weather update from Bengaluru,#Fitness,521,102,47,Delhi,Neutral,670
835,2026-09-16 02:54:00,user_490,Poor performance today,#Fitness,238,147,59,Chennai,Negative,444
5120,2026-09-16 02:57:00,user_289,Python is really useful,#Bengaluru,139,86,41,Bengaluru,Neutral,266
4165,2026-09-16 03:09:00,user_62,Beautiful day in Bengaluru,#Bengaluru,348,117,18,Pune,Positive,483
5317,2026-09-16 03:28:00,user_215,I am angry about this,#Fitness,947,118,2,Bengaluru,Negative,1067
8940,2026-09-16 03:28:00,user_339,Great work by the team,#Cricket,349,7,60,Delhi,Positive,416
7118,2026-09-16 03:40:00,user_410,Beautiful day in Bengaluru,#Trending,95,177,38,Hyderabad,Positive,310
3914,2026-09-16 03:43:00,user_254,Technology update today,#Fitness,270,114,23,Chennai,Neutral,407
1605,2026-09-16 03:46:00,user_200,Technology update today,#Python,564,84,45,Hyderabad,Neutral,693
7176,2026-09-16 03:47:00,user_150,Excellent cricket match,#AI,955,48,55,Bengaluru,Positive,1058
7073,2026-09-16 03:50:00,user_7,Very disappointing result,#Fitness,336,124,56,Bengaluru,Neutral,516
4002,2026-09-16 03:51:00,user_381,Terrible service,#Technology,45,143,51,Bengaluru,Negative,239
5743,2026-09-16 03:59:00,user_161,Beautiful day in Bengaluru,#Technology,777,160,92,Chennai,Positive,1029
1427,2026-09-16 04:03:00,user_166,Data analytics session today,#Python,166,110,75,Hyderabad,Neutral,351
4998,2026-09-16 04:04:00,user_453,Beautiful day in Bengaluru,#Technology,469,9,99,Pune,Positive,577
385,2026-09-16 04:05:00,user_429,Amazing fitness progress,#Technology,247,31,81,Hyderabad,Positive,359
1689,2026-09-16 04:11:00,user_13,Excellent cricket match,#Technology,547,49,86,Pune,Positive,682
3365,2026-09-16 04:14:00,user_279,Technology update today,#Trending,17,6,21,Mumbai,Neutral,44
9675,2026-09-16 04:20:00,user_46,Great work by the team,#Trending,724,75,17,Delhi,Positive,816
5428,2026-09-16 04:30:00,user_177,Amazing fitness progress,#Python,288,107,46,Mumbai,Positive,441
9668,2026-09-16 04:36:00,user_74,Beautiful day in Bengaluru,#Python,451,134,75,Delhi,Positive,660
2720,2026-09-16 04:39:00,user_340,AI news update,#Cricket,266,85,83,Delhi,Neutral,434
3034,2026-09-16 04:48:00,user_393,Great technology update,#Python,588,18,54,Bengaluru,Positive,660
4090,2026-09-16 04:50:00,user_200,I am angry about this,#Python,809,101,43,Pune,Negative,953
5035,2026-09-16 04:55:00,user_263,Weather update from Bengaluru,#Cricket,401,89,64,Hyderabad,Neutral,554
1330,2026-09-16 05:01:00,user_71,Python is really useful,#DataAnalytics,557,30,16,Chennai,Neutral,603
3619,2026-09-16 05:05:00,user_378,Data analytics session today,#Technology,365,158,60,Delhi,Neutral,583
5383,2026-09-16 05:09:00,user_53,Great work by the team,#Cricket,831,96,89,Mumbai,Positive,1016
2545,2026-09-16 05:10:00,user_18,Python project discussion,#Fitness,320,175,60,Pune,Neutral,555
690,2026-09-16 05:15:00,user_43,Excellent cricket match,#Bengaluru,235,120,66,Bengaluru,Positive,421
6410,2026-09-16 05:19:00,user_98,Very disappointing result,#Technology,259,166,49,Bengaluru,Neutral,474
5951,2026-09-16 05:20:00,user_308,AI news update,#Technology,851,164,73,Delhi,Neutral,1088
958,2026-09-16 05:25:00,user_153,Python project discussion,#Fitness,277,129,44,Chennai,Neutral,450
3854,2026-09-16 05:35:00,user_71,Fitness workout completed,#Bengaluru,444,75,56,Pune,Neutral,575
8248,2026-09-16 05:49:00,user_17,Excellent cricket match,#DataAnalytics,315,143,76,Pune,Positive,534
232,2026-09-16 05:55:00,user_114,AI news update,#Technology,174,16,72,Bengaluru,Neutral,262
3680,2026-09-16 06:10:00,user_173,I love this new AI tool,#Technology,209,104,50,Pune,Positive,363
6853,2026-09-16 06:23:00,user_228,New information available,#DataAnalytics,74,176,87,Bengaluru,Neutral,337
9449,2026-09-16 06:26:00,user_89,Excellent cricket match,#Python,128,140,74,Delhi,Positive,342
2087,2026-09-16 06:27:00,user_273,This failed again,#Python,460,127,54,Mumbai,Negative,641
764,2026-09-16 06:31:00,user_103,Data analytics session today,#Technology,747,181,66,Bengaluru,Neutral,994
734,2026-09-16 06:36:00,user_252,This failed again,#Cricket,385,181,69,Chennai,Negative,635
2802,2026-09-16 06:39:00,user_272,Excellent cricket match,#Bengaluru,463,155,71,Hyderabad,Positive,689
4737,2026-09-16 06:46:00,user_19,New information available,#Trending,39,183,40,Bengaluru,Neutral,262
2626,2026-09-16 07:04:00,user_97,Python project discussion,#Cricket,634,182,76,Delhi,Neutral,892
5887,2026-09-16 07:24:00,user_466,Python is really useful,#Fitness,128,164,98,Pune,Neutral,390
5156,2026-09-16 07:26:00,user_139,Amazing experience today,#AI,457,35,38,Delhi,Positive,530
2584,2026-09-16 07:28:00,user_307,Weather update from Bengaluru,#Python,948,75,76,Mumbai,Neutral,1099
5202,2026-09-16 07:28:00,user_337,Python is really useful,#Trending,430,133,51,Chennai,Neutral,614
4820,2026-09-16 07:30:00,user_218,Amazing experience today,#Cricket,709,54,4,Bengaluru,Positive,767
7876,2026-09-16 07:35:00,user_122,Cricket match scheduled today,#AI,175,169,56,Mumbai,Neutral,400
5830,2026-09-16 07:38:00,user_361,Python project discussion,#Cricket,121,7,89,Pune,Neutral,217
928,2026-09-16 07:47:00,user_166,This failed again,#DataAnalytics,493,53,37,Hyderabad,Negative,583
93,2026-09-16 07:50:00,user_431,AI news update,#Bengaluru,817,136,75,Mumbai,Neutral,1028
751,2026-09-16 07:51:00,user_397,Data analytics session today,#Cricket,248,93,9,Pune,Neutral,350
3600,2026-09-16 07:52:00,user_177,Excellent cricket match,#Python,418,118,6,Mumbai,Positive,542
4172,2026-09-16 07:53:00,user_245,Data analytics session today,#Technology,944,60,1,Mumbai,Neutral,1005
7753,2026-09-16 07:58:00,user_274,New information available,#Fitness,163,72,58,Chennai,Neutral,293
9439,2026-09-16 07:59:00,user_200,Excellent cricket match,#DataAnalytics,714,129,25,Mumbai,Positive,868
4451,2026-09-16 08:09:00,user_310,Technology update today,#Cricket,330,130,4,Chennai,Neutral,464
4083,2026-09-16 08:09:00,user_225,Technology update today,#DataAnalytics,831,4,18,Bengaluru,Neutral,853
8077,2026-09-16 08:14:00,user_171,Worst experience ever,#Technology,548,195,60,Chennai,Negative,803
17,2026-09-16 08:16:00,user_129,AI news update,#DataAnalytics,584,82,53,Hyderabad,Neutral,719
1834,2026-09-16 08:18:00,user_454,Amazing experience today,#Bengaluru,82,95,61,Chennai,Positive,238
2491,2026-09-16 08:23:00,user_50,Python is really useful,#Trending,493,54,99,Hyderabad,Neutral,646
6974,2026-09-16 08:26:00,user_427,Data analytics session today,#Python,171,132,26,Pune,Neutral,329
5872,2026-09-16 08:32:00,user_207,Python is really useful,#AI,584,159,97,Delhi,Neutral,840
8152,2026-09-16 08:34:00,user_467,Amazing fitness progress,#AI,730,164,89,Hyderabad,Positive,983
2145,2026-09-16 08:36:00,user_115,Excellent cricket match,#Fitness,243,69,29,Mumbai,Positive,341
2883,2026-09-16 08:37:00,user_3,Beautiful day in Bengaluru,#Bengaluru,615,37,51,Pune,Positive,703
925,2026-09-16 08:42:00,user_469,Python is really useful,#AI,425,58,14,Chennai,Neutral,497
1678,2026-09-16 08:45:00,user_231,Worst experience ever,#DataAnalytics,538,145,97,Pune,Negative,780
969,2026-09-16 08:51:00,user_295,Fitness workout completed,#AI,992,152,66,Pune,Neutral,1210
8227,2026-09-16 08:52:00,user_170,Cricket match scheduled today,#Python,853,169,12,Pune,Neutral,1034
4007,2026-09-16 08:56:00,user_345,Python is really useful,#Trending,353,115,43,Delhi,Neutral,511
6367,2026-09-16 09:02:00,user_273,Bad experience today,#Python,433,69,72,Hyderabad,Negative,574
3577,2026-09-16 09:03:00,user_489,Beautiful day in Bengaluru,#Trending,620,13,74,Hyderabad,Positive,707
3029,2026-09-16 09:05:00,user_159,Data analytics session today,#Technology,251,95,96,Chennai,Neutral,442
1232,2026-09-16 09:09:00,user_444,Great work by the team,#Bengaluru,529,177,88,Bengaluru,Positive,794
9844,2026-09-16 09:09:00,user_79,Technology update today,#Bengaluru,294,26,58,Mumbai,Neutral,378
8903,2026-09-16 09:12:00,user_50,I love this new AI tool,#DataAnalytics,725,183,9,Hyderabad,Positive,917
2343,2026-09-16 09:20:00,user_199,Very disappointing result,#Technology,815,44,7,Mumbai,Neutral,866
2607,2026-09-16 09:25:00,user_283,Fitness workout completed,#DataAnalytics,854,2,25,Pune,Neutral,881
6355,2026-09-16 09:32:00,user_174,Great work by the team,#Trending,951,171,6,Mumbai,Positive,1128
5254,2026-09-16 09:33:00,user_161,Amazing fitness progress,#Cricket,409,184,16,Bengaluru,Positive,609
7426,2026-09-16 09:33:00,user_359,This failed again,#Python,726,95,31,Bengaluru,Negative,852
9041,2026-09-16 09:35:00,user_494,Fitness workout completed,#DataAnalytics,400,157,10,Pune,Neutral,567
9057,2026-09-16 09:45:00,user_407,I love this new AI tool,#DataAnalytics,136,86,86,Bengaluru,Positive,308
4856,2026-09-16 09:45:00,user_434,Python is really useful,#DataAnalytics,714,160,93,Hyderabad,Neutral,967
241,2026-09-16 09:48:00,user_479,Data analytics session today,#AI,196,144,80,Delhi,Neutral,420
5884,2026-09-16 09:50:00,user_465,Fitness workout completed,#Technology,773,48,84,Delhi,Neutral,905
2123,2026-09-16 09:53:00,user_270,Amazing experience today,#Trending,849,21,53,Chennai,Positive,923
3260,2026-09-16 09:53:00,user_138,Terrible service,#Fitness,229,7,8,Delhi,Negative,244
5059,2026-09-16 09:54:00,user_409,Fitness workout completed,#Python,596,61,80,Delhi,Neutral,737
2459,2026-09-16 10:00:00,user_63,I am angry about this,#DataAnalytics,403,95,12,Bengaluru,Negative,510
1773,2026-09-16 10:01:00,user_265,Excellent cricket match,#Trending,407,135,59,Bengaluru,Positive,601
6978,2026-09-16 10:02:00,user_226,Amazing fitness progress,#Technology,666,163,41,Hyderabad,Positive,870
4139,2026-09-16 10:06:00,user_71,New information available,#Cricket,154,40,51,Chennai,Neutral,245
1215,2026-09-16 10:25:00,user_300,This failed again,#Technology,335,18,34,Mumbai,Negative,387
9895,2026-09-16 10:35:00,user_316,Python is really useful,#Trending,679,129,40,Delhi,Neutral,848
9298,2026-09-16 10:40:00,user_35,Beautiful day in Bengaluru,#Bengaluru,524,92,98,Delhi,Positive,714
668,2026-09-16 10:41:00,user_121,Great technology update,#DataAnalytics,36,11,65,Chennai,Positive,112
9276,2026-09-16 10:46:00,user_470,Data analytics session today,#Bengaluru,343,61,53,Chennai,Neutral,457
9902,2026-09-16 10:57:00,user_75,Amazing fitness progress,#Cricket,698,57,80,Pune,Positive,835
5280,2026-09-16 11:17:00,user_172,Amazing fitness progress,#Trending,802,26,64,Delhi,Positive,892
7374,2026-09-16 11:26:00,user_310,Great work by the team,#Bengaluru,838,54,54,Mumbai,Positive,946
7619,2026-09-16 11:30:00,user_197,I love this new AI tool,#Bengaluru,190,102,63,Bengaluru,Positive,355
8890,2026-09-16 11:35:00,user_392,Fitness workout completed,#DataAnalytics,909,17,6,Chennai,Neutral,932
4670,2026-09-16 11:35:00,user_72,New information available,#Cricket,172,59,75,Chennai,Neutral,306
1712,2026-09-16 11:36:00,user_159,Amazing fitness progress,#Technology,110,165,41,Pune,Positive,316
8517,2026-09-16 11:36:00,user_467,Amazing fitness progress,#Bengaluru,484,17,4,Pune,Positive,505
6870,2026-09-16 11:39:00,user_298,AI news update,#Technology,321,58,57,Hyderabad,Neutral,436
7051,2026-09-16 11:53:00,user_117,Fitness workout completed,#Bengaluru,834,106,13,Chennai,Neutral,953
6426,2026-09-16 11:53:00,user_226,Beautiful day in Bengaluru,#AI,300,115,34,Hyderabad,Positive,449
83,2026-09-16 11:55:00,user_128,This failed again,#Fitness,729,20,28,Hyderabad,Negative,777
6396,2026-09-16 12:00:00,user_131,This failed again,#Cricket,226,146,30,Bengaluru,Negative,402
3575,2026-09-16 12:04:00,user_440,I am angry about this,#Python,241,67,20,Chennai,Negative,328
6710,2026-09-16 12:12:00,user_254,Data analytics session today,#DataAnalytics,384,119,20,Chennai,Neutral,523
1042,2026-09-16 12:13:00,user_66,Cricket match scheduled today,#Cricket,707,12,90,Bengaluru,Neutral,809
4476,2026-09-16 12:15:00,user_268,Terrible service,#Cricket,919,68,70,Hyderabad,Negative,1057
4577,2026-09-16 12:17:00,user_193,Amazing experience today,#Bengaluru,961,94,3,Hyderabad,Positive,1058
4607,2026-09-16 12:19:00,user_134,Fitness workout completed,#AI,466,1,91,Mumbai,Neutral,558
2250,2026-09-16 12:20:00,user_416,I love this new AI tool,#Cricket,519,31,64,Hyderabad,Positive,614
2842,2026-09-16 12:28:00,user_396,Beautiful day in Bengaluru,#Fitness,38,33,35,Mumbai,Positive,106
6823,2026-09-16 12:32:00,user_359,Python is really useful,#DataAnalytics,307,192,12,Hyderabad,Neutral,511
8796,2026-09-16 12:42:00,user_279,Excellent cricket match,#Technology,46,35,82,Chennai,Positive,163
5594,2026-09-16 12:46:00,user_342,Python is really useful,#Cricket,805,167,92,Pune,Neutral,1064
7904,2026-09-16 12:46:00,user_183,Python project discussion,#Bengaluru,509,38,2,Bengaluru,Neutral,549
4718,2026-09-16 12:48:00,user_433,I love this new AI tool,#AI,181,192,40,Pune,Positive,413
2008,2026-09-16 12:55:00,user_10,I hate this problem,#DataAnalytics,232,3,20,Hyderabad,Negative,255
7400,2026-09-16 12:55:00,user_59,I am angry about this,#Fitness,468,96,21,Mumbai,Negative,585
7471,2026-09-16 12:56:00,user_211,Poor performance today,#DataAnalytics,36,107,79,Mumbai,Negative,222
1627,2026-09-16 12:58:00,user_393,Beautiful day in Bengaluru,#Bengaluru,949,82,98,Hyderabad,Positive,1129
6802,2026-09-16 13:00:00,user_222,Python project discussion,#Bengaluru,681,138,46,Chennai,Neutral,865
8292,2026-09-16 13:01:00,user_278,New information available,#Python,865,75,58,Chennai,Neutral,998
4353,2026-09-16 13:02:00,user_272,Great work by the team,#Bengaluru,588,121,31,Bengaluru,Positive,740
9082,2026-09-16 13:06:00,user_462,Data analytics session today,#Fitness,476,21,55,Pune,Neutral,552
7291,2026-09-16 13:06:00,user_98,Beautiful day in Bengaluru,#DataAnalytics,710,121,40,Chennai,Positive,871
8249,2026-09-16 13:11:00,user_185,Weather update from Bengaluru,#Technology,633,43,45,Mumbai,Neutral,721
2038,2026-09-16 13:23:00,user_182,Weather update from Bengaluru,#Trending,739,132,59,Chennai,Neutral,930
1150,2026-09-16 13:24:00,user_417,New information available,#Technology,436,86,49,Bengaluru,Neutral,571
6841,2026-09-16 13:28:00,user_124,Amazing experience today,#Cricket,398,132,66,Mumbai,Positive,596
8537,2026-09-16 13:31:00,user_259,I love this new AI tool,#Cricket,982,175,32,Chennai,Positive,1189
8046,2026-09-16 13:35:00,user_451,Worst experience ever,#Cricket,513,35,45,Bengaluru,Negative,593
9687,2026-09-16 13:47:00,user_450,Amazing fitness progress,#Fitness,576,74,60,Chennai,Positive,710
933,2026-09-16 13:48:00,user_105,New information available,#Trending,745,87,19,Hyderabad,Neutral,851
4811,2026-09-16 13:51:00,user_101,Technology update today,#Technology,155,89,68,Mumbai,Neutral,312
4344,2026-09-16 13:56:00,user_98,Python is really useful,#Trending,877,77,39,Bengaluru,Neutral,993
7354,2026-09-16 13:59:00,user_385,Great work by the team,#Cricket,985,16,77,Chennai,Positive,1078
8127,2026-09-16 14:02:00,user_16,Data analytics session today,#AI,590,194,40,Mumbai,Neutral,824
4207,2026-09-16 14:06:00,user_238,Python project discussion,#AI,206,75,65,Bengaluru,Neutral,346
4997,2026-09-16 14:12:00,user_365,Amazing experience today,#Cricket,215,30,17,Delhi,Positive,262
2549,2026-09-16 14:15:00,user_190,Cricket match scheduled today,#Bengaluru,304,105,82,Bengaluru,Neutral,491
7017,2026-09-16 14:26:00,user_215,Great technology update,#Trending,358,142,5,Delhi,Positive,505
4850,2026-09-16 14:41:00,user_167,Data analytics session today,#DataAnalytics,434,15,66,Pune,Neutral,515
278,2026-09-16 14:44:00,user_225,Excellent cricket match,#DataAnalytics,420,89,27,Delhi,Positive,536
9089,2026-09-16 14:59:00,user_66,Amazing fitness progress,#Cricket,432,126,100,Bengaluru,Positive,658
2125,2026-09-16 15:02:00,user_414,Amazing fitness progress,#Bengaluru,530,40,92,Pune,Positive,662
9543,2026-09-16 15:05:00,user_177,I love this new AI tool,#Python,533,1,16,Bengaluru,Positive,550
2813,2026-09-16 15:12:00,user_170,Cricket match scheduled today,#Technology,249,149,71,Bengaluru,Neutral,469
2525,2026-09-16 15:12:00,user_118,Python project discussion,#Technology,495,173,93,Delhi,Neutral,761
607,2026-09-16 15:16:00,user_348,Great work by the team,#Fitness,125,80,18,Hyderabad,Positive,223
1944,2026-09-16 15:17:00,user_60,Python is really useful,#Bengaluru,662,75,62,Bengaluru,Neutral,799
248,2026-09-16 15:18:00,user_105,AI news update,#Bengaluru,338,78,77,Pune,Neutral,493
4292,2026-09-16 15:21:00,user_163,Poor performance today,#Trending,508,178,93,Bengaluru,Negative,779
8667,2026-09-16 15:25:00,user_138,Data analytics session today,#Cricket,30,153,61,Hyderabad,Neutral,244
7349,2026-09-16 15:28:00,user_347,Beautiful day in Bengaluru,#Python,154,199,47,Pune,Positive,400
5007,2026-09-16 15:30:00,user_127,AI news update,#Fitness,415,135,1,Pune,Neutral,551
8004,2026-09-16 15:42:00,user_182,Bad experience today,#AI,852,24,45,Bengaluru,Negative,921
8212,2026-09-16 15:46:00,user_143,Amazing experience today,#Python,509,158,35,Bengaluru,Positive,702
1475,2026-09-16 15:52:00,user_470,Worst experience ever,#DataAnalytics,512,37,99,Pune,Negative,648
4435,2026-09-16 15:57:00,user_241,Amazing experience today,#Python,13,192,15,Hyderabad,Positive,220
6948,2026-09-16 16:07:00,user_249,Excellent cricket match,#Fitness,299,86,62,Mumbai,Positive,447
9601,2026-09-16 16:07:00,user_309,Python is really useful,#Bengaluru,305,11,37,Delhi,Neutral,353
5549,2026-09-16 16:20:00,user_349,Cricket match scheduled today,#Python,257,70,77,Bengaluru,Neutral,404
1488,2026-09-16 16:27:00,user_464,Python is really useful,#DataAnalytics,648,67,29,Bengaluru,Neutral,744
8855,2026-09-16 16:40:00,user_461,Amazing fitness progress,#AI,727,198,51,Delhi,Positive,976
7687,2026-09-16 16:50:00,user_81,I love this new AI tool,#Trending,532,89,99,Hyderabad,Positive,720
521,2026-09-16 16:57:00,user_278,Great technology update,#Technology,498,32,24,Chennai,Positive,554
1946,2026-09-16 17:01:00,user_480,Very disappointing result,#Bengaluru,936,191,97,Chennai,Neutral,1224
9839,2026-09-16 17:04:00,user_128,Amazing experience today,#Trending,856,118,74,Pune,Positive,1048
1632,2026-09-16 17:04:00,user_17,Great technology update,#Fitness,919,105,76,Bengaluru,Positive,1100
5696,2026-09-16 17:05:00,user_338,New information available,#Bengaluru,68,176,31,Bengaluru,Neutral,275
1264,2026-09-16 17:17:00,user_293,Cricket match scheduled today,#Fitness,463,76,22,Hyderabad,Neutral,561
4590,2026-09-16 17:22:00,user_229,Cricket match scheduled today,#AI,389,165,83,Chennai,Neutral,637
2669,2026-09-16 17:29:00,user_254,New information available,#Cricket,418,75,69,Hyderabad,Neutral,562
4898,2026-09-16 17:31:00,user_499,Great work by the team,#Cricket,127,2,7,Chennai,Positive,136
6279,2026-09-16 17:31:00,user_170,Amazing fitness progress,#AI,796,13,84,Mumbai,Positive,893
899,2026-09-16 17:38:00,user_130,I love this new AI tool,#DataAnalytics,388,64,96,Bengaluru,Positive,548
5039,2026-09-16 17:41:00,user_122,Terrible service,#AI,509,172,23,Delhi,Negative,704
6759,2026-09-16 17:41:00,user_199,Weather update from Bengaluru,#Bengaluru,121,60,33,Pune,Neutral,214
6806,2026-09-16 17:45:00,user_229,This failed again,#Bengaluru,486,34,40,Pune,Negative,560
1805,2026-09-16 17:48:00,user_348,Beautiful day in Bengaluru,#Fitness,995,62,93,Hyderabad,Positive,1150
7885,2026-09-16 17:50:00,user_1,I love this new AI tool,#Fitness,782,104,86,Pune,Positive,972
9947,2026-09-16 17:50:00,user_65,Technology update today,#Technology,908,53,1,Delhi,Neutral,962
4183,2026-09-16 17:50:00,user_128,Poor performance today,#Fitness,162,119,63,Chennai,Negative,344
5637,2026-09-16 17:52:00,user_275,Python project discussion,#Cricket,566,110,91,Bengaluru,Neutral,767
3286,2026-09-16 17:59:00,user_207,Cricket match scheduled today,#Trending,239,123,43,Bengaluru,Neutral,405
5197,2026-09-16 18:16:00,user_138,New information available,#Trending,867,137,7,Delhi,Neutral,1011
737,2026-09-16 18:18:00,user_224,Python is really useful,#AI,464,90,6,Hyderabad,Neutral,560
5195,2026-09-16 18:26:00,user_144,Technology update today,#DataAnalytics,102,7,44,Hyderabad,Neutral,153
2183,2026-09-16 18:28:00,user_37,Great work by the team,#Python,583,61,95,Chennai,Positive,739
3776,2026-09-16 18:31:00,user_139,Cricket match scheduled today,#Fitness,791,95,48,Pune,Neutral,934
3111,2026-09-16 18:32:00,user_154,Amazing fitness progress,#DataAnalytics,927,18,70,Hyderabad,Positive,1015
1949,2026-09-16 18:33:00,user_282,Terrible service,#Bengaluru,221,102,94,Hyderabad,Negative,417
3902,2026-09-16 18:33:00,user_316,Cricket match scheduled today,#Technology,557,165,43,Mumbai,Neutral,765
438,2026-09-16 18:41:00,user_22,Technology update today,#Technology,539,134,92,Delhi,Neutral,765
2542,2026-09-16 18:42:00,user_320,Technology update today,#Fitness,450,150,6,Bengaluru,Neutral,606
1446,2026-09-16 18:49:00,user_482,Amazing experience today,#Technology,116,171,11,Mumbai,Positive,298
5089,2026-09-16 18:54:00,user_318,Amazing experience today,#Python,77,154,38,Chennai,Positive,269
8794,2026-09-16 18:57:00,user_468,Amazing experience today,#AI,175,114,10,Mumbai,Positive,299
8140,2026-09-16 18:59:00,user_306,Python project discussion,#AI,772,192,30,Delhi,Neutral,994
7828,2026-09-16 19:00:00,user_321,Amazing fitness progress,#Bengaluru,983,186,10,Mumbai,Positive,1179
2595,2026-09-16 19:04:00,user_190,Data analytics session today,#Bengaluru,777,135,5,Hyderabad,Neutral,917
5137,2026-09-16 19:11:00,user_312,Excellent cricket match,#Fitness,284,42,59,Mumbai,Positive,385
8263,2026-09-16 19:12:00,user_170,Amazing fitness progress,#Cricket,23,166,28,Pune,Positive,217
402,2026-09-16 19:13:00,user_179,Python is really useful,#Technology,312,99,77,Chennai,Neutral,488
9072,2026-09-16 19:15:00,user_143,Amazing fitness progress,#Fitness,910,174,59,Bengaluru,Positive,1143
2682,2026-09-16 19:17:00,user_425,Great work by the team,#Fitness,704,175,42,Chennai,Positive,921
9383,2026-09-16 19:19:00,user_26,Great work by the team,#Cricket,689,180,4,Delhi,Positive,873
3866,2026-09-16 19:22:00,user_415,Cricket match scheduled today,#Python,205,114,40,Mumbai,Neutral,359
4805,2026-09-16 19:23:00,user_212,Beautiful day in Bengaluru,#Fitness,835,112,74,Pune,Positive,1021
8528,2026-09-16 19:27:00,user_87,I am angry about this,#Fitness,248,104,29,Delhi,Negative,381
3495,2026-09-16 19:34:00,user_441,Python is really useful,#AI,512,90,15,Delhi,Neutral,617
7510,2026-09-16 19:34:00,user_441,Amazing fitness progress,#Bengaluru,106,186,59,Delhi,Positive,351
2099,2026-09-16 19:37:00,user_112,Great work by the team,#Trending,414,60,52,Bengaluru,Positive,526
102,2026-09-16 19:38:00,user_230,Python is really useful,#Fitness,732,194,25,Mumbai,Neutral,951
4217,2026-09-16 19:42:00,user_163,Python project discussion,#Bengaluru,556,169,39,Mumbai,Neutral,764
8124,2026-09-16 19:44:00,user_350,I love this new AI tool,#Python,584,157,36,Hyderabad,Positive,777
8327,2026-09-16 19:55:00,user_184,AI news update,#Trending,486,198,49,Chennai,Neutral,733
9734,2026-09-16 19:55:00,user_421,Bad experience today,#Fitness,577,144,42,Bengaluru,Negative,763
730,2026-09-16 19:57:00,user_170,Worst experience ever,#Trending,670,180,1,Bengaluru,Negative,851
6342,2026-09-16 20:01:00,user_315,Poor performance today,#Python,227,37,88,Mumbai,Negative,352
3596,2026-09-16 20:07:00,user_246,New information available,#Technology,382,49,99,Mumbai,Neutral,530
3302,2026-09-16 20:08:00,user_84,Bad experience today,#Python,536,14,84,Hyderabad,Negative,634
1925,2026-09-16 20:12:00,user_385,Great work by the team,#Trending,216,2,57,Hyderabad,Positive,275
8434,2026-09-16 20:14:00,user_246,I love this new AI tool,#Trending,754,23,96,Delhi,Positive,873
7125,2026-09-16 20:17:00,user_204,Amazing experience today,#Technology,491,160,89,Bengaluru,Positive,740
6190,2026-09-16 20:27:00,user_346,Terrible service,#DataAnalytics,521,22,11,Mumbai,Negative,554
5319,2026-09-16 20:30:00,user_366,Poor performance today,#Bengaluru,11,88,46,Hyderabad,Negative,145
7145,2026-09-16 20:38:00,user_264,Cricket match scheduled today,#Cricket,794,144,84,Bengaluru,Neutral,1022
8932,2026-09-16 20:39:00,user_126,Python is really useful,#AI,91,145,60,Bengaluru,Neutral,296
1539,2026-09-16 20:42:00,user_172,Great technology update,#Python,249,136,63,Delhi,Positive,448
3774,2026-09-16 20:45:00,user_338,Python project discussion,#Trending,329,62,75,Delhi,Neutral,466
6891,2026-09-16 20:47:00,user_432,This failed again,#Trending,326,77,59,Hyderabad,Negative,462
1729,2026-09-16 20:51:00,user_435,Amazing fitness progress,#DataAnalytics,859,37,49,Chennai,Positive,945
3025,2026-09-16 20:52:00,user_416,Python is really useful,#Cricket,572,181,91,Chennai,Neutral,844
4656,2026-09-16 20:56:00,user_477,Great work by the team,#Fitness,450,180,95,Hyderabad,Positive,725
177,2026-09-16 21:00:00,user_485,Amazing fitness progress,#DataAnalytics,189,4,36,Mumbai,Positive,229
4086,2026-09-16 21:00:00,user_171,Python is really useful,#Python,470,120,96,Bengaluru,Neutral,686
7097,2026-09-16 21:02:00,user_407,Terrible service,#AI,369,83,34,Bengaluru,Negative,486
8657,2026-09-16 21:03:00,user_466,This failed again,#Bengaluru,531,152,67,Hyderabad,Negative,750
9541,2026-09-16 21:20:00,user_303,Data analytics session today,#Trending,650,45,34,Mumbai,Neutral,729
5144,2026-09-16 21:22:00,user_321,Python is really useful,#Fitness,853,106,32,Hyderabad,Neutral,991
859,2026-09-16 21:24:00,user_344,Poor performance today,#Fitness,100,158,2,Chennai,Negative,260
6222,2026-09-16 21:25:00,user_214,Python project discussion,#Cricket,868,88,66,Bengaluru,Neutral,1022
4583,2026-09-16 21:35:00,user_246,Bad experience today,#Technology,216,183,34,Bengaluru,Negative,433
8673,2026-09-16 21:37:00,user_313,Cricket match scheduled today,#DataAnalytics,419,190,31,Chennai,Neutral,640
90,2026-09-16 21:38:00,user_227,Excellent cricket match,#DataAnalytics,749,153,11,Pune,Positive,913
4215,2026-09-16 21:40:00,user_65,I hate this problem,#Bengaluru,615,198,89,Delhi,Negative,902
5623,2026-09-16 21:40:00,user_468,I love this new AI tool,#Technology,649,29,64,Pune,Positive,742
591,2026-09-16 21:45:00,user_173,Very disappointing result,#DataAnalytics,718,26,36,Hyderabad,Neutral,780
1466,2026-09-16 21:49:00,user_102,I love this new AI tool,#Bengaluru,454,196,86,Chennai,Positive,736
6454,2026-09-16 21:55:00,user_143,Amazing experience today,#Python,10,21,22,Hyderabad,Positive,53
4986,2026-09-16 21:56:00,user_246,Amazing fitness progress,#Trending,584,107,7,Hyderabad,Positive,698
267,2026-09-16 22:04:00,user_380,Beautiful day in Bengaluru,#Cricket,918,87,22,Pune,Positive,1027
8291,2026-09-16 22:10:00,user_302,Fitness workout completed,#Trending,223,169,14,Pune,Neutral,406
6686,2026-09-16 22:12:00,user_319,New information available,#Fitness,166,55,99,Delhi,Neutral,320
503,2026-09-16 22:12:00,user_22,Python is really useful,#Bengaluru,109,73,65,Mumbai,Neutral,247
4624,2026-09-16 22:17:00,user_266,Python is really useful,#DataAnalytics,380,82,18,Chennai,Neutral,480
8134,2026-09-16 22:20:00,user_432,Great work by the team,#Fitness,799,43,15,Delhi,Positive,857
9096,2026-09-16 22:21:00,user_415,I love this new AI tool,#Python,26,52,35,Pune,Positive,113
5262,2026-09-16 22:23:00,user_21,Beautiful day in Bengaluru,#Fitness,500,115,86,Bengaluru,Positive,701
934,2026-09-16 22:31:00,user_464,I love this new AI tool,#Fitness,717,178,92,Pune,Positive,987
105,2026-09-16 22:38:00,user_34,Bad experience today,#Cricket,412,161,23,Mumbai,Negative,596
2255,2026-09-16 22:39:00,user_78,Beautiful day in Bengaluru,#Trending,888,16,53,Mumbai,Positive,957
4897,2026-09-16 22:41:00,user_435,Weather update from Bengaluru,#AI,286,26,93,Pune,Neutral,405
7383,2026-09-16 22:51:00,user_137,Fitness workout completed,#Bengaluru,108,94,65,Chennai,Neutral,267
7099,2026-09-16 22:55:00,user_162,Fitness workout completed,#Cricket,190,17,50,Pune,Neutral,257
1662,2026-09-16 22:58:00,user_195,This failed again,#Bengaluru,944,16,22,Chennai,Negative,982
9602,2026-09-16 23:00:00,user_50,Weather update from Bengaluru,#Trending,792,167,95,Bengaluru,Neutral,1054
6739,2026-09-16 23:02:00,user_392,This failed again,#AI,899,130,26,Bengaluru,Negative,1055
1718,2026-09-16 23:05:00,user_414,Great work by the team,#AI,507,172,69,Hyderabad,Positive,748
9108,2026-09-16 23:08:00,user_93,Data analytics session today,#AI,883,24,39,Delhi,Neutral,946
6805,2026-09-16 23:22:00,user_445,Poor performance today,#Fitness,856,119,37,Hyderabad,Negative,1012
6522,2026-09-16 23:31:00,user_396,Great work by the team,#DataAnalytics,807,130,46,Mumbai,Positive,983
5966,2026-09-16 23:33:00,user_191,Beautiful day in Bengaluru,#Bengaluru,269,165,31,Bengaluru,Positive,465
4526,2026-09-16 23:33:00,user_310,I hate this problem,#DataAnalytics,895,58,56,Pune,Negative,1009
5476,2026-09-16 23:33:00,user_412,Great technology update,#Fitness,252,111,88,Delhi,Positive,451
470,2026-09-16 23:39:00,user_496,I hate this problem,#DataAnalytics,970,35,31,Hyderabad,Negative,1036
3212,2026-09-16 23:47:00,user_360,Technology update today,#AI,367,54,76,Chennai,Neutral,497
2191,2026-09-16 23:54:00,user_192,Bad experience today,#Fitness,826,110,10,Mumbai,Negative,946
9337,2026-09-17 00:02:00,user_236,Very disappointing result,#Technology,396,58,74,Bengaluru,Neutral,528
3132,2026-09-17 00:06:00,user_440,Fitness workout completed,#AI,53,120,29,Hyderabad,Neutral,202
6871,2026-09-17 00:07:00,user_411,Bad experience today,#Trending,956,24,95,Mumbai,Negative,1075
2522,2026-09-17 00:21:00,user_140,AI news update,#Cricket,124,191,80,Hyderabad,Neutral,395
6716,2026-09-17 00:21:00,user_146,Beautiful day in Bengaluru,#Bengaluru,990,74,68,Hyderabad,Positive,1132
3876,2026-09-17 00:28:00,user_476,Cricket match scheduled today,#Python,443,94,79,Mumbai,Neutral,616
9487,2026-09-17 00:28:00,user_181,Python project discussion,#Trending,576,37,35,Hyderabad,Neutral,648
4932,2026-09-17 00:31:00,user_494,I hate this problem,#Bengaluru,387,120,51,Chennai,Negative,558
2003,2026-09-17 00:41:00,user_497,Python is really useful,#Technology,781,194,26,Chennai,Neutral,1001
6840,2026-09-17 00:47:00,user_498,Poor performance today,#Bengaluru,735,136,65,Hyderabad,Negative,936
3667,2026-09-17 00:47:00,user_422,Cricket match scheduled today,#Fitness,320,13,28,Delhi,Neutral,361
472,2026-09-17 00:50:00,user_32,Python is really useful,#DataAnalytics,158,3,16,Chennai,Neutral,177
9642,2026-09-17 00:56:00,user_404,New information available,#Bengaluru,344,119,69,Delhi,Neutral,532
6664,2026-09-17 00:58:00,user_173,Python project discussion,#Technology,830,179,68,Delhi,Neutral,1077
5980,2026-09-17 01:02:00,user_24,Cricket match scheduled today,#Trending,550,100,85,Delhi,Neutral,735
6779,2026-09-17 01:05:00,user_181,Worst experience ever,#DataAnalytics,350,85,81,Bengaluru,Negative,516
7929,2026-09-17 01:08:00,user_420,I am angry about this,#Trending,328,8,9,Chennai,Negative,345
9611,2026-09-17 01:13:00,user_29,Python project discussion,#DataAnalytics,484,156,71,Hyderabad,Neutral,711
2197,2026-09-17 01:22:00,user_369,Great work by the team,#AI,882,162,42,Pune,Positive,1086
6234,2026-09-17 01:25:00,user_91,Poor performance today,#DataAnalytics,640,136,14,Delhi,Negative,790
7734,2026-09-17 01:28:00,user_374,Python is really useful,#Fitness,665,30,51,Delhi,Neutral,746
8210,2026-09-17 01:34:00,user_384,I hate this problem,#Bengaluru,59,39,48,Mumbai,Negative,146
8265,2026-09-17 01:38:00,user_348,Amazing experience today,#AI,461,112,23,Pune,Positive,596
6104,2026-09-17 01:43:00,user_369,Cricket match scheduled today,#AI,998,156,70,Pune,Neutral,1224
57,2026-09-17 01:44:00,user_467,Worst experience ever,#Trending,125,68,58,Pune,Negative,251
1218,2026-09-17 01:45:00,user_488,Great work by the team,#Python,497,130,89,Chennai,Positive,716
9420,2026-09-17 02:09:00,user_229,Amazing fitness progress,#Fitness,110,83,62,Bengaluru,Positive,255
8518,2026-09-17 02:22:00,user_293,I hate this problem,#AI,585,63,93,Delhi,Negative,741
3152,2026-09-17 02:22:00,user_205,Excellent cricket match,#Cricket,261,8,3,Bengaluru,Positive,272
728,2026-09-17 02:24:00,user_283,Python project discussion,#Python,604,133,45,Hyderabad,Neutral,782
7048,2026-09-17 02:26:00,user_378,Fitness workout completed,#Technology,304,107,83,Bengaluru,Neutral,494
883,2026-09-17 02:27:00,user_91,Python is really useful,#Fitness,277,175,92,Hyderabad,Neutral,544
1742,2026-09-17 02:30:00,user_323,Amazing experience today,#Technology,228,18,83,Mumbai,Positive,329
7523,2026-09-17 02:31:00,user_334,Great technology update,#DataAnalytics,497,194,97,Delhi,Positive,788
192,2026-09-17 02:39:00,user_162,Great work by the team,#AI,573,86,63,Chennai,Positive,722
319,2026-09-17 02:43:00,user_281,Excellent cricket match,#DataAnalytics,434,130,5,Pune,Positive,569
4029,2026-09-17 02:45:00,user_185,I love this new AI tool,#Fitness,605,132,12,Mumbai,Positive,749
2338,2026-09-17 02:45:00,user_279,Python is really useful,#AI,292,117,6,Hyderabad,Neutral,415
8812,2026-09-17 02:49:00,user_405,Data analytics session today,#DataAnalytics,485,157,62,Delhi,Neutral,704
1028,2026-09-17 02:52:00,user_40,Poor performance today,#Technology,556,138,11,Delhi,Negative,705
6369,2026-09-17 02:59:00,user_264,Worst experience ever,#AI,484,173,53,Pune,Negative,710
3864,2026-09-17 03:05:00,user_194,I am angry about this,#Fitness,74,95,67,Mumbai,Negative,236
9907,2026-09-17 03:08:00,user_454,Weather update from Bengaluru,#Python,240,187,79,Bengaluru,Neutral,506
4755,2026-09-17 03:13:00,user_167,I love this new AI tool,#Python,935,82,60,Delhi,Positive,1077
4629,2026-09-17 03:14:00,user_60,Data analytics session today,#Python,18,55,15,Mumbai,Neutral,88
2750,2026-09-17 03:16:00,user_356,Fitness workout completed,#Cricket,58,148,74,Chennai,Neutral,280
1213,2026-09-17 03:16:00,user_428,AI news update,#Python,557,195,76,Hyderabad,Neutral,828
3090,2026-09-17 03:32:00,user_155,Great work by the team,#Trending,152,166,79,Hyderabad,Positive,397
68,2026-09-17 03:37:00,user_246,Excellent cricket match,#DataAnalytics,647,151,26,Delhi,Positive,824
8162,2026-09-17 03:40:00,user_238,Amazing fitness progress,#Fitness,713,80,9,Mumbai,Positive,802
572,2026-09-17 03:42:00,user_203,Python project discussion,#Python,119,76,30,Pune,Neutral,225
5180,2026-09-17 03:46:00,user_484,Python is really useful,#Bengaluru,627,66,45,Hyderabad,Neutral,738
6696,2026-09-17 03:51:00,user_89,Data analytics session today,#Trending,519,137,54,Mumbai,Neutral,710
3659,2026-09-17 03:53:00,user_183,Technology update today,#DataAnalytics,198,5,88,Delhi,Neutral,291
7469,2026-09-17 04:01:00,user_448,I hate this problem,#Trending,574,124,21,Mumbai,Negative,719
6276,2026-09-17 04:02:00,user_65,Python is really useful,#Trending,712,61,1,Pune,Neutral,774
1904,2026-09-17 04:05:00,user_66,Great work by the team,#Python,737,21,39,Pune,Positive,797
8798,2026-09-17 04:10:00,user_412,Great technology update,#DataAnalytics,863,200,26,Bengaluru,Positive,1089
9271,2026-09-17 04:17:00,user_338,AI news update,#AI,659,49,43,Bengaluru,Neutral,751
577,2026-09-17 04:18:00,user_287,Excellent cricket match,#Python,441,28,76,Pune,Positive,545
8079,2026-09-17 04:25:00,user_299,Fitness workout completed,#Technology,404,121,38,Hyderabad,Neutral,563
564,2026-09-17 04:27:00,user_122,Fitness workout completed,#Cricket,813,78,18,Pune,Neutral,909
1842,2026-09-17 04:34:00,user_477,Terrible service,#AI,833,32,27,Bengaluru,Negative,892
7918,2026-09-17 04:39:00,user_74,Technology update today,#Cricket,748,30,21,Bengaluru,Neutral,799
8688,2026-09-17 04:39:00,user_489,Excellent cricket match,#DataAnalytics,715,74,98,Bengaluru,Positive,887
8535,2026-09-17 04:40:00,user_391,Weather update from Bengaluru,#Fitness,494,168,54,Bengaluru,Neutral,716
484,2026-09-17 04:41:00,user_244,Cricket match scheduled today,#Fitness,945,145,9,Hyderabad,Neutral,1099
1532,2026-09-17 04:42:00,user_295,I am angry about this,#AI,795,8,43,Hyderabad,Negative,846
1274,2026-09-17 04:50:00,user_194,Great work by the team,#Trending,527,185,1,Chennai,Positive,713
2203,2026-09-17 04:51:00,user_32,I am angry about this,#Trending,332,159,16,Hyderabad,Negative,507
1431,2026-09-17 04:51:00,user_141,Beautiful day in Bengaluru,#AI,660,113,63,Mumbai,Positive,836
7341,2026-09-17 04:54:00,user_110,I hate this problem,#Python,97,191,70,Bengaluru,Negative,358
4164,2026-09-17 04:56:00,user_23,Technology update today,#DataAnalytics,584,140,97,Delhi,Neutral,821
493,2026-09-17 04:59:00,user_63,Fitness workout completed,#Fitness,759,126,100,Delhi,Neutral,985
1932,2026-09-17 05:07:00,user_227,Amazing fitness progress,#Technology,328,123,67,Delhi,Positive,518
9806,2026-09-17 05:09:00,user_451,Beautiful day in Bengaluru,#Fitness,820,113,92,Bengaluru,Positive,1025
6954,2026-09-17 05:22:00,user_229,Beautiful day in Bengaluru,#Python,215,174,82,Delhi,Positive,471
8381,2026-09-17 05:34:00,user_84,Bad experience today,#Technology,901,160,50,Delhi,Negative,1111
8530,2026-09-17 05:39:00,user_281,New information available,#Trending,887,196,72,Hyderabad,Neutral,1155
8905,2026-09-17 05:43:00,user_103,Terrible service,#Trending,956,151,80,Bengaluru,Negative,1187
7777,2026-09-17 05:52:00,user_387,Fitness workout completed,#Technology,521,144,68,Delhi,Neutral,733
1296,2026-09-17 05:55:00,user_428,Amazing fitness progress,#Bengaluru,817,193,59,Pune,Positive,1069
1738,2026-09-17 05:55:00,user_270,Technology update today,#Technology,453,144,47,Chennai,Neutral,644
9293,2026-09-17 06:02:00,user_32,Python is really useful,#Bengaluru,976,44,83,Mumbai,Neutral,1103
6625,2026-09-17 06:04:00,user_102,Great technology update,#Fitness,86,107,1,Delhi,Positive,194
8592,2026-09-17 06:15:00,user_193,Amazing fitness progress,#Fitness,697,163,61,Bengaluru,Positive,921
9001,2026-09-17 06:22:00,user_140,Terrible service,#AI,570,130,28,Pune,Negative,728
4071,2026-09-17 06:27:00,user_354,AI news update,#Cricket,580,125,31,Pune,Neutral,736
4359,2026-09-17 06:28:00,user_72,I hate this problem,#Trending,274,82,32,Bengaluru,Negative,388
6235,2026-09-17 06:29:00,user_323,Excellent cricket match,#Technology,588,30,85,Mumbai,Positive,703
2976,2026-09-17 06:32:00,user_358,New information available,#DataAnalytics,943,147,4,Delhi,Neutral,1094
2154,2026-09-17 06:33:00,user_197,New information available,#Cricket,536,129,98,Delhi,Neutral,763
9,2026-09-17 06:42:00,user_367,Bad experience today,#Cricket,672,28,71,Bengaluru,Negative,771
2374,2026-09-17 06:43:00,user_52,This failed again,#Technology,535,33,87,Pune,Negative,655
3292,2026-09-17 06:47:00,user_479,Python is really useful,#Trending,630,195,93,Chennai,Neutral,918
1783,2026-09-17 06:55:00,user_170,Excellent cricket match,#Bengaluru,427,71,65,Chennai,Positive,563
9081,2026-09-17 06:59:00,user_400,Python project discussion,#Bengaluru,325,103,70,Bengaluru,Neutral,498
2149,2026-09-17 07:09:00,user_160,Python is really useful,#Fitness,110,181,6,Pune,Neutral,297
36,2026-09-17 07:25:00,user_235,Poor performance today,#DataAnalytics,809,75,23,Delhi,Negative,907
6878,2026-09-17 07:25:00,user_145,Python is really useful,#Fitness,818,9,78,Delhi,Neutral,905
4807,2026-09-17 07:26:00,user_84,Weather update from Bengaluru,#Technology,589,73,88,Mumbai,Neutral,750
4977,2026-09-17 07:33:00,user_245,Amazing fitness progress,#Technology,872,119,68,Bengaluru,Positive,1059
9515,2026-09-17 07:36:00,user_196,Excellent cricket match,#Bengaluru,247,40,81,Chennai,Positive,368
4883,2026-09-17 07:36:00,user_238,Fitness workout completed,#DataAnalytics,624,126,79,Pune,Neutral,829
2227,2026-09-17 07:36:00,user_220,AI news update,#AI,936,142,67,Chennai,Neutral,1145
2799,2026-09-17 07:38:00,user_461,New information available,#Technology,865,175,51,Chennai,Neutral,1091
4595,2026-09-17 07:41:00,user_66,Great work by the team,#DataAnalytics,339,146,73,Chennai,Positive,558
8959,2026-09-17 07:41:00,user_268,Fitness workout completed,#DataAnalytics,336,47,32,Pune,Neutral,415
9901,2026-09-17 07:49:00,user_193,AI news update,#DataAnalytics,919,157,82,Delhi,Neutral,1158
7766,2026-09-17 07:57:00,user_389,I love this new AI tool,#Cricket,703,69,85,Chennai,Positive,857
7151,2026-09-17 08:02:00,user_237,Amazing experience today,#AI,576,99,12,Delhi,Positive,687
4654,2026-09-17 08:06:00,user_452,I am angry about this,#Trending,980,9,64,Mumbai,Negative,1053
6009,2026-09-17 08:11:00,user_492,Great technology update,#Technology,411,10,86,Mumbai,Positive,507
5210,2026-09-17 08:13:00,user_487,Worst experience ever,#Bengaluru,320,74,6,Hyderabad,Negative,400
9881,2026-09-17 08:15:00,user_251,Very disappointing result,#Bengaluru,296,27,72,Hyderabad,Neutral,395
2830,2026-09-17 08:24:00,user_322,Technology update today,#Cricket,553,58,78,Chennai,Neutral,689
7204,2026-09-17 08:35:00,user_152,Amazing fitness progress,#Bengaluru,492,78,7,Chennai,Positive,577
6376,2026-09-17 08:40:00,user_139,Very disappointing result,#Technology,843,62,79,Bengaluru,Neutral,984
5646,2026-09-17 08:44:00,user_410,Cricket match scheduled today,#Bengaluru,640,92,82,Bengaluru,Neutral,814
4860,2026-09-17 08:44:00,user_378,Very disappointing result,#AI,421,47,37,Mumbai,Neutral,505
3413,2026-09-17 08:46:00,user_195,I love this new AI tool,#Trending,33,101,95,Chennai,Positive,229
7977,2026-09-17 08:49:00,user_57,Cricket match scheduled today,#Trending,885,197,55,Delhi,Neutral,1137
5200,2026-09-17 08:56:00,user_308,Very disappointing result,#AI,357,95,100,Pune,Neutral,552
4375,2026-09-17 09:00:00,user_257,Data analytics session today,#Technology,308,139,17,Delhi,Neutral,464
2023,2026-09-17 09:04:00,user_246,Great work by the team,#Technology,667,66,3,Mumbai,Positive,736
8259,2026-09-17 09:25:00,user_119,Excellent cricket match,#Trending,845,182,88,Pune,Positive,1115
359,2026-09-17 09:29:00,user_125,Technology update today,#AI,255,165,4,Mumbai,Neutral,424
228,2026-09-17 09:30:00,user_149,New information available,#DataAnalytics,536,103,79,Pune,Neutral,718
6626,2026-09-17 09:31:00,user_5,Terrible service,#Technology,323,122,8,Pune,Negative,453
744,2026-09-17 09:32:00,user_303,Amazing experience today,#Fitness,451,72,25,Chennai,Positive,548
7273,2026-09-17 09:43:00,user_105,Beautiful day in Bengaluru,#Fitness,303,98,76,Chennai,Positive,477
7152,2026-09-17 09:47:00,user_264,Cricket match scheduled today,#Trending,372,1,83,Hyderabad,Neutral,456
7369,2026-09-17 09:47:00,user_197,I am angry about this,#AI,717,140,29,Chennai,Negative,886
3865,2026-09-17 09:52:00,user_385,Great technology update,#Technology,985,132,9,Pune,Positive,1126
9940,2026-09-17 09:54:00,user_93,I love this new AI tool,#Bengaluru,996,149,97,Mumbai,Positive,1242
151,2026-09-17 09:54:00,user_222,Cricket match scheduled today,#AI,792,73,92,Delhi,Neutral,957
7956,2026-09-17 09:57:00,user_125,Python is really useful,#Fitness,784,192,100,Hyderabad,Neutral,1076
4531,2026-09-17 10:01:00,user_131,This failed again,#Cricket,572,78,29,Chennai,Negative,679
4319,2026-09-17 10:04:00,user_321,Fitness workout completed,#Technology,565,153,42,Mumbai,Neutral,760
582,2026-09-17 10:04:00,user_17,Python is really useful,#Bengaluru,414,44,79,Hyderabad,Neutral,537
7481,2026-09-17 10:07:00,user_488,AI news update,#Bengaluru,703,182,2,Mumbai,Neutral,887
7714,2026-09-17 10:16:00,user_468,Technology update today,#Python,306,58,52,Chennai,Neutral,416
2817,2026-09-17 10:19:00,user_409,Amazing experience today,#AI,740,93,18,Hyderabad,Positive,851
8413,2026-09-17 10:19:00,user_352,Great work by the team,#Bengaluru,562,34,46,Bengaluru,Positive,642
3459,2026-09-17 10:25:00,user_20,Data analytics session today,#AI,136,92,67,Bengaluru,Neutral,295
3853,2026-09-17 10:26:00,user_341,Python is really useful,#Bengaluru,277,144,35,Chennai,Neutral,456
352,2026-09-17 10:29:00,user_357,Great work by the team,#Trending,704,161,90,Bengaluru,Positive,955
8848,2026-09-17 10:29:00,user_28,Amazing experience today,#Technology,790,17,53,Delhi,Positive,860
1756,2026-09-17 10:31:00,user_16,Python project discussion,#Python,656,154,81,Pune,Neutral,891
3033,2026-09-17 10:39:00,user_149,Terrible service,#Fitness,291,132,25,Bengaluru,Negative,448
7736,2026-09-17 10:40:00,user_304,AI news update,#Cricket,290,57,71,Mumbai,Neutral,418
4386,2026-09-17 10:43:00,user_56,Cricket match scheduled today,#Trending,422,82,56,Chennai,Neutral,560
7482,2026-09-17 10:45:00,user_85,Amazing experience today,#Technology,226,22,39,Delhi,Positive,287
8659,2026-09-17 10:59:00,user_316,Poor performance today,#Technology,72,110,81,Delhi,Negative,263
12,2026-09-17 10:59:00,user_356,This failed again,#Technology,960,95,31,Bengaluru,Negative,1086
2387,2026-09-17 11:02:00,user_475,Very disappointing result,#Fitness,199,27,75,Bengaluru,Neutral,301
7740,2026-09-17 11:02:00,user_298,This failed again,#Fitness,446,30,62,Delhi,Negative,538
1118,2026-09-17 11:03:00,user_401,Cricket match scheduled today,#Technology,736,154,73,Hyderabad,Neutral,963
9395,2026-09-17 11:08:00,user_468,Bad experience today,#Technology,548,157,17,Mumbai,Negative,722
96,2026-09-17 11:12:00,user_31,AI news update,#DataAnalytics,972,102,56,Mumbai,Neutral,1130
8338,2026-09-17 11:15:00,user_471,Great technology update,#Technology,95,12,7,Mumbai,Positive,114
2696,2026-09-17 11:18:00,user_202,Great technology update,#Trending,882,10,22,Pune,Positive,914
6488,2026-09-17 11:20:00,user_410,I love this new AI tool,#AI,711,74,29,Chennai,Positive,814
2000,2026-09-17 11:21:00,user_89,Bad experience today,#Technology,562,93,26,Pune,Negative,681
9416,2026-09-17 11:24:00,user_338,Bad experience today,#Trending,239,26,74,Chennai,Negative,339
3882,2026-09-17 11:25:00,user_416,I love this new AI tool,#Bengaluru,952,146,22,Hyderabad,Positive,1120
7711,2026-09-17 11:26:00,user_278,Amazing fitness progress,#DataAnalytics,141,30,11,Hyderabad,Positive,182
2162,2026-09-17 11:29:00,user_336,Great work by the team,#AI,930,37,15,Pune,Positive,982
9498,2026-09-17 11:35:00,user_359,Beautiful day in Bengaluru,#Python,741,22,32,Chennai,Positive,795
3516,2026-09-17 11:50:00,user_16,Data analytics session today,#AI,871,141,15,Mumbai,Neutral,1027
6674,2026-09-17 11:55:00,user_118,Amazing fitness progress,#AI,220,16,27,Hyderabad,Positive,263
3388,2026-09-17 11:57:00,user_155,Beautiful day in Bengaluru,#AI,134,46,77,Pune,Positive,257
3579,2026-09-17 12:02:00,user_118,Fitness workout completed,#Fitness,794,99,52,Delhi,Neutral,945
5190,2026-09-17 12:08:00,user_234,Data analytics session today,#Trending,259,11,95,Hyderabad,Neutral,365
8393,2026-09-17 12:09:00,user_156,Fitness workout completed,#DataAnalytics,186,8,55,Delhi,Neutral,249
5505,2026-09-17 12:13:00,user_317,I love this new AI tool,#Cricket,398,48,19,Pune,Positive,465
9208,2026-09-17 12:30:00,user_356,Amazing experience today,#Technology,766,189,28,Chennai,Positive,983
7224,2026-09-17 12:33:00,user_359,New information available,#DataAnalytics,285,190,9,Hyderabad,Neutral,484
7112,2026-09-17 12:36:00,user_32,Python is really useful,#DataAnalytics,331,62,31,Chennai,Neutral,424
619,2026-09-17 12:36:00,user_244,Python is really useful,#Trending,438,25,35,Hyderabad,Neutral,498
3415,2026-09-17 12:38:00,user_84,New information available,#AI,194,1,7,Delhi,Neutral,202
361,2026-09-17 12:41:00,user_387,Terrible service,#DataAnalytics,46,78,24,Chennai,Negative,148
8423,2026-09-17 12:42:00,user_286,Amazing fitness progress,#Fitness,748,143,11,Pune,Positive,902
8922,2026-09-17 12:42:00,user_416,Very disappointing result,#DataAnalytics,526,47,97,Mumbai,Neutral,670
142,2026-09-17 12:43:00,user_430,Great technology update,#Technology,890,148,50,Mumbai,Positive,1088
2885,2026-09-17 12:52:00,user_177,Great technology update,#Python,648,99,82,Bengaluru,Positive,829
1236,2026-09-17 13:00:00,user_44,Fitness workout completed,#Fitness,886,2,28,Delhi,Neutral,916
7286,2026-09-17 13:03:00,user_431,This failed again,#Python,91,65,28,Delhi,Negative,184
5742,2026-09-17 13:05:00,user_353,Weather update from Bengaluru,#Bengaluru,694,96,51,Delhi,Neutral,841
6524,2026-09-17 13:05:00,user_56,Excellent cricket match,#Python,536,168,58,Delhi,Positive,762
1811,2026-09-17 13:10:00,user_435,Great technology update,#Bengaluru,564,47,43,Delhi,Positive,654
9680,2026-09-17 13:15:00,user_251,Weather update from Bengaluru,#Cricket,917,61,38,Bengaluru,Neutral,1016
7776,2026-09-17 13:19:00,user_297,New information available,#Python,993,138,52,Delhi,Neutral,1183
8001,2026-09-17 13:24:00,user_32,Great work by the team,#Bengaluru,338,148,78,Hyderabad,Positive,564
6594,2026-09-17 13:25:00,user_350,Great technology update,#Python,505,3,100,Bengaluru,Positive,608
6192,2026-09-17 13:31:00,user_96,Great work by the team,#Technology,872,183,29,Pune,Positive,1084
7682,2026-09-17 13:37:00,user_381,Cricket match scheduled today,#Technology,396,43,37,Delhi,Neutral,476
334,2026-09-17 13:42:00,user_204,Python project discussion,#DataAnalytics,561,143,78,Hyderabad,Neutral,782
2665,2026-09-17 13:46:00,user_320,Fitness workout completed,#Cricket,198,84,92,Hyderabad,Neutral,374
3346,2026-09-17 13:46:00,user_165,Amazing fitness progress,#DataAnalytics,827,163,63,Pune,Positive,1053
9038,2026-09-17 13:51:00,user_191,Excellent cricket match,#DataAnalytics,868,146,65,Delhi,Positive,1079
5794,2026-09-17 14:01:00,user_41,Bad experience today,#Trending,230,161,34,Chennai,Negative,425
6637,2026-09-17 14:08:00,user_67,Great work by the team,#AI,663,157,75,Mumbai,Positive,895
9382,2026-09-17 14:12:00,user_65,Amazing fitness progress,#Technology,445,5,3,Bengaluru,Positive,453
6923,2026-09-17 14:19:00,user_218,Cricket match scheduled today,#Python,623,177,45,Pune,Neutral,845
7244,2026-09-17 14:20:00,user_94,Python project discussion,#Fitness,544,6,24,Hyderabad,Neutral,574
1890,2026-09-17 14:37:00,user_79,Cricket match scheduled today,#Bengaluru,214,31,31,Pune,Neutral,276
9414,2026-09-17 14:38:00,user_113,Great work by the team,#Trending,161,60,91,Hyderabad,Positive,312
5418,2026-09-17 14:40:00,user_156,Python project discussion,#Technology,129,7,64,Bengaluru,Neutral,200
1411,2026-09-17 14:47:00,user_345,Beautiful day in Bengaluru,#Cricket,922,116,74,Hyderabad,Positive,1112
9774,2026-09-17 14:49:00,user_140,I love this new AI tool,#Python,302,76,85,Bengaluru,Positive,463
5406,2026-09-17 14:52:00,user_165,Fitness workout completed,#Technology,197,55,72,Delhi,Neutral,324
3175,2026-09-17 14:57:00,user_262,Python project discussion,#Bengaluru,444,129,86,Pune,Neutral,659
6078,2026-09-17 15:00:00,user_261,I love this new AI tool,#Bengaluru,948,18,45,Bengaluru,Positive,1011
6534,2026-09-17 15:00:00,user_465,Excellent cricket match,#Technology,456,196,53,Pune,Positive,705
1721,2026-09-17 15:06:00,user_491,AI news update,#Cricket,103,182,7,Pune,Neutral,292
4045,2026-09-17 15:11:00,user_63,I hate this problem,#Fitness,370,101,57,Hyderabad,Negative,528
9133,2026-09-17 15:21:00,user_252,Fitness workout completed,#Trending,390,8,53,Bengaluru,Neutral,451
429,2026-09-17 15:37:00,user_480,Amazing experience today,#AI,208,58,88,Chennai,Positive,354
5062,2026-09-17 15:42:00,user_148,I love this new AI tool,#Technology,939,119,74,Chennai,Positive,1132
8788,2026-09-17 15:50:00,user_323,Amazing experience today,#AI,892,172,37,Chennai,Positive,1101
8454,2026-09-17 15:52:00,user_256,Great work by the team,#Technology,65,59,45,Chennai,Positive,169
6455,2026-09-17 15:57:00,user_386,AI news update,#Python,362,112,64,Chennai,Neutral,538
1369,2026-09-17 15:59:00,user_284,I love this new AI tool,#Cricket,502,178,13,Hyderabad,Positive,693
2313,2026-09-17 16:22:00,user_154,Technology update today,#Fitness,548,64,91,Mumbai,Neutral,703
6586,2026-09-17 16:25:00,user_295,I love this new AI tool,#Trending,740,82,34,Pune,Positive,856
9797,2026-09-17 16:34:00,user_3,I am angry about this,#DataAnalytics,508,13,6,Delhi,Negative,527
384,2026-09-17 16:35:00,user_490,I hate this problem,#Bengaluru,433,127,13,Delhi,Negative,573
176,2026-09-17 16:41:00,user_172,I love this new AI tool,#DataAnalytics,795,180,75,Chennai,Positive,1050
6530,2026-09-17 16:42:00,user_69,Data analytics session today,#Cricket,626,46,67,Chennai,Neutral,739
8096,2026-09-17 16:49:00,user_106,Python is really useful,#Fitness,178,23,79,Bengaluru,Neutral,280
7710,2026-09-17 17:00:00,user_419,Weather update from Bengaluru,#Technology,788,65,43,Pune,Neutral,896
9953,2026-09-17 17:04:00,user_343,Technology update today,#Cricket,248,188,68,Pune,Neutral,504
1786,2026-09-17 17:04:00,user_105,New information available,#Fitness,15,77,39,Delhi,Neutral,131
199,2026-09-17 17:09:00,user_277,Python project discussion,#DataAnalytics,203,171,53,Hyderabad,Neutral,427
4703,2026-09-17 17:09:00,user_96,Poor performance today,#Fitness,665,7,27,Pune,Negative,699
2121,2026-09-17 17:20:00,user_36,I love this new AI tool,#Cricket,535,169,71,Pune,Positive,775
6803,2026-09-17 17:22:00,user_175,I hate this problem,#Python,300,88,65,Bengaluru,Negative,453
1000,2026-09-17 17:23:00,user_312,AI news update,#Fitness,671,46,47,Mumbai,Neutral,764
3661,2026-09-17 17:27:00,user_197,I am angry about this,#Bengaluru,745,103,53,Chennai,Negative,901
7739,2026-09-17 17:29:00,user_468,Data analytics session today,#Fitness,230,5,62,Pune,Neutral,297
3037,2026-09-17 17:30:00,user_415,Weather update from Bengaluru,#Python,962,192,54,Hyderabad,Neutral,1208
497,2026-09-17 17:31:00,user_481,Very disappointing result,#Fitness,88,23,57,Pune,Neutral,168
7820,2026-09-17 17:36:00,user_446,Great work by the team,#Cricket,985,31,70,Hyderabad,Positive,1086
5805,2026-09-17 17:38:00,user_27,Great technology update,#Python,665,78,61,Pune,Positive,804
2052,2026-09-17 18:01:00,user_4,Amazing fitness progress,#Technology,764,154,75,Bengaluru,Positive,993
7835,2026-09-17 18:09:00,user_423,Beautiful day in Bengaluru,#DataAnalytics,865,42,32,Bengaluru,Positive,939
9704,2026-09-17 18:10:00,user_141,AI news update,#Python,876,9,66,Delhi,Neutral,951
4560,2026-09-17 18:11:00,user_416,Python is really useful,#DataAnalytics,917,61,95,Mumbai,Neutral,1073
4148,2026-09-17 18:16:00,user_77,Amazing fitness progress,#DataAnalytics,24,197,8,Pune,Positive,229
8000,2026-09-17 18:20:00,user_384,Python is really useful,#Technology,420,42,91,Chennai,Neutral,553
4126,2026-09-17 18:23:00,user_58,I am angry about this,#Fitness,171,25,62,Bengaluru,Negative,258
3709,2026-09-17 18:31:00,user_270,Excellent cricket match,#Technology,860,28,60,Bengaluru,Positive,948
3192,2026-09-17 18:43:00,user_369,Worst experience ever,#Cricket,934,26,65,Hyderabad,Negative,1025
913,2026-09-17 18:54:00,user_265,I love this new AI tool,#Cricket,590,97,86,Delhi,Positive,773
4484,2026-09-17 19:08:00,user_162,Weather update from Bengaluru,#Trending,326,173,34,Delhi,Neutral,533
5434,2026-09-17 19:09:00,user_175,I love this new AI tool,#DataAnalytics,72,134,60,Delhi,Positive,266
6140,2026-09-17 19:15:00,user_326,Terrible service,#Technology,708,46,55,Mumbai,Negative,809
9879,2026-09-17 19:16:00,user_71,Worst experience ever,#Cricket,210,75,65,Hyderabad,Negative,350
1509,2026-09-17 19:25:00,user_60,Very disappointing result,#AI,18,98,48,Bengaluru,Neutral,164
9353,2026-09-17 19:27:00,user_90,Cricket match scheduled today,#Fitness,782,101,6,Delhi,Neutral,889
9157,2026-09-17 19:28:00,user_311,Excellent cricket match,#DataAnalytics,78,23,3,Delhi,Positive,104
3981,2026-09-17 19:38:00,user_18,I am angry about this,#Bengaluru,495,14,4,Pune,Negative,513
1396,2026-09-17 19:52:00,user_14,I hate this problem,#Trending,742,164,96,Delhi,Negative,1002
8311,2026-09-17 20:05:00,user_23,Terrible service,#DataAnalytics,228,143,91,Mumbai,Negative,462
9522,2026-09-17 20:06:00,user_92,Beautiful day in Bengaluru,#AI,996,180,77,Chennai,Positive,1253
943,2026-09-17 20:08:00,user_181,Great work by the team,#Trending,502,177,44,Hyderabad,Positive,723
7000,2026-09-17 20:09:00,user_419,Great work by the team,#Fitness,739,121,83,Pune,Positive,943
8612,2026-09-17 20:10:00,user_479,Worst experience ever,#DataAnalytics,465,31,35,Delhi,Negative,531
5475,2026-09-17 20:22:00,user_310,Great technology update,#Python,570,106,59,Mumbai,Positive,735
4208,2026-09-17 20:41:00,user_160,Bad experience today,#Technology,60,120,93,Delhi,Negative,273
1306,2026-09-17 20:47:00,user_388,Great work by the team,#AI,870,107,57,Hyderabad,Positive,1034
4573,2026-09-17 20:50:00,user_252,Very disappointing result,#AI,730,136,73,Chennai,Neutral,939
950,2026-09-17 20:59:00,user_17,Cricket match scheduled today,#Python,494,63,58,Chennai,Neutral,615
2718,2026-09-17 21:01:00,user_131,Worst experience ever,#Trending,749,12,46,Chennai,Negative,807
3300,2026-09-17 21:04:00,user_173,New information available,#Fitness,768,119,64,Delhi,Neutral,951
8649,2026-09-17 21:07:00,user_378,Weather update from Bengaluru,#Bengaluru,766,153,1,Mumbai,Neutral,920
8467,2026-09-17 21:09:00,user_408,Terrible service,#Trending,211,117,56,Mumbai,Negative,384
1235,2026-09-17 21:16:00,user_157,Cricket match scheduled today,#Cricket,247,67,38,Pune,Neutral,352
2838,2026-09-17 21:33:00,user_405,Cricket match scheduled today,#Bengaluru,378,86,66,Mumbai,Neutral,530
8021,2026-09-17 21:34:00,user_357,Great technology update,#Fitness,240,193,27,Delhi,Positive,460
4406,2026-09-17 21:39:00,user_328,Excellent cricket match,#Trending,902,104,23,Pune,Positive,1029
644,2026-09-17 21:43:00,user_346,Amazing experience today,#DataAnalytics,828,21,24,Bengaluru,Positive,873
4576,2026-09-17 21:43:00,user_269,This failed again,#DataAnalytics,705,186,84,Delhi,Negative,975
4817,2026-09-17 21:47:00,user_391,AI news update,#DataAnalytics,544,43,19,Bengaluru,Neutral,606
3451,2026-09-17 22:01:00,user_16,AI news update,#DataAnalytics,555,83,94,Bengaluru,Neutral,732
1074,2026-09-17 22:03:00,user_484,Amazing fitness progress,#AI,112,13,90,Chennai,Positive,215
3824,2026-09-17 22:03:00,user_420,Python is really useful,#Fitness,989,101,98,Mumbai,Neutral,1188
4004,2026-09-17 22:06:00,user_127,Amazing fitness progress,#AI,951,22,54,Bengaluru,Positive,1027
3804,2026-09-17 22:10:00,user_386,This failed again,#Bengaluru,75,47,7,Mumbai,Negative,129
31,2026-09-17 22:16:00,user_473,Amazing fitness progress,#Fitness,985,151,18,Chennai,Positive,1154
7979,2026-09-17 22:18:00,user_168,Python is really useful,#Bengaluru,454,192,52,Bengaluru,Neutral,698
422,2026-09-17 22:19:00,user_81,New information available,#Bengaluru,953,64,30,Hyderabad,Neutral,1047
8488,2026-09-17 22:21:00,user_91,Amazing experience today,#Technology,541,163,95,Chennai,Positive,799
1086,2026-09-17 22:22:00,user_308,Excellent cricket match,#Bengaluru,764,63,7,Pune,Positive,834
6606,2026-09-17 22:26:00,user_111,Python is really useful,#DataAnalytics,459,121,7,Pune,Neutral,587
8358,2026-09-17 22:28:00,user_46,Beautiful day in Bengaluru,#DataAnalytics,393,164,84,Delhi,Positive,641
823,2026-09-17 22:32:00,user_119,Bad experience today,#DataAnalytics,24,47,77,Bengaluru,Negative,148
3688,2026-09-17 22:33:00,user_137,Terrible service,#Bengaluru,455,81,58,Chennai,Negative,594
8023,2026-09-17 22:35:00,user_175,Amazing experience today,#Fitness,167,42,95,Delhi,Positive,304
2177,2026-09-17 22:37:00,user_388,New information available,#Cricket,468,125,60,Delhi,Neutral,653
821,2026-09-17 22:37:00,user_209,Python is really useful,#Python,153,128,11,Pune,Neutral,292
3323,2026-09-17 22:39:00,user_230,Weather update from Bengaluru,#Technology,296,144,28,Pune,Neutral,468
8664,2026-09-17 22:48:00,user_293,Poor performance today,#Bengaluru,419,72,81,Chennai,Negative,572
5953,2026-09-17 22:52:00,user_237,I hate this problem,#Python,124,45,96,Chennai,Negative,265
6047,2026-09-17 22:55:00,user_252,Python is really useful,#Fitness,260,76,46,Hyderabad,Neutral,382
8092,2026-09-17 23:03:00,user_12,Beautiful day in Bengaluru,#Fitness,462,40,84,Mumbai,Positive,586
7816,2026-09-17 23:04:00,user_262,Beautiful day in Bengaluru,#Bengaluru,276,58,31,Bengaluru,Positive,365
2466,2026-09-17 23:05:00,user_359,Weather update from Bengaluru,#Technology,563,83,43,Hyderabad,Neutral,689
6620,2026-09-17 23:08:00,user_380,I love this new AI tool,#Trending,926,115,55,Delhi,Positive,1096
5817,2026-09-17 23:10:00,user_257,Amazing fitness progress,#Fitness,820,58,90,Chennai,Positive,968
6176,2026-09-17 23:11:00,user_485,Technology update today,#Python,301,164,16,Pune,Neutral,481
126,2026-09-17 23:11:00,user_452,Poor performance today,#Bengaluru,838,72,30,Chennai,Negative,940
9316,2026-09-17 23:17:00,user_372,Amazing experience today,#Python,327,48,57,Mumbai,Positive,432
3430,2026-09-17 23:18:00,user_45,Weather update from Bengaluru,#Bengaluru,435,59,8,Pune,Neutral,502
6308,2026-09-17 23:24:00,user_384,Python is really useful,#DataAnalytics,253,87,96,Hyderabad,Neutral,436
4382,2026-09-17 23:36:00,user_225,Data analytics session today,#Bengaluru,324,169,46,Delhi,Neutral,539
1372,2026-09-17 23:39:00,user_234,I love this new AI tool,#Fitness,800,189,71,Hyderabad,Positive,1060
6520,2026-09-17 23:44:00,user_446,Python is really useful,#DataAnalytics,749,98,50,Delhi,Neutral,897
7193,2026-09-17 23:45:00,user_232,Terrible service,#AI,57,82,34,Pune,Negative,173
4827,2026-09-17 23:45:00,user_338,Amazing experience today,#Trending,184,82,43,Bengaluru,Positive,309
1974,2026-09-17 23:46:00,user_266,Excellent cricket match,#Python,543,20,83,Delhi,Positive,646
7524,2026-09-17 23:46:00,user_212,Weather update from Bengaluru,#Technology,839,9,21,Bengaluru,Neutral,869
4695,2026-09-17 23:48:00,user_407,Fitness workout completed,#Python,879,144,90,Hyderabad,Neutral,1113
9401,2026-09-17 23:49:00,user_257,I love this new AI tool,#Technology,441,87,71,Chennai,Positive,599
9673,2026-09-17 23:49:00,user_436,Beautiful day in Bengaluru,#Python,122,75,58,Bengaluru,Positive,255
2999,2026-09-17 23:49:00,user_107,Great technology update,#Fitness,693,110,20,Bengaluru,Positive,823
630,2026-09-17 23:54:00,user_121,Fitness workout completed,#Fitness,697,40,52,Bengaluru,Neutral,789
4902,2026-09-17 23:58:00,user_114,I hate this problem,#Technology,775,128,63,Pune,Negative,966
5874,2026-09-18 00:01:00,user_413,Amazing experience today,#AI,892,136,84,Delhi,Positive,1112
2452,2026-09-18 00:02:00,user_239,Python is really useful,#Bengaluru,548,186,44,Bengaluru,Neutral,778
2497,2026-09-18 00:05:00,user_270,Python is really useful,#AI,351,34,49,Hyderabad,Neutral,434
4568,2026-09-18 00:10:00,user_338,I hate this problem,#Python,105,35,27,Mumbai,Negative,167
7488,2026-09-18 00:15:00,user_183,I am angry about this,#DataAnalytics,161,28,3,Pune,Negative,192
1363,2026-09-18 00:24:00,user_131,Excellent cricket match,#Python,162,180,18,Chennai,Positive,360
3335,2026-09-18 00:31:00,user_38,Python is really useful,#AI,175,116,71,Pune,Neutral,362
5189,2026-09-18 00:31:00,user_313,New information available,#DataAnalytics,896,41,52,Hyderabad,Neutral,989
5472,2026-09-18 00:43:00,user_493,Python project discussion,#Trending,996,97,12,Pune,Neutral,1105
9023,2026-09-18 00:44:00,user_167,Cricket match scheduled today,#Bengaluru,476,137,30,Hyderabad,Neutral,643
573,2026-09-18 00:51:00,user_475,Python project discussion,#Trending,70,90,62,Delhi,Neutral,222
6486,2026-09-18 00:59:00,user_160,Excellent cricket match,#Python,323,62,67,Pune,Positive,452
5358,2026-09-18 01:02:00,user_116,Data analytics session today,#Trending,505,134,90,Pune,Neutral,729
7677,2026-09-18 01:09:00,user_436,Amazing experience today,#Technology,82,149,36,Chennai,Positive,267
8763,2026-09-18 01:14:00,user_372,Amazing experience today,#Bengaluru,452,76,13,Mumbai,Positive,541
7562,2026-09-18 01:15:00,user_250,Great technology update,#Bengaluru,546,67,51,Bengaluru,Positive,664
8997,2026-09-18 01:16:00,user_177,Amazing experience today,#Trending,708,39,36,Pune,Positive,783
1723,2026-09-18 01:20:00,user_202,Python is really useful,#Bengaluru,728,171,72,Bengaluru,Neutral,971
3185,2026-09-18 01:27:00,user_279,Weather update from Bengaluru,#Fitness,960,68,48,Delhi,Neutral,1076
1266,2026-09-18 01:34:00,user_462,Beautiful day in Bengaluru,#Bengaluru,19,69,78,Bengaluru,Positive,166
515,2026-09-18 01:42:00,user_480,Excellent cricket match,#Trending,850,19,89,Mumbai,Positive,958
890,2026-09-18 01:44:00,user_414,Great work by the team,#Bengaluru,911,40,66,Bengaluru,Positive,1017
9744,2026-09-18 01:48:00,user_302,AI news update,#Technology,70,88,14,Hyderabad,Neutral,172
5518,2026-09-18 01:51:00,user_388,Great work by the team,#Python,491,52,97,Pune,Positive,640
1685,2026-09-18 01:52:00,user_156,AI news update,#Technology,366,16,88,Chennai,Neutral,470
1812,2026-09-18 01:53:00,user_342,I hate this problem,#Python,373,119,27,Bengaluru,Negative,519
8790,2026-09-18 01:57:00,user_39,Python is really useful,#Cricket,808,16,67,Bengaluru,Neutral,891
4212,2026-09-18 02:02:00,user_413,This failed again,#Technology,393,163,72,Pune,Negative,628
2015,2026-09-18 02:08:00,user_32,AI news update,#Cricket,20,120,40,Chennai,Neutral,180
6031,2026-09-18 02:15:00,user_269,Beautiful day in Bengaluru,#AI,827,45,80,Pune,Positive,952
4689,2026-09-18 02:15:00,user_306,Terrible service,#Technology,897,197,84,Pune,Negative,1178
9549,2026-09-18 02:20:00,user_240,Beautiful day in Bengaluru,#AI,282,176,3,Bengaluru,Positive,461
8574,2026-09-18 02:24:00,user_95,Great work by the team,#Cricket,982,34,9,Pune,Positive,1025
2479,2026-09-18 02:29:00,user_394,Fitness workout completed,#DataAnalytics,807,26,88,Mumbai,Neutral,921
8233,2026-09-18 02:43:00,user_397,Poor performance today,#Cricket,987,170,36,Delhi,Negative,1193
6907,2026-09-18 02:51:00,user_226,This failed again,#Trending,163,104,16,Chennai,Negative,283
1422,2026-09-18 02:56:00,user_302,I love this new AI tool,#Fitness,967,170,61,Bengaluru,Positive,1198
7319,2026-09-18 02:56:00,user_385,Data analytics session today,#Technology,181,55,47,Mumbai,Neutral,283
6033,2026-09-18 03:03:00,user_482,AI news update,#Fitness,250,148,88,Pune,Neutral,486
8577,2026-09-18 03:05:00,user_210,I love this new AI tool,#DataAnalytics,240,182,19,Mumbai,Positive,441
4642,2026-09-18 03:06:00,user_65,I love this new AI tool,#Python,722,45,54,Delhi,Positive,821
9626,2026-09-18 03:16:00,user_53,Cricket match scheduled today,#DataAnalytics,999,95,92,Hyderabad,Neutral,1186
3987,2026-09-18 03:18:00,user_452,Python project discussion,#Cricket,232,122,57,Mumbai,Neutral,411
2135,2026-09-18 03:19:00,user_23,Cricket match scheduled today,#AI,743,80,97,Bengaluru,Neutral,920
2302,2026-09-18 03:27:00,user_354,Excellent cricket match,#Technology,190,20,4,Pune,Positive,214
7102,2026-09-18 03:36:00,user_388,Amazing experience today,#DataAnalytics,240,125,31,Mumbai,Positive,396
8407,2026-09-18 03:37:00,user_17,Great work by the team,#DataAnalytics,495,56,48,Delhi,Positive,599
224,2026-09-18 03:41:00,user_294,Amazing experience today,#Cricket,605,125,40,Delhi,Positive,770
4637,2026-09-18 03:42:00,user_119,Great technology update,#Bengaluru,499,27,6,Pune,Positive,532
9599,2026-09-18 03:50:00,user_381,Data analytics session today,#DataAnalytics,604,85,62,Bengaluru,Neutral,751
7460,2026-09-18 03:52:00,user_483,AI news update,#DataAnalytics,923,180,50,Mumbai,Neutral,1153
9142,2026-09-18 03:56:00,user_268,Cricket match scheduled today,#DataAnalytics,247,105,18,Hyderabad,Neutral,370
6940,2026-09-18 04:03:00,user_308,Great work by the team,#Bengaluru,943,183,63,Mumbai,Positive,1189
8580,2026-09-18 04:03:00,user_478,Excellent cricket match,#Trending,308,172,71,Bengaluru,Positive,551
1060,2026-09-18 04:17:00,user_474,Amazing fitness progress,#Cricket,62,198,89,Mumbai,Positive,349
9513,2026-09-18 04:17:00,user_125,Amazing experience today,#Python,984,179,35,Hyderabad,Positive,1198
3916,2026-09-18 04:19:00,user_410,Great work by the team,#Cricket,30,168,54,Delhi,Positive,252
6986,2026-09-18 04:19:00,user_207,This failed again,#Technology,251,36,41,Delhi,Negative,328
7502,2026-09-18 04:21:00,user_225,Data analytics session today,#Bengaluru,943,32,31,Bengaluru,Neutral,1006
7855,2026-09-18 04:24:00,user_370,Terrible service,#Cricket,43,81,27,Pune,Negative,151
30,2026-09-18 04:26:00,user_431,AI news update,#Cricket,162,119,74,Chennai,Neutral,355
4686,2026-09-18 04:39:00,user_496,Great technology update,#Bengaluru,59,50,63,Pune,Positive,172
2987,2026-09-18 04:43:00,user_256,I hate this problem,#Python,412,131,37,Bengaluru,Negative,580
3795,2026-09-18 04:46:00,user_489,Very disappointing result,#DataAnalytics,728,163,1,Chennai,Neutral,892
6386,2026-09-18 04:47:00,user_257,I am angry about this,#Python,286,140,94,Chennai,Negative,520
1956,2026-09-18 04:51:00,user_394,I hate this problem,#Fitness,409,109,24,Chennai,Negative,542
2973,2026-09-18 05:00:00,user_240,Amazing fitness progress,#Cricket,889,59,3,Chennai,Positive,951
9699,2026-09-18 05:05:00,user_22,Bad experience today,#Trending,674,122,79,Bengaluru,Negative,875
8754,2026-09-18 05:06:00,user_226,I hate this problem,#Trending,697,115,85,Bengaluru,Negative,897
7851,2026-09-18 05:09:00,user_499,Amazing experience today,#Python,979,82,44,Hyderabad,Positive,1105
6257,2026-09-18 05:16:00,user_98,Amazing fitness progress,#Trending,890,88,17,Pune,Positive,995
1673,2026-09-18 05:17:00,user_266,Python project discussion,#Python,731,170,76,Pune,Neutral,977
8317,2026-09-18 05:17:00,user_233,Weather update from Bengaluru,#AI,485,12,39,Pune,Neutral,536
6324,2026-09-18 05:21:00,user_61,Data analytics session today,#Cricket,114,85,40,Chennai,Neutral,239
3475,2026-09-18 05:25:00,user_2,This failed again,#Bengaluru,49,36,40,Delhi,Negative,125
5057,2026-09-18 05:29:00,user_332,Cricket match scheduled today,#Technology,154,38,38,Chennai,Neutral,230
7117,2026-09-18 05:37:00,user_346,This failed again,#Technology,24,134,28,Bengaluru,Negative,186
9558,2026-09-18 05:40:00,user_282,Amazing experience today,#AI,368,22,38,Bengaluru,Positive,428
661,2026-09-18 05:46:00,user_424,Weather update from Bengaluru,#Cricket,205,14,95,Delhi,Neutral,314
2625,2026-09-18 06:04:00,user_73,Technology update today,#Cricket,50,17,91,Hyderabad,Neutral,158
5422,2026-09-18 06:33:00,user_33,Fitness workout completed,#DataAnalytics,101,118,64,Bengaluru,Neutral,283
8445,2026-09-18 06:37:00,user_256,I am angry about this,#Cricket,564,90,78,Delhi,Negative,732
1851,2026-09-18 06:38:00,user_356,Very disappointing result,#Technology,890,90,55,Hyderabad,Neutral,1035
284,2026-09-18 06:40:00,user_247,Great work by the team,#Bengaluru,739,137,94,Chennai,Positive,970
7035,2026-09-18 06:42:00,user_160,Technology update today,#Fitness,899,194,21,Pune,Neutral,1114
6933,2026-09-18 06:44:00,user_463,Fitness workout completed,#Fitness,531,41,70,Bengaluru,Neutral,642
9561,2026-09-18 06:44:00,user_460,Amazing fitness progress,#Technology,192,154,64,Hyderabad,Positive,410
8854,2026-09-18 06:51:00,user_84,This failed again,#Trending,201,64,19,Hyderabad,Negative,284
4989,2026-09-18 06:52:00,user_204,Python project discussion,#Fitness,783,16,87,Pune,Neutral,886
9132,2026-09-18 06:55:00,user_123,Poor performance today,#Technology,732,181,81,Hyderabad,Negative,994
5596,2026-09-18 06:58:00,user_210,Python is really useful,#Technology,906,44,71,Delhi,Neutral,1021
2379,2026-09-18 07:01:00,user_388,Data analytics session today,#Python,52,142,50,Pune,Neutral,244
8981,2026-09-18 07:03:00,user_268,I love this new AI tool,#Trending,374,182,43,Mumbai,Positive,599
620,2026-09-18 07:03:00,user_15,Excellent cricket match,#Technology,190,135,52,Hyderabad,Positive,377
2953,2026-09-18 07:04:00,user_497,New information available,#Python,536,89,95,Pune,Neutral,720
9633,2026-09-18 07:05:00,user_465,Amazing experience today,#Trending,863,127,45,Hyderabad,Positive,1035
5370,2026-09-18 07:10:00,user_434,Beautiful day in Bengaluru,#Fitness,737,82,8,Chennai,Positive,827
7959,2026-09-18 07:13:00,user_349,Great work by the team,#AI,558,71,9,Mumbai,Positive,638
431,2026-09-18 07:14:00,user_234,Great work by the team,#Technology,787,49,38,Delhi,Positive,874
8293,2026-09-18 07:26:00,user_255,Python is really useful,#Cricket,541,17,95,Hyderabad,Neutral,653
8896,2026-09-18 07:31:00,user_37,I love this new AI tool,#Fitness,468,87,21,Delhi,Positive,576
6541,2026-09-18 07:38:00,user_416,Technology update today,#Cricket,238,95,91,Mumbai,Neutral,424
4252,2026-09-18 07:42:00,user_166,AI news update,#Trending,381,186,90,Bengaluru,Neutral,657
8202,2026-09-18 07:44:00,user_34,Weather update from Bengaluru,#AI,180,21,7,Delhi,Neutral,208
4442,2026-09-18 07:48:00,user_49,I hate this problem,#Technology,997,143,42,Hyderabad,Negative,1182
2577,2026-09-18 07:49:00,user_12,Beautiful day in Bengaluru,#Fitness,778,14,17,Bengaluru,Positive,809
4877,2026-09-18 07:51:00,user_468,Amazing experience today,#Trending,545,1,31,Delhi,Positive,577
4926,2026-09-18 07:58:00,user_240,Fitness workout completed,#DataAnalytics,876,188,78,Bengaluru,Neutral,1142
5466,2026-09-18 07:58:00,user_361,I love this new AI tool,#Cricket,851,189,34,Chennai,Positive,1074
6127,2026-09-18 08:14:00,user_19,Amazing experience today,#AI,489,23,27,Chennai,Positive,539
8810,2026-09-18 08:16:00,user_474,Amazing experience today,#Bengaluru,194,123,30,Hyderabad,Positive,347
9989,2026-09-18 08:17:00,user_404,Excellent cricket match,#Fitness,289,172,16,Chennai,Positive,477
1387,2026-09-18 08:21:00,user_216,I love this new AI tool,#Technology,810,47,97,Bengaluru,Positive,954
1136,2026-09-18 08:22:00,user_312,Terrible service,#Python,896,106,61,Mumbai,Negative,1063
7405,2026-09-18 08:23:00,user_208,Worst experience ever,#Trending,125,187,22,Pune,Negative,334
404,2026-09-18 08:24:00,user_127,Worst experience ever,#AI,367,168,65,Delhi,Negative,600
3267,2026-09-18 08:31:00,user_350,AI news update,#Python,620,45,41,Chennai,Neutral,706
9011,2026-09-18 08:34:00,user_49,Excellent cricket match,#DataAnalytics,523,74,67,Chennai,Positive,664
5798,2026-09-18 08:46:00,user_10,Python project discussion,#Technology,995,194,90,Delhi,Neutral,1279
9538,2026-09-18 08:46:00,user_246,Amazing experience today,#Python,391,129,33,Pune,Positive,553
9753,2026-09-18 08:50:00,user_471,Python project discussion,#Fitness,146,59,82,Bengaluru,Neutral,287
966,2026-09-18 08:56:00,user_80,Amazing fitness progress,#Python,880,153,22,Delhi,Positive,1055
7325,2026-09-18 09:04:00,user_312,Fitness workout completed,#Technology,165,76,32,Pune,Neutral,273
3073,2026-09-18 09:10:00,user_142,Beautiful day in Bengaluru,#Fitness,999,73,97,Hyderabad,Positive,1169
4936,2026-09-18 09:14:00,user_292,I love this new AI tool,#DataAnalytics,278,135,51,Delhi,Positive,464
5008,2026-09-18 09:15:00,user_82,Bad experience today,#DataAnalytics,135,116,62,Pune,Negative,313
6411,2026-09-18 09:18:00,user_295,Bad experience today,#Bengaluru,40,110,37,Pune,Negative,187
3988,2026-09-18 09:19:00,user_321,Great technology update,#Trending,197,86,81,Bengaluru,Positive,364
5261,2026-09-18 09:23:00,user_438,Great work by the team,#Technology,65,69,27,Chennai,Positive,161
9670,2026-09-18 09:24:00,user_331,Amazing fitness progress,#Technology,358,136,27,Hyderabad,Positive,521
9149,2026-09-18 09:30:00,user_252,Amazing fitness progress,#Python,646,175,65,Mumbai,Positive,886
4389,2026-09-18 09:36:00,user_406,Great work by the team,#Cricket,952,15,3,Hyderabad,Positive,970
2769,2026-09-18 09:40:00,user_212,Very disappointing result,#AI,147,73,68,Mumbai,Neutral,288
6415,2026-09-18 09:50:00,user_495,Great work by the team,#Technology,925,132,96,Delhi,Positive,1153
4819,2026-09-18 09:53:00,user_17,Excellent cricket match,#AI,25,30,100,Hyderabad,Positive,155
8072,2026-09-18 09:59:00,user_61,Python project discussion,#Fitness,199,93,35,Hyderabad,Neutral,327
1037,2026-09-18 10:02:00,user_453,Excellent cricket match,#AI,503,147,8,Chennai,Positive,658
4504,2026-09-18 10:17:00,user_54,I hate this problem,#Python,31,80,69,Delhi,Negative,180
1998,2026-09-18 10:21:00,user_288,Weather update from Bengaluru,#Trending,604,178,32,Mumbai,Neutral,814
5226,2026-09-18 10:22:00,user_443,I hate this problem,#DataAnalytics,206,114,81,Delhi,Negative,401
7339,2026-09-18 10:22:00,user_165,Bad experience today,#Fitness,223,124,25,Chennai,Negative,372
7817,2026-09-18 10:26:00,user_475,Beautiful day in Bengaluru,#Fitness,623,113,81,Mumbai,Positive,817
5389,2026-09-18 10:31:00,user_96,Terrible service,#Bengaluru,265,185,91,Pune,Negative,541
8335,2026-09-18 10:32:00,user_450,Amazing fitness progress,#AI,716,97,3,Hyderabad,Positive,816
6431,2026-09-18 10:33:00,user_134,New information available,#Bengaluru,657,138,33,Pune,Neutral,828
3910,2026-09-18 10:36:00,user_171,Amazing fitness progress,#Bengaluru,636,53,71,Mumbai,Positive,760
1310,2026-09-18 10:38:00,user_477,Worst experience ever,#Python,880,176,37,Delhi,Negative,1093
8911,2026-09-18 10:39:00,user_426,Data analytics session today,#Bengaluru,17,113,73,Pune,Neutral,203
9192,2026-09-18 10:41:00,user_234,Python is really useful,#Bengaluru,125,78,88,Pune,Neutral,291
2508,2026-09-18 10:43:00,user_102,Poor performance today,#Python,173,190,62,Bengaluru,Negative,425
8064,2026-09-18 10:51:00,user_330,Amazing experience today,#DataAnalytics,560,194,39,Mumbai,Positive,793
7292,2026-09-18 10:54:00,user_293,Technology update today,#Technology,259,110,1,Chennai,Neutral,370
4991,2026-09-18 10:58:00,user_96,Great work by the team,#AI,896,177,4,Chennai,Positive,1077
4806,2026-09-18 10:59:00,user_212,Great technology update,#Trending,862,112,9,Chennai,Positive,983
7010,2026-09-18 11:05:00,user_366,Cricket match scheduled today,#Python,419,140,11,Mumbai,Neutral,570
9402,2026-09-18 11:07:00,user_451,Beautiful day in Bengaluru,#Cricket,175,13,24,Hyderabad,Positive,212
7357,2026-09-18 11:11:00,user_380,Python is really useful,#Technology,467,83,1,Bengaluru,Neutral,551
6421,2026-09-18 11:16:00,user_129,Amazing fitness progress,#AI,180,55,14,Pune,Positive,249
5717,2026-09-18 11:17:00,user_400,Cricket match scheduled today,#DataAnalytics,426,81,62,Hyderabad,Neutral,569
5643,2026-09-18 11:25:00,user_474,Amazing experience today,#Fitness,860,23,68,Hyderabad,Positive,951
7942,2026-09-18 11:31:00,user_125,Worst experience ever,#Fitness,599,40,75,Bengaluru,Negative,714
3878,2026-09-18 11:34:00,user_87,Amazing fitness progress,#Trending,414,55,60,Bengaluru,Positive,529
891,2026-09-18 11:39:00,user_51,Data analytics session today,#DataAnalytics,805,114,81,Bengaluru,Neutral,1000
2915,2026-09-18 11:40:00,user_68,Excellent cricket match,#Bengaluru,802,164,14,Pune,Positive,980
3654,2026-09-18 11:41:00,user_292,Python is really useful,#DataAnalytics,701,68,32,Pune,Neutral,801
3040,2026-09-18 11:56:00,user_409,I am angry about this,#Trending,336,128,21,Hyderabad,Negative,485
1876,2026-09-18 11:59:00,user_461,Python project discussion,#Cricket,825,34,45,Chennai,Neutral,904
9528,2026-09-18 12:05:00,user_86,Technology update today,#Technology,797,164,49,Delhi,Neutral,1010
4210,2026-09-18 12:06:00,user_309,Great work by the team,#Python,151,49,17,Hyderabad,Positive,217
9006,2026-09-18 12:14:00,user_325,Amazing fitness progress,#Fitness,915,40,84,Hyderabad,Positive,1039
9344,2026-09-18 12:20:00,user_267,Very disappointing result,#Trending,770,35,42,Delhi,Neutral,847
5543,2026-09-18 12:21:00,user_339,AI news update,#DataAnalytics,762,185,26,Mumbai,Neutral,973
9440,2026-09-18 12:22:00,user_21,Cricket match scheduled today,#AI,763,138,44,Chennai,Neutral,945
7691,2026-09-18 12:30:00,user_451,Data analytics session today,#Cricket,844,115,22,Hyderabad,Neutral,981
808,2026-09-18 12:43:00,user_282,I am angry about this,#AI,823,76,64,Mumbai,Negative,963
8838,2026-09-18 12:45:00,user_13,I hate this problem,#Python,815,190,17,Hyderabad,Negative,1022
6108,2026-09-18 12:58:00,user_218,Very disappointing result,#Trending,980,108,73,Delhi,Neutral,1161
1772,2026-09-18 13:00:00,user_276,Python project discussion,#Python,902,94,56,Pune,Neutral,1052
5893,2026-09-18 13:08:00,user_294,Python is really useful,#Python,21,200,45,Chennai,Neutral,266
2048,2026-09-18 13:08:00,user_228,Bad experience today,#Python,256,75,61,Chennai,Negative,392
3258,2026-09-18 13:13:00,user_378,Python project discussion,#DataAnalytics,786,27,5,Delhi,Neutral,818
5692,2026-09-18 13:14:00,user_145,Poor performance today,#AI,936,182,42,Pune,Negative,1160
9843,2026-09-18 13:23:00,user_462,I hate this problem,#Cricket,538,50,43,Mumbai,Negative,631
1599,2026-09-18 13:24:00,user_224,Beautiful day in Bengaluru,#Python,305,144,17,Bengaluru,Positive,466
137,2026-09-18 13:30:00,user_105,Fitness workout completed,#Python,523,136,14,Delhi,Neutral,673
2850,2026-09-18 13:35:00,user_308,Terrible service,#Python,651,19,98,Hyderabad,Negative,768
7407,2026-09-18 13:35:00,user_470,Weather update from Bengaluru,#AI,910,30,8,Chennai,Neutral,948
447,2026-09-18 13:35:00,user_345,Worst experience ever,#Bengaluru,566,12,9,Chennai,Negative,587
4529,2026-09-18 13:47:00,user_329,Data analytics session today,#Trending,652,20,89,Hyderabad,Neutral,761
9406,2026-09-18 13:50:00,user_406,Weather update from Bengaluru,#DataAnalytics,328,187,34,Chennai,Neutral,549
5043,2026-09-18 13:53:00,user_309,Data analytics session today,#Fitness,382,116,18,Mumbai,Neutral,516
5553,2026-09-18 13:53:00,user_60,Excellent cricket match,#Cricket,502,199,89,Chennai,Positive,790
6113,2026-09-18 14:09:00,user_423,Bad experience today,#Technology,436,142,20,Pune,Negative,598
621,2026-09-18 14:11:00,user_171,Amazing fitness progress,#Python,972,150,7,Bengaluru,Positive,1129
128,2026-09-18 14:15:00,user_7,Excellent cricket match,#Technology,955,100,50,Pune,Positive,1105
2405,2026-09-18 14:25:00,user_189,New information available,#Python,818,124,56,Hyderabad,Neutral,998
7651,2026-09-18 14:35:00,user_272,New information available,#AI,631,36,78,Pune,Neutral,745
1365,2026-09-18 14:39:00,user_144,Technology update today,#Technology,912,183,24,Mumbai,Neutral,1119
3122,2026-09-18 14:44:00,user_42,Data analytics session today,#Cricket,659,96,85,Hyderabad,Neutral,840
8017,2026-09-18 14:50:00,user_256,Great technology update,#DataAnalytics,871,82,87,Mumbai,Positive,1040
7309,2026-09-18 15:01:00,user_361,AI news update,#Cricket,498,136,99,Hyderabad,Neutral,733
6963,2026-09-18 15:02:00,user_238,Beautiful day in Bengaluru,#Technology,633,20,37,Mumbai,Positive,690
7799,2026-09-18 15:02:00,user_77,Python is really useful,#Bengaluru,773,156,66,Pune,Neutral,995
6581,2026-09-18 15:03:00,user_446,Amazing fitness progress,#Python,74,57,92,Pune,Positive,223
2956,2026-09-18 15:03:00,user_148,Fitness workout completed,#Technology,561,112,11,Chennai,Neutral,684
7003,2026-09-18 15:03:00,user_103,I love this new AI tool,#Bengaluru,625,175,61,Mumbai,Positive,861
2523,2026-09-18 15:08:00,user_85,Fitness workout completed,#Technology,900,184,54,Chennai,Neutral,1138
1789,2026-09-18 15:14:00,user_313,Beautiful day in Bengaluru,#AI,105,93,63,Chennai,Positive,261
5320,2026-09-18 15:20:00,user_141,Bad experience today,#Trending,823,83,70,Mumbai,Negative,976
8576,2026-09-18 15:24:00,user_140,Fitness workout completed,#Python,626,197,30,Chennai,Neutral,853
20,2026-09-18 15:27:00,user_405,I love this new AI tool,#AI,915,13,42,Bengaluru,Positive,970
642,2026-09-18 15:27:00,user_217,Amazing experience today,#Fitness,147,46,43,Chennai,Positive,236
2106,2026-09-18 15:31:00,user_202,I hate this problem,#DataAnalytics,164,10,39,Chennai,Negative,213
609,2026-09-18 15:34:00,user_204,Excellent cricket match,#DataAnalytics,621,176,62,Chennai,Positive,859
7170,2026-09-18 15:37:00,user_116,Amazing experience today,#Fitness,445,87,45,Pune,Positive,577
4613,2026-09-18 15:39:00,user_352,AI news update,#Trending,60,170,76,Pune,Neutral,306
4636,2026-09-18 15:45:00,user_268,Great work by the team,#AI,612,7,92,Hyderabad,Positive,711
727,2026-09-18 15:46:00,user_10,Data analytics session today,#Technology,89,77,72,Pune,Neutral,238
7194,2026-09-18 15:49:00,user_394,Beautiful day in Bengaluru,#Fitness,299,95,63,Delhi,Positive,457
4728,2026-09-18 15:58:00,user_210,Poor performance today,#AI,489,146,9,Pune,Negative,644
2398,2026-09-18 16:12:00,user_173,Excellent cricket match,#Fitness,14,184,16,Delhi,Positive,214
3692,2026-09-18 16:13:00,user_345,Poor performance today,#Technology,687,48,60,Pune,Negative,795
991,2026-09-18 16:24:00,user_119,Technology update today,#AI,822,128,62,Mumbai,Neutral,1012
4650,2026-09-18 16:25:00,user_236,AI news update,#Python,318,86,84,Chennai,Neutral,488
1517,2026-09-18 16:28:00,user_229,Python is really useful,#AI,983,27,1,Bengaluru,Neutral,1011
7765,2026-09-18 16:31:00,user_209,Excellent cricket match,#Bengaluru,813,131,76,Mumbai,Positive,1020
2791,2026-09-18 16:35:00,user_241,Amazing fitness progress,#Trending,473,178,42,Bengaluru,Positive,693
6349,2026-09-18 16:42:00,user_58,Python is really useful,#Bengaluru,306,84,79,Delhi,Neutral,469
5706,2026-09-18 16:43:00,user_36,This failed again,#Bengaluru,831,143,87,Mumbai,Negative,1061
7417,2026-09-18 16:46:00,user_460,Amazing experience today,#Fitness,297,6,49,Mumbai,Positive,352
3559,2026-09-18 16:52:00,user_150,I love this new AI tool,#DataAnalytics,433,125,20,Hyderabad,Positive,578
97,2026-09-18 16:56:00,user_261,I love this new AI tool,#Cricket,798,148,49,Hyderabad,Positive,995
3723,2026-09-18 16:57:00,user_429,Great work by the team,#Trending,472,107,81,Chennai,Positive,660
6882,2026-09-18 17:00:00,user_256,Very disappointing result,#Python,502,37,28,Chennai,Neutral,567
6900,2026-09-18 17:01:00,user_478,Python is really useful,#Cricket,58,55,18,Hyderabad,Neutral,131
6184,2026-09-18 17:05:00,user_146,Beautiful day in Bengaluru,#DataAnalytics,424,94,69,Bengaluru,Positive,587
1390,2026-09-18 17:12:00,user_473,Great technology update,#Technology,247,38,22,Delhi,Positive,307
6003,2026-09-18 17:14:00,user_4,Weather update from Bengaluru,#Bengaluru,238,5,75,Mumbai,Neutral,318
1731,2026-09-18 17:20:00,user_230,Great work by the team,#Bengaluru,949,112,39,Pune,Positive,1100
9783,2026-09-18 17:20:00,user_338,Python is really useful,#Trending,861,16,34,Pune,Neutral,911
6922,2026-09-18 17:29:00,user_380,I hate this problem,#AI,673,184,72,Mumbai,Negative,929
5683,2026-09-18 17:31:00,user_155,Amazing fitness progress,#Bengaluru,25,165,26,Mumbai,Positive,216
2944,2026-09-18 17:40:00,user_328,New information available,#Fitness,950,51,81,Mumbai,Neutral,1082
7334,2026-09-18 17:44:00,user_416,Very disappointing result,#Bengaluru,627,74,79,Mumbai,Neutral,780
4482,2026-09-18 17:44:00,user_125,Cricket match scheduled today,#Fitness,140,142,3,Pune,Neutral,285
3883,2026-09-18 17:49:00,user_7,Excellent cricket match,#Cricket,127,186,24,Mumbai,Positive,337
7914,2026-09-18 17:51:00,user_91,Technology update today,#Bengaluru,32,77,91,Delhi,Neutral,200
6863,2026-09-18 17:55:00,user_272,Great work by the team,#Bengaluru,120,3,65,Delhi,Positive,188
9590,2026-09-18 17:56:00,user_181,Python is really useful,#Fitness,255,44,52,Chennai,Neutral,351
9272,2026-09-18 18:05:00,user_453,Excellent cricket match,#AI,669,81,47,Delhi,Positive,797
5330,2026-09-18 18:05:00,user_139,Great technology update,#Bengaluru,436,187,22,Hyderabad,Positive,645
5307,2026-09-18 18:05:00,user_114,Fitness workout completed,#Python,404,157,81,Mumbai,Neutral,642
9851,2026-09-18 18:08:00,user_274,Python is really useful,#Fitness,174,38,20,Pune,Neutral,232
1769,2026-09-18 18:11:00,user_173,Python project discussion,#Python,656,1,76,Bengaluru,Neutral,733
7769,2026-09-18 18:12:00,user_169,Great technology update,#Cricket,273,68,16,Chennai,Positive,357
7623,2026-09-18 18:28:00,user_435,Bad experience today,#Cricket,786,4,63,Bengaluru,Negative,853
4696,2026-09-18 18:31:00,user_299,Python project discussion,#AI,187,26,8,Delhi,Neutral,221
5818,2026-09-18 18:31:00,user_59,Great technology update,#Bengaluru,323,89,15,Delhi,Positive,427
8034,2026-09-18 18:35:00,user_478,Very disappointing result,#AI,272,179,84,Bengaluru,Neutral,535
9725,2026-09-18 18:45:00,user_237,Very disappointing result,#Trending,283,102,84,Chennai,Neutral,469
1478,2026-09-18 18:45:00,user_273,I love this new AI tool,#Technology,23,144,92,Bengaluru,Positive,259
3157,2026-09-18 18:51:00,user_257,Fitness workout completed,#Technology,25,102,98,Delhi,Neutral,225
2616,2026-09-18 18:52:00,user_287,Worst experience ever,#DataAnalytics,647,50,94,Hyderabad,Negative,791
8159,2026-09-18 18:55:00,user_383,I hate this problem,#Technology,688,196,33,Chennai,Negative,917
9853,2026-09-18 18:58:00,user_174,I am angry about this,#Bengaluru,632,101,49,Chennai,Negative,782
2544,2026-09-18 19:04:00,user_354,Great technology update,#AI,155,53,20,Bengaluru,Positive,228
8757,2026-09-18 19:04:00,user_346,Amazing experience today,#Cricket,231,18,5,Pune,Positive,254
8236,2026-09-18 19:05:00,user_103,Great technology update,#Cricket,995,145,14,Hyderabad,Positive,1154
1185,2026-09-18 19:17:00,user_230,Data analytics session today,#Python,594,3,100,Hyderabad,Neutral,697
1934,2026-09-18 19:18:00,user_37,Great technology update,#Cricket,697,159,10,Pune,Positive,866
6737,2026-09-18 19:20:00,user_100,Amazing fitness progress,#DataAnalytics,650,149,62,Mumbai,Positive,861
3640,2026-09-18 19:25:00,user_437,Python project discussion,#Trending,913,57,41,Hyderabad,Neutral,1011
7310,2026-09-18 19:26:00,user_410,I love this new AI tool,#Python,734,36,29,Hyderabad,Positive,799
9547,2026-09-18 19:26:00,user_96,Weather update from Bengaluru,#Technology,932,107,87,Bengaluru,Neutral,1126
5930,2026-09-18 19:40:00,user_477,Amazing fitness progress,#Fitness,912,37,45,Hyderabad,Positive,994
6204,2026-09-18 19:48:00,user_258,Poor performance today,#AI,141,169,93,Pune,Negative,403
6254,2026-09-18 19:50:00,user_145,AI news update,#Cricket,705,186,85,Bengaluru,Neutral,976
5,2026-09-18 19:53:00,user_252,Amazing experience today,#DataAnalytics,476,132,19,Delhi,Positive,627
8038,2026-09-18 19:53:00,user_44,Technology update today,#Bengaluru,914,21,34,Bengaluru,Neutral,969
5145,2026-09-18 19:55:00,user_335,Beautiful day in Bengaluru,#Fitness,994,138,95,Hyderabad,Positive,1227
9665,2026-09-18 19:56:00,user_262,Great work by the team,#Cricket,407,61,19,Bengaluru,Positive,487
7604,2026-09-18 19:58:00,user_297,Bad experience today,#DataAnalytics,342,140,92,Pune,Negative,574
527,2026-09-18 19:59:00,user_332,Amazing experience today,#Technology,344,170,73,Bengaluru,Positive,587
2071,2026-09-18 19:59:00,user_42,AI news update,#Python,41,35,45,Hyderabad,Neutral,121
3377,2026-09-18 20:01:00,user_246,Worst experience ever,#Technology,153,154,18,Bengaluru,Negative,325
2286,2026-09-18 20:08:00,user_151,Fitness workout completed,#Bengaluru,678,107,10,Pune,Neutral,795
775,2026-09-18 20:11:00,user_215,Data analytics session today,#Python,948,107,68,Hyderabad,Neutral,1123
6677,2026-09-18 20:12:00,user_270,Technology update today,#Trending,119,138,28,Pune,Neutral,285
3359,2026-09-18 20:15:00,user_101,I am angry about this,#Technology,380,39,62,Mumbai,Negative,481
7259,2026-09-18 20:21:00,user_200,I hate this problem,#DataAnalytics,737,182,85,Mumbai,Negative,1004
1156,2026-09-18 20:21:00,user_354,Amazing experience today,#Cricket,772,155,95,Bengaluru,Positive,1022
3530,2026-09-18 20:25:00,user_482,Amazing fitness progress,#Cricket,678,82,83,Chennai,Positive,843
2790,2026-09-18 20:26:00,user_241,Python project discussion,#Bengaluru,413,156,61,Bengaluru,Neutral,630
1131,2026-09-18 20:35:00,user_377,Amazing fitness progress,#AI,576,74,100,Pune,Positive,750
7988,2026-09-18 20:37:00,user_216,Data analytics session today,#Cricket,92,75,73,Delhi,Neutral,240
3704,2026-09-18 20:44:00,user_406,Excellent cricket match,#Cricket,597,184,56,Bengaluru,Positive,837
953,2026-09-18 20:46:00,user_61,Weather update from Bengaluru,#Bengaluru,967,41,55,Delhi,Neutral,1063
3565,2026-09-18 20:53:00,user_117,Excellent cricket match,#Fitness,649,51,51,Chennai,Positive,751
2882,2026-09-18 20:53:00,user_130,AI news update,#Cricket,588,148,55,Bengaluru,Neutral,791
3496,2026-09-18 20:54:00,user_34,Weather update from Bengaluru,#DataAnalytics,594,182,57,Mumbai,Neutral,833
9215,2026-09-18 20:56:00,user_90,Cricket match scheduled today,#DataAnalytics,770,91,89,Chennai,Neutral,950
7032,2026-09-18 20:56:00,user_416,Amazing experience today,#AI,749,88,71,Pune,Positive,908
3016,2026-09-18 20:56:00,user_476,Poor performance today,#Bengaluru,319,138,13,Mumbai,Negative,470
9723,2026-09-18 20:57:00,user_11,I hate this problem,#Bengaluru,276,115,20,Mumbai,Negative,411
5969,2026-09-18 20:59:00,user_247,Data analytics session today,#Technology,657,38,51,Mumbai,Neutral,746
6429,2026-09-18 21:06:00,user_111,Cricket match scheduled today,#Cricket,116,107,86,Chennai,Neutral,309
6714,2026-09-18 21:08:00,user_236,This failed again,#Fitness,502,36,76,Hyderabad,Negative,614
592,2026-09-18 21:12:00,user_311,Great work by the team,#Python,574,147,42,Chennai,Positive,763
2347,2026-09-18 21:13:00,user_182,Great work by the team,#Fitness,565,7,54,Bengaluru,Positive,626
6608,2026-09-18 21:21:00,user_231,Excellent cricket match,#DataAnalytics,19,199,59,Bengaluru,Positive,277
2335,2026-09-18 21:21:00,user_146,Weather update from Bengaluru,#Bengaluru,687,142,66,Chennai,Neutral,895
3238,2026-09-18 21:31:00,user_231,I love this new AI tool,#DataAnalytics,221,160,85,Bengaluru,Positive,466
5050,2026-09-18 21:34:00,user_352,I love this new AI tool,#Technology,495,139,40,Pune,Positive,674
2690,2026-09-18 21:41:00,user_419,AI news update,#Fitness,37,58,6,Chennai,Neutral,101
1502,2026-09-18 21:43:00,user_34,Amazing fitness progress,#Trending,839,64,58,Chennai,Positive,961
7321,2026-09-18 21:45:00,user_188,Python is really useful,#Trending,967,76,66,Delhi,Neutral,1109
7975,2026-09-18 21:47:00,user_191,Beautiful day in Bengaluru,#Technology,466,31,76,Bengaluru,Positive,573
2694,2026-09-18 21:52:00,user_218,Weather update from Bengaluru,#Fitness,286,192,42,Bengaluru,Neutral,520
4808,2026-09-18 21:56:00,user_11,Poor performance today,#AI,595,7,42,Bengaluru,Negative,644
5799,2026-09-18 21:57:00,user_142,Cricket match scheduled today,#Fitness,152,121,83,Delhi,Neutral,356
517,2026-09-18 22:01:00,user_15,Python is really useful,#Cricket,479,31,62,Hyderabad,Neutral,572
8543,2026-09-18 22:04:00,user_71,Poor performance today,#AI,492,55,52,Pune,Negative,599
5847,2026-09-18 22:05:00,user_238,Weather update from Bengaluru,#Python,776,18,70,Chennai,Neutral,864
2965,2026-09-18 22:08:00,user_274,Great work by the team,#Cricket,295,177,75,Chennai,Positive,547
5122,2026-09-18 22:14:00,user_329,Python is really useful,#Fitness,869,107,28,Hyderabad,Neutral,1004
4227,2026-09-18 22:18:00,user_371,Python project discussion,#AI,590,140,54,Chennai,Neutral,784
4056,2026-09-18 22:30:00,user_77,I hate this problem,#Bengaluru,919,106,55,Hyderabad,Negative,1080
2402,2026-09-18 22:32:00,user_203,Amazing fitness progress,#Python,365,51,19,Chennai,Positive,435
7815,2026-09-18 22:34:00,user_367,Beautiful day in Bengaluru,#Technology,768,128,36,Pune,Positive,932
1836,2026-09-18 22:37:00,user_30,Amazing fitness progress,#DataAnalytics,121,85,59,Delhi,Positive,265
2400,2026-09-18 22:37:00,user_427,New information available,#AI,542,174,12,Chennai,Neutral,728
6198,2026-09-18 22:37:00,user_124,Great work by the team,#DataAnalytics,821,83,71,Delhi,Positive,975
7505,2026-09-18 22:37:00,user_20,I hate this problem,#Trending,250,68,23,Hyderabad,Negative,341
1921,2026-09-18 22:40:00,user_231,Beautiful day in Bengaluru,#Cricket,24,68,89,Mumbai,Positive,181
530,2026-09-18 22:40:00,user_126,AI news update,#Technology,438,58,70,Mumbai,Neutral,566
6239,2026-09-18 22:44:00,user_258,New information available,#DataAnalytics,255,135,79,Hyderabad,Neutral,469
9253,2026-09-18 22:44:00,user_467,I love this new AI tool,#Cricket,225,177,18,Chennai,Positive,420
5813,2026-09-18 22:45:00,user_84,I am angry about this,#Trending,68,137,32,Hyderabad,Negative,237
8671,2026-09-18 22:46:00,user_19,Beautiful day in Bengaluru,#Fitness,53,172,71,Bengaluru,Positive,296
82,2026-09-18 22:50:00,user_258,AI news update,#Cricket,966,31,41,Chennai,Neutral,1038
4361,2026-09-18 22:51:00,user_428,Cricket match scheduled today,#Bengaluru,844,86,8,Chennai,Neutral,938
4009,2026-09-18 22:52:00,user_361,Data analytics session today,#Bengaluru,493,66,75,Chennai,Neutral,634
875,2026-09-18 22:53:00,user_120,Amazing experience today,#Trending,781,10,20,Mumbai,Positive,811
8853,2026-09-18 23:01:00,user_225,Beautiful day in Bengaluru,#Trending,86,148,33,Pune,Positive,267
3682,2026-09-18 23:05:00,user_131,Python is really useful,#Cricket,814,47,21,Bengaluru,Neutral,882
5815,2026-09-18 23:06:00,user_327,Python is really useful,#DataAnalytics,585,181,39,Mumbai,Neutral,805
1821,2026-09-18 23:12:00,user_108,Excellent cricket match,#Bengaluru,456,65,62,Delhi,Positive,583
5074,2026-09-18 23:12:00,user_75,Amazing experience today,#Python,264,132,67,Delhi,Positive,463
6399,2026-09-18 23:13:00,user_468,Weather update from Bengaluru,#AI,42,70,69,Pune,Neutral,181
1643,2026-09-18 23:14:00,user_388,Beautiful day in Bengaluru,#DataAnalytics,431,13,23,Hyderabad,Positive,467
5456,2026-09-18 23:19:00,user_125,Python is really useful,#AI,393,175,50,Hyderabad,Neutral,618
5344,2026-09-18 23:25:00,user_155,Amazing experience today,#Bengaluru,133,135,40,Delhi,Positive,308
7165,2026-09-18 23:37:00,user_443,I am angry about this,#Cricket,594,15,11,Delhi,Negative,620
345,2026-09-18 23:45:00,user_3,Great work by the team,#Technology,320,196,11,Delhi,Positive,527
8226,2026-09-18 23:53:00,user_157,New information available,#Python,515,44,80,Pune,Neutral,639
7023,2026-09-19 00:06:00,user_459,Amazing fitness progress,#Fitness,764,127,92,Chennai,Positive,983
8532,2026-09-19 00:07:00,user_281,This failed again,#AI,553,100,7,Mumbai,Negative,660
4027,2026-09-19 00:10:00,user_104,Great work by the team,#DataAnalytics,772,99,10,Bengaluru,Positive,881
654,2026-09-19 00:11:00,user_492,Terrible service,#Python,349,76,94,Hyderabad,Negative,519
7748,2026-09-19 00:13:00,user_300,Data analytics session today,#Cricket,449,21,4,Chennai,Neutral,474
1655,2026-09-19 00:16:00,user_211,Data analytics session today,#Trending,660,74,72,Mumbai,Neutral,806
551,2026-09-19 00:23:00,user_5,Beautiful day in Bengaluru,#Technology,436,160,87,Hyderabad,Positive,683
6503,2026-09-19 00:26:00,user_57,Great technology update,#Bengaluru,19,77,99,Bengaluru,Positive,195
5908,2026-09-19 00:27:00,user_42,Cricket match scheduled today,#Technology,136,47,30,Chennai,Neutral,213
6506,2026-09-19 00:32:00,user_243,Beautiful day in Bengaluru,#Fitness,388,11,79,Chennai,Positive,478
6448,2026-09-19 00:42:00,user_449,Technology update today,#DataAnalytics,500,181,41,Mumbai,Neutral,722
7784,2026-09-19 00:44:00,user_80,Excellent cricket match,#Python,94,112,17,Bengaluru,Positive,223
3507,2026-09-19 00:45:00,user_315,Data analytics session today,#Trending,887,123,52,Chennai,Neutral,1062
8797,2026-09-19 00:54:00,user_144,New information available,#Bengaluru,843,127,24,Chennai,Neutral,994
220,2026-09-19 01:04:00,user_460,Beautiful day in Bengaluru,#Fitness,235,76,69,Delhi,Positive,380
7656,2026-09-19 01:05:00,user_282,Excellent cricket match,#Cricket,398,37,33,Pune,Positive,468
581,2026-09-19 01:05:00,user_418,Amazing experience today,#Fitness,98,199,80,Hyderabad,Positive,377
7408,2026-09-19 01:10:00,user_4,Amazing experience today,#Trending,171,128,88,Mumbai,Positive,387
2642,2026-09-19 01:15:00,user_240,Fitness workout completed,#Technology,794,199,79,Mumbai,Neutral,1072
7856,2026-09-19 01:15:00,user_473,Python project discussion,#Fitness,894,54,52,Pune,Neutral,1000
1613,2026-09-19 01:17:00,user_50,Data analytics session today,#AI,76,82,17,Delhi,Neutral,175
8324,2026-09-19 01:18:00,user_9,Amazing fitness progress,#Technology,479,115,98,Mumbai,Positive,692
5458,2026-09-19 01:31:00,user_442,Excellent cricket match,#Trending,532,150,28,Bengaluru,Positive,710
3449,2026-09-19 01:31:00,user_152,Python is really useful,#Technology,593,148,75,Mumbai,Neutral,816
9896,2026-09-19 01:31:00,user_469,Worst experience ever,#Trending,143,105,72,Chennai,Negative,320
5949,2026-09-19 01:32:00,user_329,Great technology update,#Technology,185,23,79,Hyderabad,Positive,287
5585,2026-09-19 01:34:00,user_300,Excellent cricket match,#Fitness,837,19,2,Bengaluru,Positive,858
9662,2026-09-19 01:35:00,user_150,Amazing fitness progress,#DataAnalytics,951,88,89,Mumbai,Positive,1128
2377,2026-09-19 01:37:00,user_273,Data analytics session today,#Python,705,100,37,Bengaluru,Neutral,842
9234,2026-09-19 01:46:00,user_456,Amazing experience today,#Cricket,484,43,30,Bengaluru,Positive,557
9156,2026-09-19 01:50:00,user_376,New information available,#AI,411,62,100,Pune,Neutral,573
1961,2026-09-19 01:53:00,user_91,AI news update,#DataAnalytics,107,195,41,Chennai,Neutral,343
6579,2026-09-19 01:57:00,user_272,AI news update,#Bengaluru,469,69,10,Pune,Neutral,548
5494,2026-09-19 02:00:00,user_166,Data analytics session today,#Cricket,442,45,35,Pune,Neutral,522
9737,2026-09-19 02:12:00,user_221,Beautiful day in Bengaluru,#Cricket,123,166,1,Mumbai,Positive,290
8322,2026-09-19 02:20:00,user_18,Beautiful day in Bengaluru,#Cricket,175,109,58,Delhi,Positive,342
7519,2026-09-19 02:24:00,user_440,Great technology update,#Trending,403,24,17,Pune,Positive,444
4145,2026-09-19 02:31:00,user_94,Weather update from Bengaluru,#Trending,159,145,67,Delhi,Neutral,371
3021,2026-09-19 02:31:00,user_77,Beautiful day in Bengaluru,#Technology,396,24,11,Pune,Positive,431
3918,2026-09-19 02:31:00,user_17,Worst experience ever,#Cricket,755,57,31,Mumbai,Negative,843
6657,2026-09-19 02:45:00,user_304,Terrible service,#Fitness,221,160,30,Pune,Negative,411
5856,2026-09-19 02:47:00,user_10,Cricket match scheduled today,#Technology,254,121,4,Bengaluru,Neutral,379
7744,2026-09-19 02:53:00,user_392,Amazing fitness progress,#Technology,574,143,10,Bengaluru,Positive,727
3622,2026-09-19 02:53:00,user_308,Python is really useful,#Cricket,699,20,6,Delhi,Neutral,725
6501,2026-09-19 02:56:00,user_315,I love this new AI tool,#Cricket,58,157,60,Hyderabad,Positive,275
3888,2026-09-19 02:59:00,user_81,Amazing fitness progress,#Python,990,4,28,Mumbai,Positive,1022
221,2026-09-19 03:04:00,user_425,Amazing experience today,#Trending,591,125,91,Pune,Positive,807
9221,2026-09-19 03:07:00,user_329,Worst experience ever,#Cricket,241,191,54,Chennai,Negative,486
6072,2026-09-19 03:10:00,user_41,Bad experience today,#DataAnalytics,736,156,91,Delhi,Negative,983
6515,2026-09-19 03:23:00,user_475,Worst experience ever,#Technology,369,102,92,Chennai,Negative,563
5758,2026-09-19 03:50:00,user_431,I am angry about this,#Trending,542,28,20,Mumbai,Negative,590
1782,2026-09-19 03:51:00,user_434,Great work by the team,#DataAnalytics,221,197,95,Hyderabad,Positive,513
2373,2026-09-19 03:55:00,user_443,Weather update from Bengaluru,#Cricket,221,127,77,Mumbai,Neutral,425
2151,2026-09-19 03:56:00,user_471,Beautiful day in Bengaluru,#DataAnalytics,667,131,44,Delhi,Positive,842
5388,2026-09-19 03:58:00,user_446,Beautiful day in Bengaluru,#Bengaluru,152,9,12,Delhi,Positive,173
1557,2026-09-19 04:04:00,user_296,Very disappointing result,#Trending,166,56,40,Bengaluru,Neutral,262
6733,2026-09-19 04:07:00,user_351,Worst experience ever,#Python,797,82,25,Bengaluru,Negative,904
1006,2026-09-19 04:08:00,user_406,Data analytics session today,#AI,297,33,29,Mumbai,Neutral,359
4937,2026-09-19 04:09:00,user_459,Great work by the team,#Python,773,34,5,Bengaluru,Positive,812
2651,2026-09-19 04:10:00,user_15,Bad experience today,#AI,274,79,39,Pune,Negative,392
1763,2026-09-19 04:11:00,user_335,AI news update,#Cricket,586,127,4,Mumbai,Neutral,717
7247,2026-09-19 04:16:00,user_311,Cricket match scheduled today,#Trending,892,168,38,Chennai,Neutral,1098
9572,2026-09-19 04:27:00,user_248,New information available,#DataAnalytics,412,59,90,Chennai,Neutral,561
4671,2026-09-19 04:40:00,user_378,Beautiful day in Bengaluru,#DataAnalytics,465,85,26,Hyderabad,Positive,576
9430,2026-09-19 04:42:00,user_172,Great technology update,#Bengaluru,475,170,78,Hyderabad,Positive,723
1436,2026-09-19 04:42:00,user_101,I am angry about this,#Trending,48,31,84,Mumbai,Negative,163
7853,2026-09-19 05:02:00,user_174,AI news update,#Python,616,67,100,Bengaluru,Neutral,783
5504,2026-09-19 05:03:00,user_287,Very disappointing result,#AI,17,120,78,Pune,Neutral,215
7678,2026-09-19 05:21:00,user_207,New information available,#Cricket,862,50,10,Chennai,Neutral,922
4213,2026-09-19 05:23:00,user_278,Beautiful day in Bengaluru,#Cricket,891,109,47,Pune,Positive,1047
7573,2026-09-19 05:23:00,user_94,Cricket match scheduled today,#Bengaluru,187,87,32,Delhi,Neutral,306
3187,2026-09-19 05:26:00,user_18,Great technology update,#Technology,218,120,78,Pune,Positive,416
9292,2026-09-19 05:33:00,user_212,Python is really useful,#Technology,485,154,95,Delhi,Neutral,734
9928,2026-09-19 05:33:00,user_208,Poor performance today,#Fitness,382,114,16,Mumbai,Negative,512
8333,2026-09-19 05:40:00,user_473,I hate this problem,#Technology,622,105,93,Chennai,Negative,820
3526,2026-09-19 05:43:00,user_149,Python is really useful,#DataAnalytics,286,108,82,Bengaluru,Neutral,476
9985,2026-09-19 05:44:00,user_391,Data analytics session today,#Cricket,568,5,25,Hyderabad,Neutral,598
3732,2026-09-19 05:58:00,user_97,I love this new AI tool,#Python,731,45,21,Mumbai,Positive,797
919,2026-09-19 05:59:00,user_25,Bad experience today,#Python,181,79,23,Chennai,Negative,283
7500,2026-09-19 06:01:00,user_385,I love this new AI tool,#Trending,86,179,33,Bengaluru,Positive,298
2076,2026-09-19 06:08:00,user_229,Fitness workout completed,#Cricket,995,186,50,Chennai,Neutral,1231
7485,2026-09-19 06:17:00,user_245,Weather update from Bengaluru,#Cricket,29,114,82,Delhi,Neutral,225
2515,2026-09-19 06:26:00,user_197,Data analytics session today,#Python,885,177,18,Chennai,Neutral,1080
2752,2026-09-19 06:30:00,user_213,Fitness workout completed,#Trending,108,158,32,Hyderabad,Neutral,298
8070,2026-09-19 06:40:00,user_145,Terrible service,#AI,404,186,70,Hyderabad,Negative,660
7591,2026-09-19 06:42:00,user_494,Data analytics session today,#Cricket,610,32,54,Chennai,Neutral,696
1959,2026-09-19 06:45:00,user_219,Great technology update,#DataAnalytics,665,11,34,Bengaluru,Positive,710
5429,2026-09-19 06:58:00,user_161,Beautiful day in Bengaluru,#Python,435,143,40,Pune,Positive,618
845,2026-09-19 06:59:00,user_111,Terrible service,#Technology,19,2,21,Mumbai,Negative,42
3527,2026-09-19 07:02:00,user_178,Technology update today,#Technology,114,54,83,Pune,Neutral,251
18,2026-09-19 07:06:00,user_382,Cricket match scheduled today,#AI,11,128,32,Chennai,Neutral,171
5987,2026-09-19 07:07:00,user_176,Great work by the team,#DataAnalytics,451,111,14,Delhi,Positive,576
4420,2026-09-19 07:08:00,user_206,I am angry about this,#DataAnalytics,848,88,60,Delhi,Negative,996
5713,2026-09-19 07:11:00,user_225,Amazing experience today,#Cricket,860,120,68,Hyderabad,Positive,1048
7972,2026-09-19 07:11:00,user_348,Great technology update,#AI,89,71,67,Pune,Positive,227
6544,2026-09-19 07:11:00,user_374,Amazing experience today,#Trending,863,17,43,Pune,Positive,923
3922,2026-09-19 07:16:00,user_95,Great technology update,#Fitness,668,174,95,Delhi,Positive,937
2829,2026-09-19 07:19:00,user_95,Worst experience ever,#Cricket,37,149,46,Hyderabad,Negative,232
3229,2026-09-19 07:22:00,user_258,Cricket match scheduled today,#Bengaluru,375,74,22,Chennai,Neutral,471
7654,2026-09-19 07:32:00,user_405,Amazing fitness progress,#Python,795,171,75,Bengaluru,Positive,1041
4861,2026-09-19 07:33:00,user_432,Technology update today,#Technology,57,117,32,Bengaluru,Neutral,206
2442,2026-09-19 07:38:00,user_120,Great work by the team,#Technology,61,17,51,Bengaluru,Positive,129
850,2026-09-19 07:41:00,user_400,Amazing fitness progress,#AI,421,119,47,Pune,Positive,587
3684,2026-09-19 07:48:00,user_408,Terrible service,#AI,192,138,32,Pune,Negative,362
9436,2026-09-19 07:49:00,user_66,Excellent cricket match,#Trending,597,55,18,Pune,Positive,670
4890,2026-09-19 07:50:00,user_56,Technology update today,#Technology,624,96,19,Pune,Neutral,739
3502,2026-09-19 07:53:00,user_215,Beautiful day in Bengaluru,#DataAnalytics,700,18,96,Pune,Positive,814
1748,2026-09-19 07:53:00,user_182,I hate this problem,#Technology,920,131,58,Mumbai,Negative,1109
6201,2026-09-19 07:54:00,user_335,Amazing experience today,#Bengaluru,468,120,90,Chennai,Positive,678
4422,2026-09-19 08:03:00,user_307,Very disappointing result,#Trending,838,15,78,Mumbai,Neutral,931
5098,2026-09-19 08:05:00,user_417,Worst experience ever,#DataAnalytics,463,87,68,Bengaluru,Negative,618
9888,2026-09-19 08:05:00,user_93,I am angry about this,#Cricket,444,53,34,Chennai,Negative,531
6518,2026-09-19 08:08:00,user_87,Amazing fitness progress,#DataAnalytics,985,188,65,Hyderabad,Positive,1238
8762,2026-09-19 08:11:00,user_223,Beautiful day in Bengaluru,#AI,810,45,95,Hyderabad,Positive,950
5497,2026-09-19 08:11:00,user_143,Weather update from Bengaluru,#Trending,352,4,94,Mumbai,Neutral,450
9780,2026-09-19 08:17:00,user_197,Great technology update,#DataAnalytics,165,52,45,Delhi,Positive,262
3974,2026-09-19 08:25:00,user_490,I am angry about this,#Bengaluru,806,125,71,Delhi,Negative,1002
1203,2026-09-19 08:27:00,user_314,Excellent cricket match,#Python,784,110,93,Bengaluru,Positive,987
1348,2026-09-19 08:27:00,user_398,Very disappointing result,#Bengaluru,854,56,9,Hyderabad,Neutral,919
2240,2026-09-19 08:33:00,user_417,Fitness workout completed,#Bengaluru,178,8,49,Bengaluru,Neutral,235
994,2026-09-19 08:33:00,user_325,Amazing experience today,#Bengaluru,937,114,13,Pune,Positive,1064
6014,2026-09-19 08:35:00,user_140,Python is really useful,#AI,635,16,100,Delhi,Neutral,751
5155,2026-09-19 08:38:00,user_195,I love this new AI tool,#Bengaluru,475,121,36,Bengaluru,Positive,632
4317,2026-09-19 08:39:00,user_362,Amazing fitness progress,#Cricket,56,73,63,Delhi,Positive,192
5597,2026-09-19 08:40:00,user_249,Great technology update,#Trending,17,145,86,Delhi,Positive,248
6886,2026-09-19 08:41:00,user_488,Weather update from Bengaluru,#Technology,890,156,17,Delhi,Neutral,1063
2898,2026-09-19 08:46:00,user_112,I am angry about this,#AI,347,174,49,Delhi,Negative,570
9364,2026-09-19 08:49:00,user_382,Bad experience today,#Fitness,177,40,4,Hyderabad,Negative,221
5905,2026-09-19 08:50:00,user_233,Great work by the team,#Technology,289,123,44,Pune,Positive,456
457,2026-09-19 08:56:00,user_457,I love this new AI tool,#Fitness,351,185,5,Bengaluru,Positive,541
225,2026-09-19 09:11:00,user_292,Great work by the team,#Python,283,186,3,Bengaluru,Positive,472
7438,2026-09-19 09:15:00,user_443,Great technology update,#Bengaluru,911,64,22,Mumbai,Positive,997
3909,2026-09-19 09:21:00,user_475,Amazing experience today,#Technology,69,87,16,Pune,Positive,172
544,2026-09-19 09:26:00,user_248,Data analytics session today,#Technology,866,42,36,Delhi,Neutral,944
3818,2026-09-19 09:34:00,user_306,Technology update today,#Cricket,264,179,31,Mumbai,Neutral,474
391,2026-09-19 09:34:00,user_26,I hate this problem,#AI,292,150,86,Bengaluru,Negative,528
742,2026-09-19 09:36:00,user_484,Amazing fitness progress,#Python,794,99,15,Pune,Positive,908
5999,2026-09-19 09:45:00,user_304,Python is really useful,#Technology,794,80,27,Mumbai,Neutral,901
6953,2026-09-19 09:49:00,user_329,Excellent cricket match,#Python,549,107,14,Delhi,Positive,670
2252,2026-09-19 09:55:00,user_97,Python is really useful,#Trending,112,111,29,Mumbai,Neutral,252
1157,2026-09-19 09:55:00,user_396,I love this new AI tool,#Trending,919,157,16,Pune,Positive,1092
7801,2026-09-19 09:59:00,user_98,I hate this problem,#Technology,694,9,13,Hyderabad,Negative,716
9368,2026-09-19 10:01:00,user_482,I hate this problem,#Cricket,560,149,55,Pune,Negative,764
282,2026-09-19 10:02:00,user_117,This failed again,#Python,658,51,13,Mumbai,Negative,722
5070,2026-09-19 10:16:00,user_28,Amazing experience today,#Trending,661,24,50,Hyderabad,Positive,735
7538,2026-09-19 10:22:00,user_304,Cricket match scheduled today,#Technology,222,87,41,Hyderabad,Neutral,350
9152,2026-09-19 10:23:00,user_339,I love this new AI tool,#Cricket,718,80,17,Mumbai,Positive,815
9381,2026-09-19 10:26:00,user_284,Terrible service,#DataAnalytics,312,91,77,Hyderabad,Negative,480
5148,2026-09-19 10:27:00,user_81,Cricket match scheduled today,#Bengaluru,442,77,85,Bengaluru,Neutral,604
5846,2026-09-19 10:28:00,user_20,Cricket match scheduled today,#Bengaluru,325,195,46,Chennai,Neutral,566
4978,2026-09-19 10:35:00,user_88,Beautiful day in Bengaluru,#Technology,709,168,70,Bengaluru,Positive,947
9386,2026-09-19 10:43:00,user_253,Great work by the team,#Trending,464,134,1,Chennai,Positive,599
3652,2026-09-19 10:51:00,user_371,Excellent cricket match,#Bengaluru,222,52,52,Delhi,Positive,326
8908,2026-09-19 10:52:00,user_142,Terrible service,#DataAnalytics,555,162,25,Hyderabad,Negative,742
4669,2026-09-19 10:53:00,user_454,Excellent cricket match,#Fitness,142,81,87,Pune,Positive,310
4487,2026-09-19 10:54:00,user_62,Python is really useful,#Fitness,581,104,7,Mumbai,Neutral,692
4149,2026-09-19 10:57:00,user_43,Beautiful day in Bengaluru,#DataAnalytics,573,118,61,Delhi,Positive,752
9209,2026-09-19 11:03:00,user_272,I love this new AI tool,#Bengaluru,169,130,81,Hyderabad,Positive,380
5170,2026-09-19 11:09:00,user_230,Terrible service,#Python,169,174,50,Bengaluru,Negative,393
5323,2026-09-19 11:13:00,user_91,New information available,#Bengaluru,112,14,89,Mumbai,Neutral,215
9690,2026-09-19 11:14:00,user_155,Data analytics session today,#Python,698,122,77,Chennai,Neutral,897
2288,2026-09-19 11:20:00,user_180,Python is really useful,#AI,445,21,69,Bengaluru,Neutral,535
6187,2026-09-19 11:26:00,user_34,Bad experience today,#AI,782,142,35,Pune,Negative,959
4494,2026-09-19 11:29:00,user_318,Python is really useful,#Cricket,207,3,59,Delhi,Neutral,269
8101,2026-09-19 11:30:00,user_434,I love this new AI tool,#Technology,772,126,75,Mumbai,Positive,973
2088,2026-09-19 11:42:00,user_459,Worst experience ever,#Fitness,236,116,99,Pune,Negative,451
2422,2026-09-19 11:44:00,user_231,Excellent cricket match,#Fitness,968,185,99,Mumbai,Positive,1252
6559,2026-09-19 11:46:00,user_178,I hate this problem,#Trending,233,144,22,Delhi,Negative,399
8268,2026-09-19 11:47:00,user_191,I love this new AI tool,#Trending,270,160,2,Chennai,Positive,432
6672,2026-09-19 11:53:00,user_400,Python project discussion,#Technology,216,122,65,Delhi,Neutral,403
2566,2026-09-19 11:58:00,user_1,Great work by the team,#Bengaluru,576,79,66,Delhi,Positive,721
9584,2026-09-19 11:58:00,user_162,Fitness workout completed,#Technology,96,141,75,Pune,Neutral,312
4350,2026-09-19 12:06:00,user_215,Excellent cricket match,#Technology,811,46,60,Chennai,Positive,917
7489,2026-09-19 12:14:00,user_126,Weather update from Bengaluru,#Cricket,234,99,15,Hyderabad,Neutral,348
3457,2026-09-19 12:17:00,user_402,I love this new AI tool,#DataAnalytics,660,192,58,Mumbai,Positive,910
6500,2026-09-19 12:19:00,user_40,Beautiful day in Bengaluru,#AI,814,148,94,Bengaluru,Positive,1056
5894,2026-09-19 12:20:00,user_444,Technology update today,#AI,31,183,79,Bengaluru,Neutral,293
243,2026-09-19 12:26:00,user_168,Terrible service,#Bengaluru,898,29,56,Pune,Negative,983
496,2026-09-19 12:27:00,user_5,Python project discussion,#AI,464,141,94,Pune,Neutral,699
4933,2026-09-19 12:34:00,user_24,Beautiful day in Bengaluru,#AI,988,12,44,Delhi,Positive,1044
7754,2026-09-19 12:36:00,user_463,Python project discussion,#AI,978,111,18,Delhi,Neutral,1107
9700,2026-09-19 12:42:00,user_278,Great work by the team,#Cricket,832,164,25,Bengaluru,Positive,1021
3597,2026-09-19 12:48:00,user_404,Bad experience today,#Technology,228,100,7,Bengaluru,Negative,335
4025,2026-09-19 12:53:00,user_30,Cricket match scheduled today,#Bengaluru,258,16,2,Chennai,Neutral,276
865,2026-09-19 12:58:00,user_144,New information available,#Cricket,763,127,43,Bengaluru,Neutral,933
3520,2026-09-19 12:59:00,user_26,Great work by the team,#AI,630,79,25,Pune,Positive,734
1621,2026-09-19 13:03:00,user_310,Fitness workout completed,#Fitness,80,177,63,Pune,Neutral,320
8751,2026-09-19 13:12:00,user_135,Poor performance today,#Python,267,135,62,Chennai,Negative,464
3604,2026-09-19 13:13:00,user_40,Terrible service,#Cricket,342,165,27,Delhi,Negative,534
3705,2026-09-19 13:24:00,user_267,Very disappointing result,#AI,582,5,71,Bengaluru,Neutral,658
467,2026-09-19 13:26:00,user_463,Python project discussion,#Cricket,683,107,53,Bengaluru,Neutral,843
63,2026-09-19 13:31:00,user_366,Very disappointing result,#Technology,965,182,66,Hyderabad,Neutral,1213
2150,2026-09-19 13:37:00,user_430,Beautiful day in Bengaluru,#DataAnalytics,720,127,74,Hyderabad,Positive,921
1798,2026-09-19 13:44:00,user_88,Python is really useful,#Technology,46,89,90,Bengaluru,Neutral,225
2553,2026-09-19 13:46:00,user_194,Excellent cricket match,#Python,936,17,20,Bengaluru,Positive,973
4419,2026-09-19 13:48:00,user_261,Great work by the team,#Cricket,151,75,61,Hyderabad,Positive,287
3653,2026-09-19 13:50:00,user_412,This failed again,#Bengaluru,982,25,52,Bengaluru,Negative,1059
5578,2026-09-19 13:50:00,user_4,Amazing fitness progress,#DataAnalytics,937,52,27,Pune,Positive,1016
5861,2026-09-19 13:50:00,user_150,Great work by the team,#Python,557,75,61,Hyderabad,Positive,693
2736,2026-09-19 13:54:00,user_292,Great work by the team,#Trending,401,147,7,Mumbai,Positive,555
947,2026-09-19 13:54:00,user_385,New information available,#DataAnalytics,465,138,32,Pune,Neutral,635
7128,2026-09-19 13:57:00,user_194,I am angry about this,#Fitness,570,36,94,Mumbai,Negative,700
327,2026-09-19 14:01:00,user_215,Excellent cricket match,#DataAnalytics,952,73,2,Delhi,Positive,1027
8085,2026-09-19 14:07:00,user_32,Python is really useful,#DataAnalytics,712,4,89,Delhi,Neutral,805
3250,2026-09-19 14:19:00,user_238,Great work by the team,#Trending,658,66,66,Chennai,Positive,790
4132,2026-09-19 14:28:00,user_446,Technology update today,#Cricket,302,6,62,Delhi,Neutral,370
3190,2026-09-19 14:31:00,user_277,Data analytics session today,#Python,752,131,1,Mumbai,Neutral,884
8761,2026-09-19 14:39:00,user_237,Python is really useful,#Cricket,327,91,80,Mumbai,Neutral,498
4594,2026-09-19 14:40:00,user_321,Python is really useful,#Python,673,127,32,Chennai,Neutral,832
4572,2026-09-19 14:41:00,user_342,Cricket match scheduled today,#Fitness,647,105,98,Mumbai,Neutral,850
4343,2026-09-19 14:47:00,user_398,Python is really useful,#Fitness,594,171,100,Chennai,Neutral,865
9686,2026-09-19 14:53:00,user_233,Great work by the team,#AI,271,188,87,Pune,Positive,546
1682,2026-09-19 14:54:00,user_199,Technology update today,#Trending,978,5,25,Hyderabad,Neutral,1008
7223,2026-09-19 14:57:00,user_45,Great work by the team,#Technology,729,158,57,Delhi,Positive,944
2633,2026-09-19 15:03:00,user_196,Python is really useful,#Technology,477,29,38,Pune,Neutral,544
5278,2026-09-19 15:07:00,user_376,Great work by the team,#Python,422,97,40,Hyderabad,Positive,559
6146,2026-09-19 15:11:00,user_278,Fitness workout completed,#DataAnalytics,911,176,67,Delhi,Neutral,1154
7422,2026-09-19 15:12:00,user_457,Worst experience ever,#Trending,411,70,39,Chennai,Negative,520
9098,2026-09-19 15:13:00,user_486,Great work by the team,#Cricket,791,80,54,Chennai,Positive,925
8984,2026-09-19 15:18:00,user_308,Excellent cricket match,#Python,290,187,28,Bengaluru,Positive,505
7406,2026-09-19 15:19:00,user_126,I am angry about this,#Technology,793,54,32,Pune,Negative,879
9458,2026-09-19 15:23:00,user_79,Weather update from Bengaluru,#Technology,612,155,4,Delhi,Neutral,771
4523,2026-09-19 15:37:00,user_204,Great work by the team,#Fitness,272,43,76,Pune,Positive,391
7683,2026-09-19 15:38:00,user_368,Weather update from Bengaluru,#Technology,381,27,43,Mumbai,Neutral,451
190,2026-09-19 15:40:00,user_82,Beautiful day in Bengaluru,#Python,590,27,23,Bengaluru,Positive,640
309,2026-09-19 15:48:00,user_293,Amazing fitness progress,#Technology,425,66,54,Delhi,Positive,545
2865,2026-09-19 15:52:00,user_307,New information available,#Fitness,673,183,24,Pune,Neutral,880
8923,2026-09-19 15:54:00,user_343,Excellent cricket match,#Python,983,66,67,Pune,Positive,1116
3672,2026-09-19 15:55:00,user_20,Cricket match scheduled today,#Bengaluru,539,190,57,Mumbai,Neutral,786
2548,2026-09-19 16:04:00,user_35,Great technology update,#Trending,87,113,15,Bengaluru,Positive,215
3110,2026-09-19 16:11:00,user_28,New information available,#Cricket,587,46,24,Bengaluru,Neutral,657
8914,2026-09-19 16:16:00,user_454,Great work by the team,#Cricket,193,106,39,Bengaluru,Positive,338
6296,2026-09-19 16:25:00,user_466,Amazing experience today,#Trending,276,34,19,Bengaluru,Positive,329
9285,2026-09-19 16:29:00,user_124,Excellent cricket match,#DataAnalytics,665,145,2,Delhi,Positive,812
8366,2026-09-19 16:35:00,user_497,Fitness workout completed,#Cricket,699,176,52,Delhi,Neutral,927
9929,2026-09-19 16:35:00,user_14,Great work by the team,#Fitness,909,161,94,Chennai,Positive,1164
1533,2026-09-19 16:39:00,user_278,Python is really useful,#Technology,969,166,6,Delhi,Neutral,1141
6784,2026-09-19 16:48:00,user_491,I love this new AI tool,#Fitness,944,100,33,Pune,Positive,1077
6292,2026-09-19 16:49:00,user_443,Excellent cricket match,#Trending,869,19,74,Bengaluru,Positive,962
856,2026-09-19 16:49:00,user_231,Poor performance today,#Technology,164,166,51,Hyderabad,Negative,381
8028,2026-09-19 16:49:00,user_345,Great technology update,#DataAnalytics,410,16,28,Bengaluru,Positive,454
740,2026-09-19 16:53:00,user_333,Technology update today,#DataAnalytics,696,59,7,Hyderabad,Neutral,762
2080,2026-09-19 16:56:00,user_55,Great technology update,#Cricket,548,80,57,Hyderabad,Positive,685
1034,2026-09-19 16:57:00,user_29,Great technology update,#Bengaluru,529,79,99,Delhi,Positive,707
3739,2026-09-19 17:06:00,user_475,I am angry about this,#Cricket,349,181,20,Hyderabad,Negative,550
2507,2026-09-19 17:07:00,user_5,Great technology update,#AI,336,152,62,Delhi,Positive,550
6091,2026-09-19 17:08:00,user_165,New information available,#Cricket,896,27,54,Bengaluru,Neutral,977
8773,2026-09-19 17:08:00,user_329,Data analytics session today,#Bengaluru,542,84,28,Hyderabad,Neutral,654
2794,2026-09-19 17:18:00,user_181,Python is really useful,#Technology,793,2,96,Mumbai,Neutral,891
7529,2026-09-19 17:18:00,user_355,Amazing experience today,#Bengaluru,216,131,95,Mumbai,Positive,442
3399,2026-09-19 17:23:00,user_101,Weather update from Bengaluru,#Bengaluru,708,175,79,Mumbai,Neutral,962
5526,2026-09-19 17:23:00,user_468,Weather update from Bengaluru,#Trending,30,171,8,Delhi,Neutral,209
4411,2026-09-19 17:24:00,user_366,Amazing experience today,#DataAnalytics,707,128,86,Delhi,Positive,921
50,2026-09-19 17:26:00,user_269,Great work by the team,#Cricket,300,29,2,Bengaluru,Positive,331
6288,2026-09-19 17:39:00,user_472,AI news update,#Python,60,46,69,Chennai,Neutral,175
7694,2026-09-19 17:39:00,user_430,This failed again,#Python,374,52,55,Hyderabad,Negative,481
7148,2026-09-19 17:40:00,user_133,Beautiful day in Bengaluru,#Cricket,117,51,67,Hyderabad,Positive,235
6015,2026-09-19 17:40:00,user_196,New information available,#DataAnalytics,462,197,24,Hyderabad,Neutral,683
1528,2026-09-19 17:48:00,user_219,I am angry about this,#Technology,86,155,71,Pune,Negative,312
2814,2026-09-19 17:50:00,user_483,Beautiful day in Bengaluru,#DataAnalytics,693,23,9,Bengaluru,Positive,725
9721,2026-09-19 17:57:00,user_327,Excellent cricket match,#DataAnalytics,151,168,7,Mumbai,Positive,326
7924,2026-09-19 18:09:00,user_385,Amazing experience today,#Technology,74,136,59,Chennai,Positive,269
3324,2026-09-19 18:10:00,user_33,I love this new AI tool,#Fitness,45,130,24,Pune,Positive,199
7220,2026-09-19 18:10:00,user_165,Great work by the team,#Cricket,44,82,41,Hyderabad,Positive,167
5206,2026-09-19 18:13:00,user_20,Python is really useful,#AI,336,137,48,Pune,Neutral,521
2593,2026-09-19 18:19:00,user_179,Terrible service,#Bengaluru,106,67,57,Bengaluru,Negative,230
8451,2026-09-19 18:22:00,user_159,Fitness workout completed,#DataAnalytics,129,139,100,Pune,Neutral,368
7933,2026-09-19 18:32:00,user_420,Cricket match scheduled today,#Technology,101,182,4,Mumbai,Neutral,287
401,2026-09-19 18:37:00,user_258,I am angry about this,#DataAnalytics,480,1,69,Chennai,Negative,550
1003,2026-09-19 18:38:00,user_223,I love this new AI tool,#Python,487,188,48,Hyderabad,Positive,723
5537,2026-09-19 18:41:00,user_209,Very disappointing result,#DataAnalytics,837,178,23,Delhi,Neutral,1038
6973,2026-09-19 18:43:00,user_185,Excellent cricket match,#Bengaluru,439,189,62,Mumbai,Positive,690
3154,2026-09-19 18:46:00,user_21,Amazing fitness progress,#Cricket,505,190,46,Delhi,Positive,741
3493,2026-09-19 18:53:00,user_22,Very disappointing result,#Cricket,925,143,22,Mumbai,Neutral,1090
626,2026-09-19 18:54:00,user_321,I love this new AI tool,#Python,724,165,17,Mumbai,Positive,906
399,2026-09-19 19:00:00,user_467,Weather update from Bengaluru,#AI,530,21,67,Bengaluru,Neutral,618
7120,2026-09-19 19:01:00,user_110,I love this new AI tool,#Fitness,208,64,44,Hyderabad,Positive,316
1371,2026-09-19 19:02:00,user_164,Weather update from Bengaluru,#Python,762,102,73,Pune,Neutral,937
2393,2026-09-19 19:05:00,user_252,Very disappointing result,#Trending,70,180,66,Hyderabad,Neutral,316
5376,2026-09-19 19:07:00,user_115,Amazing experience today,#AI,634,144,62,Chennai,Positive,840
416,2026-09-19 19:11:00,user_404,New information available,#Fitness,379,180,44,Delhi,Neutral,603
2399,2026-09-19 19:20:00,user_166,Amazing experience today,#Fitness,283,190,50,Hyderabad,Positive,523
5115,2026-09-19 19:21:00,user_160,Amazing fitness progress,#AI,176,2,20,Chennai,Positive,198
487,2026-09-19 19:27:00,user_352,Great work by the team,#Fitness,673,125,47,Pune,Positive,845
5391,2026-09-19 19:31:00,user_48,Python is really useful,#Trending,527,169,31,Pune,Neutral,727
8266,2026-09-19 19:35:00,user_411,Python project discussion,#Fitness,953,159,96,Delhi,Neutral,1208
1551,2026-09-19 19:37:00,user_22,This failed again,#Bengaluru,393,52,17,Hyderabad,Negative,462
9324,2026-09-19 19:49:00,user_447,Weather update from Bengaluru,#Python,527,162,20,Chennai,Neutral,709
415,2026-09-19 19:54:00,user_418,Amazing experience today,#Python,923,4,100,Chennai,Positive,1027
9856,2026-09-19 20:01:00,user_88,Data analytics session today,#Cricket,618,86,24,Delhi,Neutral,728
5702,2026-09-19 20:10:00,user_128,I love this new AI tool,#Bengaluru,803,28,44,Mumbai,Positive,875
5128,2026-09-19 20:11:00,user_213,Great technology update,#Python,914,175,29,Delhi,Positive,1118
2386,2026-09-19 20:14:00,user_460,Great work by the team,#Fitness,940,61,61,Bengaluru,Positive,1062
5130,2026-09-19 20:15:00,user_444,Great technology update,#AI,214,50,4,Mumbai,Positive,268
1730,2026-09-19 20:17:00,user_376,Cricket match scheduled today,#Technology,838,163,43,Chennai,Neutral,1044
25,2026-09-19 20:19:00,user_117,Terrible service,#Technology,229,37,69,Delhi,Negative,335
561,2026-09-19 20:20:00,user_339,AI news update,#AI,679,118,88,Mumbai,Neutral,885
681,2026-09-19 20:22:00,user_380,Weather update from Bengaluru,#Bengaluru,649,197,81,Pune,Neutral,927
6443,2026-09-19 20:27:00,user_325,Great work by the team,#AI,72,194,25,Delhi,Positive,291
926,2026-09-19 20:32:00,user_96,Cricket match scheduled today,#Trending,758,63,87,Pune,Neutral,908
3963,2026-09-19 20:42:00,user_131,Beautiful day in Bengaluru,#Trending,773,197,34,Chennai,Positive,1004
5808,2026-09-19 20:43:00,user_135,Great work by the team,#DataAnalytics,754,144,37,Bengaluru,Positive,935
9168,2026-09-19 20:50:00,user_431,Great work by the team,#DataAnalytics,804,74,89,Hyderabad,Positive,967
2613,2026-09-19 20:51:00,user_56,Data analytics session today,#AI,900,43,72,Mumbai,Neutral,1015
360,2026-09-19 21:01:00,user_168,Python is really useful,#Cricket,741,161,7,Delhi,Neutral,909
3178,2026-09-19 21:09:00,user_27,Data analytics session today,#Python,363,109,37,Chennai,Neutral,509
2319,2026-09-19 21:12:00,user_489,I love this new AI tool,#Trending,359,103,52,Bengaluru,Positive,514
909,2026-09-19 21:17:00,user_379,This failed again,#Trending,720,67,74,Hyderabad,Negative,861
9431,2026-09-19 21:18:00,user_64,I love this new AI tool,#Bengaluru,79,155,55,Bengaluru,Positive,289
2822,2026-09-19 21:20:00,user_429,Fitness workout completed,#Python,303,93,85,Pune,Neutral,481
5123,2026-09-19 21:24:00,user_240,Weather update from Bengaluru,#DataAnalytics,286,193,79,Chennai,Neutral,558
2493,2026-09-19 21:31:00,user_76,Terrible service,#Bengaluru,129,140,6,Chennai,Negative,275
8987,2026-09-19 21:35:00,user_290,AI news update,#Trending,276,163,65,Hyderabad,Neutral,504
6374,2026-09-19 21:35:00,user_341,Cricket match scheduled today,#Bengaluru,399,11,18,Delhi,Neutral,428
6090,2026-09-19 21:38:00,user_333,Terrible service,#Trending,219,192,33,Pune,Negative,444
6430,2026-09-19 21:40:00,user_42,Weather update from Bengaluru,#Fitness,934,136,28,Delhi,Neutral,1098
9574,2026-09-19 21:41:00,user_209,Fitness workout completed,#Bengaluru,801,160,7,Pune,Neutral,968
8970,2026-09-19 21:43:00,user_253,Beautiful day in Bengaluru,#Cricket,674,22,75,Bengaluru,Positive,771
9625,2026-09-19 21:46:00,user_184,Worst experience ever,#AI,522,41,61,Bengaluru,Negative,624
7236,2026-09-19 21:52:00,user_438,Python is really useful,#Cricket,247,116,43,Pune,Neutral,406
1062,2026-09-19 22:01:00,user_260,Great technology update,#AI,288,148,79,Chennai,Positive,515
6809,2026-09-19 22:07:00,user_90,AI news update,#Cricket,872,64,41,Mumbai,Neutral,977
8181,2026-09-19 22:07:00,user_257,Python is really useful,#Python,290,182,46,Pune,Neutral,518
9778,2026-09-19 22:08:00,user_358,Beautiful day in Bengaluru,#DataAnalytics,804,129,57,Delhi,Positive,990
3687,2026-09-19 22:09:00,user_334,New information available,#Trending,184,47,75,Pune,Neutral,306
1276,2026-09-19 22:11:00,user_185,Terrible service,#Technology,687,6,30,Delhi,Negative,723
8515,2026-09-19 22:24:00,user_480,Beautiful day in Bengaluru,#Fitness,389,86,30,Mumbai,Positive,505
3311,2026-09-19 22:24:00,user_62,Excellent cricket match,#Technology,855,71,85,Mumbai,Positive,1011
1582,2026-09-19 22:40:00,user_400,Terrible service,#Python,930,73,54,Mumbai,Negative,1057
1254,2026-09-19 22:57:00,user_375,Weather update from Bengaluru,#Technology,311,101,39,Bengaluru,Neutral,451
9869,2026-09-19 23:00:00,user_265,Amazing fitness progress,#Technology,204,74,1,Pune,Positive,279
5443,2026-09-19 23:04:00,user_34,Excellent cricket match,#Python,646,34,97,Pune,Positive,777
5945,2026-09-19 23:04:00,user_117,Excellent cricket match,#Technology,687,118,10,Chennai,Positive,815
6100,2026-09-19 23:08:00,user_204,New information available,#Python,184,11,73,Pune,Neutral,268
7030,2026-09-19 23:08:00,user_432,Python is really useful,#DataAnalytics,475,44,61,Pune,Neutral,580
2418,2026-09-19 23:09:00,user_390,Cricket match scheduled today,#Trending,732,75,44,Pune,Neutral,851
8208,2026-09-19 23:24:00,user_239,Great technology update,#Cricket,993,132,19,Chennai,Positive,1144
2229,2026-09-19 23:24:00,user_149,Python is really useful,#DataAnalytics,872,18,2,Hyderabad,Neutral,892
1847,2026-09-19 23:24:00,user_287,Amazing experience today,#Bengaluru,786,9,75,Chennai,Positive,870
1561,2026-09-19 23:30:00,user_330,Very disappointing result,#Cricket,531,193,11,Delhi,Neutral,735
3230,2026-09-19 23:33:00,user_1,Great technology update,#Fitness,768,173,3,Chennai,Positive,944
161,2026-09-19 23:36:00,user_419,I hate this problem,#Technology,525,64,4,Bengaluru,Negative,593
6496,2026-09-19 23:37:00,user_275,Data analytics session today,#Python,402,75,87,Hyderabad,Neutral,564
4327,2026-09-19 23:42:00,user_286,Technology update today,#Cricket,623,99,10,Delhi,Neutral,732
6067,2026-09-19 23:45:00,user_142,Amazing experience today,#AI,386,184,72,Hyderabad,Positive,642
3227,2026-09-19 23:45:00,user_176,Great technology update,#AI,236,2,15,Delhi,Positive,253
8425,2026-09-19 23:50:00,user_212,I love this new AI tool,#AI,16,18,89,Delhi,Positive,123
4617,2026-09-19 23:58:00,user_61,This failed again,#Trending,162,136,13,Bengaluru,Negative,311
7252,2026-09-19 23:58:00,user_406,I love this new AI tool,#Python,341,179,39,Delhi,Positive,559
251,2026-09-20 00:05:00,user_488,Poor performance today,#Trending,637,182,32,Chennai,Negative,851
1753,2026-09-20 00:09:00,user_173,Great work by the team,#AI,329,99,59,Mumbai,Positive,487
6346,2026-09-20 00:11:00,user_190,I hate this problem,#DataAnalytics,247,196,9,Bengaluru,Negative,452
1965,2026-09-20 00:13:00,user_125,Amazing fitness progress,#Cricket,741,147,98,Chennai,Positive,986
6272,2026-09-20 00:13:00,user_371,Weather update from Bengaluru,#DataAnalytics,150,71,67,Delhi,Neutral,288
5187,2026-09-20 00:14:00,user_26,Fitness workout completed,#Bengaluru,325,64,17,Pune,Neutral,406
4766,2026-09-20 00:17:00,user_237,Weather update from Bengaluru,#Trending,531,171,25,Bengaluru,Neutral,727
6136,2026-09-20 00:23:00,user_342,Poor performance today,#Cricket,752,183,79,Bengaluru,Negative,1014
6918,2026-09-20 00:25:00,user_294,Cricket match scheduled today,#DataAnalytics,803,85,34,Mumbai,Neutral,922
4717,2026-09-20 00:27:00,user_178,Python is really useful,#Bengaluru,425,193,26,Chennai,Neutral,644
8546,2026-09-20 00:29:00,user_12,Poor performance today,#Cricket,939,4,33,Pune,Negative,976
3465,2026-09-20 00:32:00,user_76,Poor performance today,#Fitness,471,55,37,Mumbai,Negative,563
6526,2026-09-20 00:33:00,user_67,Fitness workout completed,#Technology,36,163,47,Bengaluru,Neutral,246
2985,2026-09-20 00:34:00,user_469,Python is really useful,#Technology,343,160,42,Chennai,Neutral,545
1153,2026-09-20 00:34:00,user_453,Worst experience ever,#Fitness,597,6,85,Delhi,Negative,688
1216,2026-09-20 00:49:00,user_332,Python project discussion,#Technology,481,119,72,Chennai,Neutral,672
4308,2026-09-20 00:56:00,user_9,Amazing experience today,#Technology,179,85,70,Mumbai,Positive,334
1271,2026-09-20 01:04:00,user_379,Great technology update,#Trending,487,41,51,Hyderabad,Positive,579
5395,2026-09-20 01:05:00,user_339,Beautiful day in Bengaluru,#AI,417,173,92,Pune,Positive,682
4028,2026-09-20 01:05:00,user_351,Beautiful day in Bengaluru,#Python,431,101,62,Pune,Positive,594
3156,2026-09-20 01:06:00,user_497,Excellent cricket match,#Cricket,222,47,94,Delhi,Positive,363
3755,2026-09-20 01:09:00,user_311,Data analytics session today,#DataAnalytics,312,157,69,Pune,Neutral,538
66,2026-09-20 01:10:00,user_317,Excellent cricket match,#DataAnalytics,526,151,84,Bengaluru,Positive,761
2977,2026-09-20 01:14:00,user_208,Python is really useful,#Bengaluru,427,101,5,Pune,Neutral,533
4618,2026-09-20 01:15:00,user_39,Great work by the team,#Technology,560,170,7,Hyderabad,Positive,737
181,2026-09-20 01:30:00,user_139,Amazing experience today,#Bengaluru,147,95,96,Delhi,Positive,338
464,2026-09-20 01:43:00,user_475,Great work by the team,#Fitness,984,9,13,Delhi,Positive,1006
5177,2026-09-20 01:46:00,user_39,Fitness workout completed,#Python,972,77,66,Bengaluru,Neutral,1115
6876,2026-09-20 01:48:00,user_287,Amazing fitness progress,#DataAnalytics,411,99,26,Mumbai,Positive,536
7594,2026-09-20 01:56:00,user_116,Bad experience today,#DataAnalytics,748,110,88,Bengaluru,Negative,946
3731,2026-09-20 01:59:00,user_216,Great work by the team,#Trending,878,138,89,Chennai,Positive,1105
4049,2026-09-20 02:03:00,user_121,Great work by the team,#Python,932,112,19,Pune,Positive,1063
7775,2026-09-20 02:13:00,user_27,Python is really useful,#Fitness,289,167,71,Mumbai,Neutral,527
7138,2026-09-20 02:20:00,user_35,Poor performance today,#Python,89,19,34,Mumbai,Negative,142
9501,2026-09-20 02:25:00,user_288,Amazing experience today,#Technology,812,123,27,Mumbai,Positive,962
3594,2026-09-20 02:26:00,user_76,Amazing fitness progress,#AI,57,52,64,Chennai,Positive,173
9575,2026-09-20 02:27:00,user_416,Fitness workout completed,#Bengaluru,244,109,83,Chennai,Neutral,436
4023,2026-09-20 02:30:00,user_372,Data analytics session today,#Cricket,897,122,89,Pune,Neutral,1108
7433,2026-09-20 02:39:00,user_7,Python is really useful,#Cricket,830,142,30,Hyderabad,Neutral,1002
4189,2026-09-20 02:41:00,user_486,I love this new AI tool,#AI,89,57,87,Hyderabad,Positive,233
9206,2026-09-20 02:43:00,user_420,Technology update today,#Python,128,96,80,Mumbai,Neutral,304
133,2026-09-20 02:46:00,user_54,Very disappointing result,#DataAnalytics,446,64,6,Mumbai,Neutral,516
1148,2026-09-20 02:57:00,user_250,Weather update from Bengaluru,#Cricket,77,66,63,Mumbai,Neutral,206
9044,2026-09-20 03:00:00,user_341,Beautiful day in Bengaluru,#Cricket,956,195,54,Pune,Positive,1205
8563,2026-09-20 03:07:00,user_221,Data analytics session today,#Trending,565,85,19,Mumbai,Neutral,669
3338,2026-09-20 03:13:00,user_203,Beautiful day in Bengaluru,#Trending,987,148,58,Chennai,Positive,1193
8468,2026-09-20 03:15:00,user_319,I hate this problem,#Bengaluru,69,139,45,Pune,Negative,253
5886,2026-09-20 03:23:00,user_200,Great work by the team,#Fitness,221,84,3,Bengaluru,Positive,308
1061,2026-09-20 03:27:00,user_223,Great work by the team,#DataAnalytics,705,129,98,Bengaluru,Positive,932
4236,2026-09-20 03:39:00,user_66,Great work by the team,#Technology,261,163,47,Chennai,Positive,471
492,2026-09-20 03:43:00,user_99,Python is really useful,#AI,798,136,88,Mumbai,Neutral,1022
3211,2026-09-20 03:44:00,user_487,Cricket match scheduled today,#Bengaluru,399,91,20,Delhi,Neutral,510
9210,2026-09-20 03:54:00,user_109,Fitness workout completed,#Trending,184,147,63,Pune,Neutral,394
9275,2026-09-20 04:22:00,user_238,New information available,#Trending,551,88,59,Mumbai,Neutral,698
1866,2026-09-20 04:24:00,user_428,I love this new AI tool,#Bengaluru,448,148,19,Mumbai,Positive,615
5618,2026-09-20 04:26:00,user_443,Python is really useful,#AI,953,29,64,Bengaluru,Neutral,1046
3698,2026-09-20 04:27:00,user_5,I love this new AI tool,#Fitness,285,90,42,Delhi,Positive,417
4945,2026-09-20 04:30:00,user_372,Worst experience ever,#Python,919,20,30,Bengaluru,Negative,969
1397,2026-09-20 04:35:00,user_427,Worst experience ever,#DataAnalytics,638,79,6,Delhi,Negative,723
9532,2026-09-20 04:42:00,user_170,I love this new AI tool,#Fitness,534,91,80,Pune,Positive,705
9516,2026-09-20 04:51:00,user_378,Weather update from Bengaluru,#Fitness,941,176,87,Chennai,Neutral,1204
938,2026-09-20 04:58:00,user_401,AI news update,#Technology,617,60,27,Bengaluru,Neutral,704
2627,2026-09-20 04:59:00,user_179,Amazing fitness progress,#AI,358,5,9,Bengaluru,Positive,372
4448,2026-09-20 05:02:00,user_199,This failed again,#Cricket,410,97,46,Mumbai,Negative,553
9236,2026-09-20 05:28:00,user_252,Amazing experience today,#DataAnalytics,985,6,22,Bengaluru,Positive,1013
952,2026-09-20 05:29:00,user_124,Data analytics session today,#Python,483,66,7,Mumbai,Neutral,556
8596,2026-09-20 05:33:00,user_192,Python project discussion,#Cricket,314,1,34,Hyderabad,Neutral,349
7688,2026-09-20 05:41:00,user_288,New information available,#Trending,555,116,6,Chennai,Neutral,677
9864,2026-09-20 05:45:00,user_176,I love this new AI tool,#DataAnalytics,327,165,7,Mumbai,Positive,499
5117,2026-09-20 05:48:00,user_459,I hate this problem,#Fitness,780,12,29,Pune,Negative,821
2185,2026-09-20 05:50:00,user_468,Great work by the team,#Python,137,60,10,Pune,Positive,207
4538,2026-09-20 05:50:00,user_414,Amazing experience today,#Fitness,829,105,11,Hyderabad,Positive,945
1201,2026-09-20 05:51:00,user_49,Amazing experience today,#Python,749,158,86,Delhi,Positive,993
3370,2026-09-20 05:52:00,user_74,I love this new AI tool,#Fitness,191,59,92,Chennai,Positive,342
844,2026-09-20 05:56:00,user_36,AI news update,#Cricket,922,47,29,Mumbai,Neutral,998
1056,2026-09-20 05:56:00,user_252,Great work by the team,#Fitness,836,93,80,Chennai,Positive,1009
4532,2026-09-20 05:57:00,user_66,Weather update from Bengaluru,#DataAnalytics,83,65,61,Mumbai,Neutral,209
9109,2026-09-20 06:03:00,user_193,Great work by the team,#Trending,59,86,25,Bengaluru,Positive,170
6030,2026-09-20 06:07:00,user_46,Poor performance today,#Python,488,20,25,Bengaluru,Negative,533
1807,2026-09-20 06:07:00,user_457,Python project discussion,#Bengaluru,185,46,53,Pune,Neutral,284
8813,2026-09-20 06:07:00,user_410,Fitness workout completed,#Python,220,16,96,Mumbai,Neutral,332
5968,2026-09-20 06:20:00,user_71,Terrible service,#Bengaluru,169,87,97,Hyderabad,Negative,353
8408,2026-09-20 06:21:00,user_107,Amazing fitness progress,#Fitness,571,11,17,Bengaluru,Positive,599
7087,2026-09-20 06:23:00,user_227,Python project discussion,#Trending,922,121,54,Delhi,Neutral,1097
6458,2026-09-20 06:24:00,user_103,Python project discussion,#Cricket,99,64,10,Bengaluru,Neutral,173
6729,2026-09-20 06:25:00,user_486,Beautiful day in Bengaluru,#Trending,515,66,90,Bengaluru,Positive,671
8721,2026-09-20 06:27:00,user_485,Amazing experience today,#Technology,555,59,92,Hyderabad,Positive,706
1358,2026-09-20 06:28:00,user_420,Worst experience ever,#Python,839,151,9,Chennai,Negative,999
9470,2026-09-20 06:35:00,user_182,Great technology update,#Python,515,60,56,Bengaluru,Positive,631
5351,2026-09-20 06:39:00,user_252,Data analytics session today,#Fitness,915,55,59,Delhi,Neutral,1029
5796,2026-09-20 07:04:00,user_410,Terrible service,#AI,533,70,94,Bengaluru,Negative,697
2207,2026-09-20 07:04:00,user_280,I love this new AI tool,#Technology,962,163,84,Pune,Positive,1209
2224,2026-09-20 07:08:00,user_229,I love this new AI tool,#Trending,226,43,38,Mumbai,Positive,307
6437,2026-09-20 07:11:00,user_336,Data analytics session today,#Python,224,12,40,Hyderabad,Neutral,276
7109,2026-09-20 07:15:00,user_98,Very disappointing result,#Technology,303,137,31,Chennai,Neutral,471
2812,2026-09-20 07:18:00,user_168,Fitness workout completed,#Python,358,13,27,Bengaluru,Neutral,398
3139,2026-09-20 07:18:00,user_149,Great technology update,#Fitness,66,69,24,Bengaluru,Positive,159
1092,2026-09-20 07:20:00,user_429,Excellent cricket match,#DataAnalytics,938,190,2,Mumbai,Positive,1130
8135,2026-09-20 07:28:00,user_461,Amazing fitness progress,#DataAnalytics,238,88,56,Mumbai,Positive,382
6302,2026-09-20 07:33:00,user_472,Technology update today,#Bengaluru,106,112,31,Delhi,Neutral,249
4391,2026-09-20 07:34:00,user_290,Amazing experience today,#DataAnalytics,838,191,52,Chennai,Positive,1081
6357,2026-09-20 07:39:00,user_80,Python project discussion,#Cricket,488,180,48,Pune,Neutral,716
820,2026-09-20 07:48:00,user_110,Python project discussion,#Trending,420,4,15,Delhi,Neutral,439
9862,2026-09-20 07:54:00,user_56,Great work by the team,#Trending,664,166,96,Mumbai,Positive,926
6225,2026-09-20 08:03:00,user_343,Great work by the team,#DataAnalytics,956,183,35,Chennai,Positive,1174
5985,2026-09-20 08:05:00,user_66,Terrible service,#Technology,821,141,28,Hyderabad,Negative,990
608,2026-09-20 08:07:00,user_455,Excellent cricket match,#Python,773,137,73,Pune,Positive,983
6408,2026-09-20 08:07:00,user_257,Data analytics session today,#Python,633,21,11,Pune,Neutral,665
8536,2026-09-20 08:10:00,user_499,Cricket match scheduled today,#DataAnalytics,190,184,16,Pune,Neutral,390
3329,2026-09-20 08:21:00,user_215,I love this new AI tool,#Fitness,432,22,66,Chennai,Positive,520
8305,2026-09-20 08:30:00,user_252,Great work by the team,#Bengaluru,758,105,78,Hyderabad,Positive,941
8416,2026-09-20 08:38:00,user_257,I am angry about this,#DataAnalytics,121,12,66,Hyderabad,Negative,199
6989,2026-09-20 08:44:00,user_298,Python is really useful,#AI,364,189,1,Bengaluru,Neutral,554
7332,2026-09-20 08:49:00,user_19,Poor performance today,#AI,707,196,37,Mumbai,Negative,940
5638,2026-09-20 08:51:00,user_245,Great work by the team,#Python,973,100,30,Bengaluru,Positive,1103
91,2026-09-20 08:52:00,user_297,Great work by the team,#DataAnalytics,338,46,29,Mumbai,Positive,413
4384,2026-09-20 08:53:00,user_287,Python is really useful,#AI,157,120,33,Delhi,Neutral,310
7690,2026-09-20 09:09:00,user_496,This failed again,#Fitness,825,25,70,Chennai,Negative,920
9248,2026-09-20 09:13:00,user_137,Great work by the team,#Trending,948,104,39,Chennai,Positive,1091
6251,2026-09-20 09:16:00,user_323,Amazing fitness progress,#Bengaluru,844,191,48,Mumbai,Positive,1083
9245,2026-09-20 09:25:00,user_277,Beautiful day in Bengaluru,#AI,284,128,67,Hyderabad,Positive,479
7013,2026-09-20 09:29:00,user_404,Great work by the team,#Technology,577,200,96,Bengaluru,Positive,873
203,2026-09-20 09:30:00,user_189,I love this new AI tool,#AI,487,197,44,Chennai,Positive,728
8851,2026-09-20 09:31:00,user_406,Excellent cricket match,#Python,619,190,85,Bengaluru,Positive,894
9610,2026-09-20 09:35:00,user_261,Amazing fitness progress,#Cricket,815,172,88,Delhi,Positive,1075
9028,2026-09-20 09:39:00,user_496,Weather update from Bengaluru,#Python,62,44,43,Bengaluru,Neutral,149
604,2026-09-20 09:44:00,user_446,Great technology update,#AI,72,82,92,Mumbai,Positive,246
3084,2026-09-20 09:46:00,user_285,This failed again,#Cricket,285,30,34,Delhi,Negative,349
4709,2026-09-20 09:50:00,user_170,Terrible service,#DataAnalytics,14,158,52,Chennai,Negative,224
1770,2026-09-20 09:55:00,user_191,Great work by the team,#Fitness,140,64,17,Bengaluru,Positive,221
9837,2026-09-20 09:58:00,user_236,Amazing fitness progress,#Bengaluru,981,19,6,Delhi,Positive,1006
6852,2026-09-20 10:05:00,user_461,Python is really useful,#DataAnalytics,559,182,88,Pune,Neutral,829
2586,2026-09-20 10:06:00,user_271,Fitness workout completed,#Fitness,937,3,98,Delhi,Neutral,1038
1107,2026-09-20 10:13:00,user_177,AI news update,#Fitness,859,33,69,Hyderabad,Neutral,961
1760,2026-09-20 10:15:00,user_376,Bad experience today,#Python,604,155,100,Bengaluru,Negative,859
8128,2026-09-20 10:16:00,user_467,I love this new AI tool,#Bengaluru,572,200,76,Hyderabad,Positive,848
3077,2026-09-20 10:18:00,user_399,Amazing fitness progress,#Technology,814,62,91,Mumbai,Positive,967
4064,2026-09-20 10:26:00,user_446,Amazing experience today,#Technology,474,167,96,Delhi,Positive,737
1342,2026-09-20 10:31:00,user_447,Amazing fitness progress,#DataAnalytics,746,66,82,Delhi,Positive,894
9950,2026-09-20 10:34:00,user_224,Amazing experience today,#Cricket,39,107,28,Pune,Positive,174
8315,2026-09-20 10:36:00,user_279,This failed again,#Fitness,188,130,46,Mumbai,Negative,364
5895,2026-09-20 10:40:00,user_196,Amazing fitness progress,#Python,355,171,80,Bengaluru,Positive,606
6629,2026-09-20 10:42:00,user_431,Beautiful day in Bengaluru,#AI,833,1,11,Delhi,Positive,845
8380,2026-09-20 10:43:00,user_248,This failed again,#DataAnalytics,631,114,28,Hyderabad,Negative,773
736,2026-09-20 10:44:00,user_147,Python is really useful,#Python,601,150,59,Bengaluru,Neutral,810
3357,2026-09-20 10:45:00,user_418,Amazing experience today,#AI,786,171,53,Bengaluru,Positive,1010
3605,2026-09-20 10:46:00,user_23,Python is really useful,#AI,34,116,52,Chennai,Neutral,202
4746,2026-09-20 10:47:00,user_111,Amazing fitness progress,#DataAnalytics,497,23,35,Mumbai,Positive,555
937,2026-09-20 10:51:00,user_388,Cricket match scheduled today,#Cricket,32,169,69,Chennai,Neutral,270
3593,2026-09-20 10:53:00,user_57,Poor performance today,#Technology,269,125,73,Bengaluru,Negative,467
6273,2026-09-20 11:03:00,user_265,Worst experience ever,#Trending,911,7,57,Hyderabad,Negative,975
8557,2026-09-20 11:24:00,user_451,Data analytics session today,#DataAnalytics,102,2,7,Delhi,Neutral,111
3075,2026-09-20 11:25:00,user_381,Amazing fitness progress,#Cricket,921,137,6,Pune,Positive,1064
3819,2026-09-20 11:25:00,user_441,I love this new AI tool,#Fitness,195,118,22,Delhi,Positive,335
6006,2026-09-20 11:32:00,user_346,I am angry about this,#DataAnalytics,972,80,58,Chennai,Negative,1110
4949,2026-09-20 11:34:00,user_473,Excellent cricket match,#Bengaluru,716,3,77,Mumbai,Positive,796
6906,2026-09-20 11:39:00,user_176,Excellent cricket match,#Python,27,60,95,Pune,Positive,182
6413,2026-09-20 11:39:00,user_387,Great work by the team,#Bengaluru,206,107,92,Delhi,Positive,405
297,2026-09-20 11:39:00,user_415,New information available,#Cricket,168,183,31,Chennai,Neutral,382
4034,2026-09-20 11:40:00,user_271,Bad experience today,#AI,886,134,11,Bengaluru,Negative,1031
2152,2026-09-20 11:41:00,user_377,Amazing experience today,#Fitness,682,129,59,Pune,Positive,870
8409,2026-09-20 11:43:00,user_236,Worst experience ever,#Bengaluru,91,183,64,Pune,Negative,338
3773,2026-09-20 11:46:00,user_87,Worst experience ever,#Fitness,81,142,18,Delhi,Negative,241
5028,2026-09-20 11:48:00,user_338,I am angry about this,#AI,975,140,63,Bengaluru,Negative,1178
569,2026-09-20 11:53:00,user_426,Python project discussion,#Python,540,55,1,Pune,Neutral,596
5041,2026-09-20 11:56:00,user_167,Beautiful day in Bengaluru,#Technology,161,42,26,Pune,Positive,229
5410,2026-09-20 11:57:00,user_382,Worst experience ever,#AI,98,16,87,Bengaluru,Negative,201
6226,2026-09-20 11:57:00,user_437,Amazing fitness progress,#Fitness,373,22,53,Mumbai,Positive,448
2383,2026-09-20 11:58:00,user_24,Great technology update,#Trending,901,14,49,Bengaluru,Positive,964
305,2026-09-20 12:00:00,user_187,Excellent cricket match,#Fitness,418,77,22,Hyderabad,Positive,517
4635,2026-09-20 12:04:00,user_404,This failed again,#Technology,657,188,21,Bengaluru,Negative,866
2910,2026-09-20 12:04:00,user_277,Great technology update,#Fitness,333,153,82,Mumbai,Positive,568
6076,2026-09-20 12:07:00,user_313,Python is really useful,#Fitness,841,44,61,Mumbai,Neutral,946
724,2026-09-20 12:13:00,user_388,Worst experience ever,#AI,143,86,57,Mumbai,Negative,286
1273,2026-09-20 12:15:00,user_330,New information available,#Technology,208,172,43,Bengaluru,Neutral,423
2938,2026-09-20 12:16:00,user_174,I am angry about this,#DataAnalytics,955,159,4,Pune,Negative,1118
3644,2026-09-20 12:19:00,user_13,Beautiful day in Bengaluru,#AI,369,59,83,Bengaluru,Positive,511
3860,2026-09-20 12:19:00,user_86,Amazing experience today,#Fitness,807,38,47,Hyderabad,Positive,892
488,2026-09-20 12:26:00,user_469,Terrible service,#Trending,906,134,3,Mumbai,Negative,1043
5931,2026-09-20 12:27:00,user_178,Excellent cricket match,#Cricket,342,45,95,Bengaluru,Positive,482
4680,2026-09-20 12:30:00,user_483,Technology update today,#DataAnalytics,317,72,25,Hyderabad,Neutral,414
9465,2026-09-20 12:39:00,user_433,Amazing experience today,#Cricket,87,74,67,Mumbai,Positive,228
2849,2026-09-20 12:40:00,user_154,Excellent cricket match,#Bengaluru,50,171,20,Chennai,Positive,241
4500,2026-09-20 12:48:00,user_224,Technology update today,#Bengaluru,564,102,97,Bengaluru,Neutral,763
2952,2026-09-20 12:48:00,user_272,Amazing experience today,#Bengaluru,18,7,22,Bengaluru,Positive,47
28,2026-09-20 12:56:00,user_439,Great technology update,#Fitness,131,54,29,Hyderabad,Positive,214
6684,2026-09-20 12:58:00,user_496,Python is really useful,#Trending,49,181,81,Chennai,Neutral,311
3829,2026-09-20 13:02:00,user_146,Python is really useful,#DataAnalytics,336,82,27,Chennai,Neutral,445
2108,2026-09-20 13:07:00,user_50,Technology update today,#Technology,327,54,64,Delhi,Neutral,445
2264,2026-09-20 13:09:00,user_391,AI news update,#Cricket,358,145,86,Bengaluru,Neutral,589
8625,2026-09-20 13:15:00,user_293,Excellent cricket match,#Trending,738,198,4,Chennai,Positive,940
2874,2026-09-20 13:20:00,user_31,Great technology update,#Technology,183,172,6,Hyderabad,Positive,361
6313,2026-09-20 13:25:00,user_175,Fitness workout completed,#AI,473,68,82,Delhi,Neutral,623
9008,2026-09-20 13:27:00,user_221,I love this new AI tool,#Bengaluru,177,198,96,Mumbai,Positive,471
29,2026-09-20 13:28:00,user_108,Excellent cricket match,#AI,370,172,26,Delhi,Positive,568
5064,2026-09-20 13:28:00,user_278,Data analytics session today,#Fitness,621,176,44,Chennai,Neutral,841
2226,2026-09-20 13:40:00,user_17,Python is really useful,#Cricket,642,43,53,Hyderabad,Neutral,738
348,2026-09-20 13:40:00,user_457,Beautiful day in Bengaluru,#DataAnalytics,164,179,74,Delhi,Positive,417
5907,2026-09-20 13:51:00,user_413,Amazing experience today,#Python,39,181,61,Bengaluru,Positive,281
6197,2026-09-20 13:51:00,user_85,Very disappointing result,#DataAnalytics,529,1,23,Chennai,Neutral,553
8147,2026-09-20 13:53:00,user_127,Beautiful day in Bengaluru,#Python,751,57,46,Mumbai,Positive,854
8063,2026-09-20 13:55:00,user_76,Very disappointing result,#Technology,215,77,34,Delhi,Neutral,326
2490,2026-09-20 13:55:00,user_90,Fitness workout completed,#Bengaluru,245,44,100,Delhi,Neutral,389
5833,2026-09-20 13:56:00,user_500,Great work by the team,#Fitness,995,88,74,Bengaluru,Positive,1157
7239,2026-09-20 14:01:00,user_97,Worst experience ever,#Fitness,28,153,98,Mumbai,Negative,279
1897,2026-09-20 14:03:00,user_192,I love this new AI tool,#Python,446,178,23,Pune,Positive,647
5941,2026-09-20 14:08:00,user_340,Beautiful day in Bengaluru,#Fitness,44,73,94,Chennai,Positive,211
3104,2026-09-20 14:14:00,user_270,Fitness workout completed,#Technology,740,34,90,Bengaluru,Neutral,864
5467,2026-09-20 14:25:00,user_297,Data analytics session today,#DataAnalytics,812,169,67,Delhi,Neutral,1048
4283,2026-09-20 14:29:00,user_81,Great work by the team,#AI,53,57,98,Chennai,Positive,208
46,2026-09-20 14:32:00,user_395,AI news update,#Python,1000,24,6,Delhi,Neutral,1030
6405,2026-09-20 14:37:00,user_498,Great technology update,#Bengaluru,785,44,11,Chennai,Positive,840
7367,2026-09-20 14:42:00,user_157,Cricket match scheduled today,#Cricket,310,53,4,Delhi,Neutral,367
1638,2026-09-20 14:44:00,user_152,Excellent cricket match,#Trending,700,181,1,Mumbai,Positive,882
1326,2026-09-20 14:46:00,user_211,Fitness workout completed,#Python,837,197,12,Bengaluru,Neutral,1046
350,2026-09-20 14:46:00,user_454,Python is really useful,#DataAnalytics,499,113,57,Bengaluru,Neutral,669
8858,2026-09-20 14:49:00,user_486,Beautiful day in Bengaluru,#Bengaluru,730,14,46,Chennai,Positive,790
1734,2026-09-20 14:50:00,user_62,Python project discussion,#Python,233,74,3,Mumbai,Neutral,310
6218,2026-09-20 14:52:00,user_327,Data analytics session today,#Fitness,867,68,53,Bengaluru,Neutral,988
8931,2026-09-20 14:54:00,user_55,Data analytics session today,#Python,365,125,84,Hyderabad,Neutral,574
1919,2026-09-20 14:56:00,user_13,AI news update,#Cricket,258,68,34,Bengaluru,Neutral,360
1762,2026-09-20 14:59:00,user_443,Amazing fitness progress,#Trending,886,110,91,Bengaluru,Positive,1087
8485,2026-09-20 15:04:00,user_201,I love this new AI tool,#DataAnalytics,746,30,20,Bengaluru,Positive,796
9801,2026-09-20 15:04:00,user_109,Data analytics session today,#Bengaluru,782,58,79,Bengaluru,Neutral,919
7506,2026-09-20 15:07:00,user_197,Poor performance today,#Technology,833,159,33,Bengaluru,Negative,1025
575,2026-09-20 15:12:00,user_368,Cricket match scheduled today,#Python,235,139,25,Delhi,Neutral,399
9119,2026-09-20 15:30:00,user_444,Data analytics session today,#Fitness,931,179,45,Delhi,Neutral,1155
7089,2026-09-20 15:37:00,user_367,Great technology update,#Python,279,25,66,Pune,Positive,370
4923,2026-09-20 15:38:00,user_209,Amazing experience today,#AI,47,81,14,Hyderabad,Positive,142
5363,2026-09-20 15:41:00,user_245,Great technology update,#Cricket,474,196,30,Bengaluru,Positive,700
124,2026-09-20 16:01:00,user_424,Excellent cricket match,#AI,27,18,79,Chennai,Positive,124
6770,2026-09-20 16:02:00,user_304,Excellent cricket match,#Python,297,145,97,Hyderabad,Positive,539
8314,2026-09-20 16:10:00,user_92,Excellent cricket match,#Technology,442,22,60,Bengaluru,Positive,524
2213,2026-09-20 16:19:00,user_424,Poor performance today,#DataAnalytics,422,34,25,Hyderabad,Negative,481
4131,2026-09-20 16:32:00,user_376,Technology update today,#Fitness,361,56,16,Delhi,Neutral,433
6630,2026-09-20 16:33:00,user_474,Amazing fitness progress,#Fitness,353,39,92,Hyderabad,Positive,484
3100,2026-09-20 16:36:00,user_151,Bad experience today,#Python,152,96,84,Pune,Negative,332
7520,2026-09-20 16:39:00,user_412,Great technology update,#DataAnalytics,307,128,17,Pune,Positive,452
8185,2026-09-20 16:40:00,user_315,Poor performance today,#Fitness,977,169,21,Pune,Negative,1167
8623,2026-09-20 16:45:00,user_73,Great work by the team,#Trending,626,78,31,Delhi,Positive,735
9475,2026-09-20 16:59:00,user_87,Great work by the team,#Fitness,74,199,1,Pune,Positive,274
9252,2026-09-20 17:02:00,user_225,Worst experience ever,#DataAnalytics,179,181,60,Delhi,Negative,420
5095,2026-09-20 17:05:00,user_325,Great work by the team,#Fitness,485,96,45,Bengaluru,Positive,626
4888,2026-09-20 17:08:00,user_471,Amazing experience today,#Bengaluru,96,149,77,Pune,Positive,322
2095,2026-09-20 17:08:00,user_246,Great work by the team,#Technology,725,73,39,Hyderabad,Positive,837
8676,2026-09-20 17:11:00,user_83,Cricket match scheduled today,#DataAnalytics,514,104,84,Hyderabad,Neutral,702
9863,2026-09-20 17:11:00,user_476,Cricket match scheduled today,#Technology,834,13,29,Bengaluru,Neutral,876
2323,2026-09-20 17:14:00,user_218,Great work by the team,#Technology,141,23,88,Delhi,Positive,252
8999,2026-09-20 17:16:00,user_442,Cricket match scheduled today,#Trending,866,163,79,Delhi,Neutral,1108
7095,2026-09-20 17:16:00,user_421,Cricket match scheduled today,#Trending,194,122,90,Pune,Neutral,406
1224,2026-09-20 17:27:00,user_394,Bad experience today,#Cricket,355,80,6,Hyderabad,Negative,441
41,2026-09-20 17:28:00,user_196,Amazing experience today,#Bengaluru,179,48,56,Pune,Positive,283
6046,2026-09-20 17:32:00,user_483,Excellent cricket match,#Technology,54,89,24,Chennai,Positive,167
8699,2026-09-20 17:35:00,user_82,Bad experience today,#Trending,250,104,71,Bengaluru,Negative,425
7845,2026-09-20 17:43:00,user_276,I love this new AI tool,#Technology,160,42,10,Pune,Positive,212
9841,2026-09-20 17:49:00,user_132,Amazing experience today,#Technology,162,154,65,Delhi,Positive,381
9117,2026-09-20 18:01:00,user_439,I love this new AI tool,#Trending,309,47,13,Hyderabad,Positive,369
6725,2026-09-20 18:02:00,user_324,I love this new AI tool,#Bengaluru,891,53,45,Pune,Positive,989
6552,2026-09-20 18:04:00,user_183,Excellent cricket match,#Trending,152,63,79,Mumbai,Positive,294
4678,2026-09-20 18:13:00,user_56,I love this new AI tool,#Python,845,191,10,Bengaluru,Positive,1046
5852,2026-09-20 18:14:00,user_423,Python is really useful,#Python,392,98,44,Chennai,Neutral,534
6549,2026-09-20 18:16:00,user_437,Python project discussion,#AI,371,176,13,Pune,Neutral,560
2322,2026-09-20 18:19:00,user_71,Excellent cricket match,#Trending,264,21,72,Chennai,Positive,357
4545,2026-09-20 18:20:00,user_463,Beautiful day in Bengaluru,#AI,685,142,82,Mumbai,Positive,909
9640,2026-09-20 18:20:00,user_402,This failed again,#AI,676,37,58,Bengaluru,Negative,771
5393,2026-09-20 18:27:00,user_150,Great technology update,#Cricket,418,81,34,Mumbai,Positive,533
1778,2026-09-20 18:28:00,user_173,Amazing fitness progress,#Fitness,548,51,34,Pune,Positive,633
9107,2026-09-20 18:31:00,user_313,Bad experience today,#Technology,55,94,92,Mumbai,Negative,241
9576,2026-09-20 18:48:00,user_179,Python is really useful,#Trending,404,173,82,Mumbai,Neutral,659
5993,2026-09-20 18:50:00,user_262,Technology update today,#Bengaluru,719,58,1,Pune,Neutral,778
3675,2026-09-20 18:56:00,user_386,I love this new AI tool,#Trending,69,55,11,Mumbai,Positive,135
549,2026-09-20 19:03:00,user_271,Very disappointing result,#Technology,305,33,22,Delhi,Neutral,360
4735,2026-09-20 19:05:00,user_295,This failed again,#Python,54,167,83,Mumbai,Negative,304
8611,2026-09-20 19:08:00,user_94,Data analytics session today,#AI,775,61,24,Chennai,Neutral,860
3647,2026-09-20 19:09:00,user_204,Terrible service,#Fitness,650,58,69,Bengaluru,Negative,777
2112,2026-09-20 19:11:00,user_292,Fitness workout completed,#Technology,617,98,78,Bengaluru,Neutral,793
4381,2026-09-20 19:14:00,user_423,Data analytics session today,#DataAnalytics,454,79,99,Chennai,Neutral,632
4012,2026-09-20 19:17:00,user_110,Amazing experience today,#Cricket,826,108,39,Hyderabad,Positive,973
5626,2026-09-20 19:17:00,user_312,Amazing experience today,#DataAnalytics,177,22,13,Delhi,Positive,212
5563,2026-09-20 19:19:00,user_280,Python project discussion,#Fitness,550,169,25,Chennai,Neutral,744
8209,2026-09-20 19:22:00,user_167,Python project discussion,#Python,588,156,74,Hyderabad,Neutral,818
6000,2026-09-20 19:35:00,user_177,Fitness workout completed,#Technology,965,146,45,Pune,Neutral,1156
8683,2026-09-20 19:41:00,user_199,I love this new AI tool,#Python,231,164,84,Bengaluru,Positive,479
9378,2026-09-20 19:54:00,user_424,Beautiful day in Bengaluru,#Bengaluru,183,70,3,Mumbai,Positive,256
9030,2026-09-20 20:07:00,user_214,Beautiful day in Bengaluru,#DataAnalytics,670,42,16,Delhi,Positive,728
6622,2026-09-20 20:15:00,user_87,Amazing experience today,#Python,766,151,32,Hyderabad,Positive,949
7570,2026-09-20 20:18:00,user_180,Great work by the team,#Python,569,196,83,Pune,Positive,848
9846,2026-09-20 20:21:00,user_113,Python is really useful,#Bengaluru,977,91,3,Delhi,Neutral,1071
2848,2026-09-20 20:22:00,user_96,Technology update today,#Python,617,43,100,Hyderabad,Neutral,760
3293,2026-09-20 20:30:00,user_455,Very disappointing result,#Fitness,267,103,96,Mumbai,Neutral,466
48,2026-09-20 20:30:00,user_186,Amazing experience today,#Cricket,280,92,42,Delhi,Positive,414
7181,2026-09-20 20:31:00,user_215,Python is really useful,#AI,118,13,91,Bengaluru,Neutral,222
8734,2026-09-20 20:33:00,user_109,Amazing fitness progress,#Python,228,136,66,Bengaluru,Positive,430
1239,2026-09-20 20:40:00,user_37,Amazing experience today,#DataAnalytics,427,49,27,Delhi,Positive,503
7935,2026-09-20 20:41:00,user_62,New information available,#Cricket,865,38,11,Delhi,Neutral,914
4117,2026-09-20 20:42:00,user_350,Poor performance today,#DataAnalytics,409,104,86,Chennai,Negative,599
2739,2026-09-20 20:45:00,user_157,Very disappointing result,#Trending,579,193,78,Mumbai,Neutral,850
5174,2026-09-20 20:49:00,user_230,I am angry about this,#Fitness,453,117,23,Delhi,Negative,593
1824,2026-09-20 20:52:00,user_135,Python is really useful,#DataAnalytics,851,135,61,Delhi,Neutral,1047
8644,2026-09-20 21:01:00,user_170,Weather update from Bengaluru,#Trending,895,40,75,Hyderabad,Neutral,1010
8444,2026-09-20 21:05:00,user_237,Weather update from Bengaluru,#Python,348,12,29,Mumbai,Neutral,389
3592,2026-09-20 21:18:00,user_143,I hate this problem,#DataAnalytics,271,161,65,Hyderabad,Negative,497
9308,2026-09-20 21:19:00,user_472,I love this new AI tool,#AI,88,178,62,Hyderabad,Positive,328
5888,2026-09-20 21:26:00,user_286,New information available,#Cricket,661,158,37,Chennai,Neutral,856
8750,2026-09-20 21:27:00,user_13,Data analytics session today,#Fitness,495,194,9,Mumbai,Neutral,698
8297,2026-09-20 21:28:00,user_255,Beautiful day in Bengaluru,#Python,91,137,96,Delhi,Positive,324
2375,2026-09-20 21:30:00,user_434,Python project discussion,#Fitness,814,145,78,Chennai,Neutral,1037
8634,2026-09-20 21:31:00,user_179,Data analytics session today,#Technology,313,110,45,Mumbai,Neutral,468
5575,2026-09-20 21:31:00,user_158,Amazing fitness progress,#Technology,827,1,61,Hyderabad,Positive,889
8559,2026-09-20 21:35:00,user_179,Beautiful day in Bengaluru,#Python,468,105,4,Mumbai,Positive,577
9385,2026-09-20 21:37:00,user_489,Weather update from Bengaluru,#Bengaluru,658,174,22,Delhi,Neutral,854
8133,2026-09-20 21:44:00,user_452,Fitness workout completed,#Fitness,965,113,9,Mumbai,Neutral,1087
5650,2026-09-20 21:45:00,user_475,Very disappointing result,#Technology,650,22,60,Hyderabad,Neutral,732
8966,2026-09-20 21:47:00,user_384,Python is really useful,#Fitness,816,84,54,Mumbai,Neutral,954
2693,2026-09-20 21:47:00,user_261,Terrible service,#Trending,858,196,21,Bengaluru,Negative,1075
2707,2026-09-20 21:48:00,user_470,Poor performance today,#Technology,822,76,52,Hyderabad,Negative,950
5988,2026-09-20 21:49:00,user_371,Fitness workout completed,#AI,530,198,90,Mumbai,Neutral,818
7785,2026-09-20 21:53:00,user_417,Amazing experience today,#Trending,578,4,90,Mumbai,Positive,672
3140,2026-09-20 21:58:00,user_408,New information available,#Technology,708,121,17,Mumbai,Neutral,846
2124,2026-09-20 22:12:00,user_306,New information available,#DataAnalytics,485,170,34,Chennai,Neutral,689
7592,2026-09-20 22:17:00,user_363,Cricket match scheduled today,#Cricket,395,163,91,Delhi,Neutral,649
3155,2026-09-20 22:17:00,user_436,I love this new AI tool,#Bengaluru,714,48,17,Hyderabad,Positive,779
4725,2026-09-20 22:21:00,user_227,Amazing fitness progress,#Cricket,980,68,41,Chennai,Positive,1089
3555,2026-09-20 22:23:00,user_463,Great technology update,#Fitness,717,190,23,Hyderabad,Positive,930
708,2026-09-20 22:27:00,user_107,Amazing experience today,#DataAnalytics,316,111,79,Chennai,Positive,506
3455,2026-09-20 22:27:00,user_23,Data analytics session today,#Bengaluru,177,25,2,Mumbai,Neutral,204
6596,2026-09-20 22:28:00,user_434,I love this new AI tool,#Python,528,185,35,Hyderabad,Positive,748
4222,2026-09-20 22:33:00,user_361,Amazing fitness progress,#Python,990,15,37,Pune,Positive,1042
5076,2026-09-20 22:37:00,user_176,Excellent cricket match,#Trending,90,14,60,Delhi,Positive,164
414,2026-09-20 22:39:00,user_285,Great work by the team,#Python,273,147,74,Delhi,Positive,494
8582,2026-09-20 22:40:00,user_262,I am angry about this,#Python,329,200,8,Chennai,Negative,537
9874,2026-09-20 22:42:00,user_272,Amazing fitness progress,#DataAnalytics,150,7,40,Chennai,Positive,197
5150,2026-09-20 22:52:00,user_332,Python project discussion,#Cricket,105,47,72,Bengaluru,Neutral,224
9394,2026-09-20 22:55:00,user_11,Python project discussion,#Cricket,300,2,25,Delhi,Neutral,327
2276,2026-09-20 23:01:00,user_51,Very disappointing result,#Technology,50,86,76,Bengaluru,Neutral,212
3426,2026-09-20 23:17:00,user_356,Amazing fitness progress,#AI,617,130,86,Delhi,Positive,833
8597,2026-09-20 23:20:00,user_26,Amazing fitness progress,#Trending,308,17,72,Pune,Positive,397
3386,2026-09-20 23:28:00,user_201,Amazing experience today,#Technology,971,70,10,Bengaluru,Positive,1051
2767,2026-09-20 23:37:00,user_451,Excellent cricket match,#Technology,85,196,50,Mumbai,Positive,331
4017,2026-09-20 23:39:00,user_448,Fitness workout completed,#AI,973,113,60,Mumbai,Neutral,1146
4454,2026-09-20 23:43:00,user_74,Beautiful day in Bengaluru,#Python,354,138,62,Hyderabad,Positive,554
7012,2026-09-20 23:47:00,user_429,I am angry about this,#Fitness,579,138,38,Hyderabad,Negative,755
2578,2026-09-20 23:50:00,user_264,Data analytics session today,#AI,432,59,43,Mumbai,Neutral,534
8619,2026-09-21 00:01:00,user_124,Excellent cricket match,#Trending,253,91,64,Delhi,Positive,408
8542,2026-09-21 00:03:00,user_464,Weather update from Bengaluru,#AI,732,14,16,Chennai,Neutral,762
3956,2026-09-21 00:04:00,user_169,Python project discussion,#Bengaluru,542,36,95,Hyderabad,Neutral,673
6287,2026-09-21 00:12:00,user_374,Python is really useful,#Technology,992,170,70,Delhi,Neutral,1232
4771,2026-09-21 00:22:00,user_10,New information available,#DataAnalytics,589,199,28,Chennai,Neutral,816
7685,2026-09-21 00:23:00,user_95,Weather update from Bengaluru,#Python,772,163,3,Delhi,Neutral,938
3112,2026-09-21 00:26:00,user_87,Python is really useful,#Python,409,145,96,Chennai,Neutral,650
6678,2026-09-21 00:28:00,user_106,Data analytics session today,#Trending,218,103,96,Pune,Neutral,417
8996,2026-09-21 00:34:00,user_265,Great work by the team,#Bengaluru,429,43,99,Hyderabad,Positive,571
7108,2026-09-21 00:36:00,user_449,Excellent cricket match,#Trending,505,163,4,Chennai,Positive,672
8641,2026-09-21 00:48:00,user_243,AI news update,#Python,734,103,62,Chennai,Neutral,899
3339,2026-09-21 00:49:00,user_431,AI news update,#Python,482,88,6,Delhi,Neutral,576
2666,2026-09-21 01:04:00,user_191,Cricket match scheduled today,#Trending,574,153,91,Pune,Neutral,818
3337,2026-09-21 01:16:00,user_16,I love this new AI tool,#Fitness,896,78,70,Delhi,Positive,1044
683,2026-09-21 01:18:00,user_371,I am angry about this,#DataAnalytics,894,195,48,Mumbai,Negative,1137
3356,2026-09-21 01:21:00,user_472,Bad experience today,#DataAnalytics,407,161,74,Bengaluru,Negative,642
439,2026-09-21 01:22:00,user_130,Great technology update,#Bengaluru,711,20,99,Delhi,Positive,830
6075,2026-09-21 01:34:00,user_137,Beautiful day in Bengaluru,#DataAnalytics,881,36,41,Delhi,Positive,958
3887,2026-09-21 01:37:00,user_456,Cricket match scheduled today,#Python,666,52,62,Chennai,Neutral,780
5859,2026-09-21 01:45:00,user_132,Amazing fitness progress,#DataAnalytics,126,139,78,Hyderabad,Positive,343
2719,2026-09-21 01:48:00,user_457,I hate this problem,#Bengaluru,268,176,100,Delhi,Negative,544
774,2026-09-21 01:48:00,user_285,AI news update,#Python,421,15,29,Hyderabad,Neutral,465
7868,2026-09-21 01:52:00,user_315,Python project discussion,#Python,144,82,21,Pune,Neutral,247
1045,2026-09-21 02:12:00,user_291,Beautiful day in Bengaluru,#Python,779,155,29,Chennai,Positive,963
3080,2026-09-21 02:16:00,user_425,Poor performance today,#Trending,719,129,52,Chennai,Negative,900
3636,2026-09-21 02:21:00,user_428,Data analytics session today,#Fitness,624,160,62,Delhi,Neutral,846
4171,2026-09-21 02:26:00,user_284,Python is really useful,#AI,171,45,12,Chennai,Neutral,228
5568,2026-09-21 02:33:00,user_87,Cricket match scheduled today,#Trending,612,113,85,Delhi,Neutral,810
8370,2026-09-21 02:40:00,user_491,Technology update today,#Trending,482,121,6,Chennai,Neutral,609
424,2026-09-21 02:40:00,user_399,I love this new AI tool,#Fitness,554,141,19,Bengaluru,Positive,714
1901,2026-09-21 02:48:00,user_278,I am angry about this,#DataAnalytics,622,173,1,Hyderabad,Negative,796
4536,2026-09-21 02:54:00,user_348,I love this new AI tool,#Python,69,146,42,Chennai,Positive,257
9659,2026-09-21 02:55:00,user_463,Great technology update,#Cricket,107,195,86,Hyderabad,Positive,388
5183,2026-09-21 03:01:00,user_265,Very disappointing result,#Trending,970,29,1,Mumbai,Neutral,1000
1697,2026-09-21 03:04:00,user_216,Data analytics session today,#AI,347,174,19,Chennai,Neutral,540
9263,2026-09-21 03:04:00,user_473,Great technology update,#AI,461,28,84,Pune,Positive,573
6670,2026-09-21 03:05:00,user_265,Beautiful day in Bengaluru,#Bengaluru,566,44,35,Bengaluru,Positive,645
5423,2026-09-21 03:24:00,user_262,This failed again,#Technology,728,94,22,Bengaluru,Negative,844
287,2026-09-21 03:31:00,user_120,I am angry about this,#Bengaluru,139,57,29,Pune,Negative,225
8477,2026-09-21 03:40:00,user_116,Technology update today,#Trending,131,143,28,Chennai,Neutral,302
8976,2026-09-21 03:59:00,user_481,AI news update,#Cricket,715,23,11,Hyderabad,Neutral,749
8179,2026-09-21 04:00:00,user_242,Python is really useful,#Trending,526,199,78,Hyderabad,Neutral,803
4698,2026-09-21 04:00:00,user_462,I am angry about this,#Bengaluru,906,117,19,Bengaluru,Negative,1042
3863,2026-09-21 04:00:00,user_62,Amazing fitness progress,#AI,661,61,79,Pune,Positive,801
7476,2026-09-21 04:07:00,user_237,I am angry about this,#DataAnalytics,92,108,19,Pune,Negative,219
6432,2026-09-21 04:14:00,user_313,Cricket match scheduled today,#Cricket,147,150,59,Delhi,Neutral,356
1556,2026-09-21 04:25:00,user_75,Fitness workout completed,#AI,183,66,26,Hyderabad,Neutral,275
3205,2026-09-21 04:28:00,user_44,I hate this problem,#Cricket,199,69,29,Bengaluru,Negative,297
8118,2026-09-21 04:28:00,user_215,Technology update today,#Technology,141,164,23,Pune,Neutral,328
1874,2026-09-21 04:28:00,user_291,Amazing fitness progress,#DataAnalytics,381,111,58,Chennai,Positive,550
4879,2026-09-21 04:33:00,user_321,Amazing fitness progress,#AI,937,19,43,Bengaluru,Positive,999
7094,2026-09-21 04:36:00,user_140,Cricket match scheduled today,#DataAnalytics,757,52,71,Pune,Neutral,880
1054,2026-09-21 04:42:00,user_190,Great technology update,#Cricket,583,176,58,Chennai,Positive,817
1144,2026-09-21 04:43:00,user_133,I hate this problem,#Bengaluru,312,15,48,Hyderabad,Negative,375
4516,2026-09-21 04:45:00,user_444,Amazing experience today,#Cricket,703,172,47,Hyderabad,Positive,922
5168,2026-09-21 04:48:00,user_306,Very disappointing result,#Cricket,71,38,6,Pune,Neutral,115
4579,2026-09-21 04:49:00,user_470,Worst experience ever,#Technology,917,92,72,Mumbai,Negative,1081
8523,2026-09-21 04:55:00,user_374,I love this new AI tool,#Trending,833,130,20,Mumbai,Positive,983
9770,2026-09-21 05:00:00,user_164,Excellent cricket match,#Python,861,165,62,Chennai,Positive,1088
9333,2026-09-21 05:03:00,user_406,Excellent cricket match,#Cricket,897,140,81,Bengaluru,Positive,1118
7615,2026-09-21 05:06:00,user_367,Amazing fitness progress,#DataAnalytics,91,89,89,Chennai,Positive,269
7229,2026-09-21 05:06:00,user_185,New information available,#Trending,735,131,49,Bengaluru,Neutral,915
7554,2026-09-21 05:15:00,user_397,I love this new AI tool,#Bengaluru,946,167,37,Mumbai,Positive,1150
7593,2026-09-21 05:20:00,user_420,Great technology update,#Python,18,160,65,Hyderabad,Positive,243
8974,2026-09-21 05:20:00,user_47,Bad experience today,#AI,616,87,65,Pune,Negative,768
2909,2026-09-21 05:25:00,user_254,Amazing experience today,#DataAnalytics,189,176,72,Pune,Positive,437
5454,2026-09-21 05:26:00,user_211,Great work by the team,#DataAnalytics,31,62,85,Pune,Positive,178
1407,2026-09-21 05:29:00,user_279,Excellent cricket match,#AI,14,160,86,Pune,Positive,260
5557,2026-09-21 05:31:00,user_442,Great technology update,#Bengaluru,305,180,56,Chennai,Positive,541
2195,2026-09-21 05:35:00,user_252,Bad experience today,#AI,249,162,28,Mumbai,Negative,439
5972,2026-09-21 05:39:00,user_217,Beautiful day in Bengaluru,#Bengaluru,873,157,41,Chennai,Positive,1071
7921,2026-09-21 05:43:00,user_186,I love this new AI tool,#AI,678,156,50,Hyderabad,Positive,884
3276,2026-09-21 05:48:00,user_314,Fitness workout completed,#Trending,733,120,100,Chennai,Neutral,953
7065,2026-09-21 05:49:00,user_475,Very disappointing result,#Cricket,973,30,88,Pune,Neutral,1091
4465,2026-09-21 05:51:00,user_359,Cricket match scheduled today,#Bengaluru,196,132,57,Chennai,Neutral,385
6434,2026-09-21 05:53:00,user_424,AI news update,#Fitness,660,2,42,Delhi,Neutral,704
3414,2026-09-21 05:56:00,user_216,Python is really useful,#Technology,124,100,65,Mumbai,Neutral,289
1379,2026-09-21 06:01:00,user_307,Excellent cricket match,#Trending,73,74,11,Delhi,Positive,158
4455,2026-09-21 06:05:00,user_187,Worst experience ever,#AI,695,42,19,Bengaluru,Negative,756
4574,2026-09-21 06:10:00,user_58,Beautiful day in Bengaluru,#Bengaluru,20,44,2,Delhi,Positive,66
769,2026-09-21 06:11:00,user_460,Amazing experience today,#Technology,270,49,40,Hyderabad,Positive,359
9500,2026-09-21 06:16:00,user_252,Python is really useful,#AI,258,111,71,Hyderabad,Neutral,440
8100,2026-09-21 06:17:00,user_364,Python is really useful,#Trending,544,46,78,Bengaluru,Neutral,668
8718,2026-09-21 06:24:00,user_364,Excellent cricket match,#Trending,371,14,7,Chennai,Positive,392
9507,2026-09-21 06:33:00,user_463,Very disappointing result,#Fitness,426,105,28,Bengaluru,Neutral,559
1133,2026-09-21 06:34:00,user_477,Amazing experience today,#Trending,18,69,97,Mumbai,Positive,184
8145,2026-09-21 06:42:00,user_104,Very disappointing result,#Technology,101,156,60,Mumbai,Neutral,317
380,2026-09-21 06:47:00,user_475,Cricket match scheduled today,#Fitness,927,59,3,Mumbai,Neutral,989
1633,2026-09-21 06:57:00,user_113,Technology update today,#DataAnalytics,208,142,95,Hyderabad,Neutral,445
4912,2026-09-21 07:01:00,user_245,Bad experience today,#Cricket,954,95,53,Delhi,Negative,1102
6261,2026-09-21 07:02:00,user_212,I love this new AI tool,#DataAnalytics,387,69,25,Delhi,Positive,481
9798,2026-09-21 07:05:00,user_386,This failed again,#Technology,166,66,70,Chennai,Negative,302
7982,2026-09-21 07:07:00,user_51,Amazing experience today,#DataAnalytics,866,142,63,Mumbai,Positive,1071
8090,2026-09-21 07:17:00,user_359,Terrible service,#Python,176,173,98,Chennai,Negative,447
2426,2026-09-21 07:22:00,user_411,Fitness workout completed,#Cricket,840,46,92,Chennai,Neutral,978
3052,2026-09-21 07:23:00,user_13,Great work by the team,#Trending,525,8,68,Pune,Positive,601
8197,2026-09-21 07:31:00,user_427,Excellent cricket match,#Trending,166,189,25,Chennai,Positive,380
1308,2026-09-21 07:34:00,user_326,Cricket match scheduled today,#DataAnalytics,649,121,35,Chennai,Neutral,805
2781,2026-09-21 07:40:00,user_461,Amazing fitness progress,#Python,846,193,94,Hyderabad,Positive,1133
6905,2026-09-21 07:52:00,user_78,Great technology update,#Cricket,914,19,52,Pune,Positive,985
2716,2026-09-21 07:59:00,user_22,Beautiful day in Bengaluru,#Python,594,62,97,Pune,Positive,753
2032,2026-09-21 08:06:00,user_280,Python is really useful,#Technology,239,187,31,Pune,Neutral,457
2949,2026-09-21 08:09:00,user_301,Data analytics session today,#DataAnalytics,587,50,60,Hyderabad,Neutral,697
6829,2026-09-21 08:11:00,user_212,I love this new AI tool,#DataAnalytics,906,18,12,Pune,Positive,936
9058,2026-09-21 08:28:00,user_291,I love this new AI tool,#Python,877,127,26,Delhi,Positive,1030
2858,2026-09-21 08:30:00,user_357,Worst experience ever,#Fitness,513,83,9,Delhi,Negative,605
1490,2026-09-21 08:41:00,user_279,Amazing fitness progress,#Bengaluru,144,108,33,Delhi,Positive,285
793,2026-09-21 08:42:00,user_220,Python is really useful,#Fitness,484,31,98,Chennai,Neutral,613
7020,2026-09-21 08:44:00,user_346,Amazing fitness progress,#DataAnalytics,683,54,28,Bengaluru,Positive,765
7106,2026-09-21 08:48:00,user_459,Great technology update,#Technology,663,196,73,Mumbai,Positive,932
2831,2026-09-21 08:53:00,user_386,Amazing experience today,#Fitness,262,113,72,Chennai,Positive,447
4414,2026-09-21 08:56:00,user_325,Bad experience today,#AI,361,52,36,Chennai,Negative,449
5268,2026-09-21 08:59:00,user_124,Great technology update,#Trending,443,34,80,Bengaluru,Positive,557
8662,2026-09-21 09:01:00,user_330,Weather update from Bengaluru,#Fitness,103,199,24,Chennai,Neutral,326
5013,2026-09-21 09:03:00,user_330,Great technology update,#Cricket,377,43,41,Bengaluru,Positive,461
7163,2026-09-21 09:16:00,user_209,Technology update today,#Trending,676,25,43,Chennai,Neutral,744
9265,2026-09-21 09:17:00,user_27,Great technology update,#Python,829,123,89,Mumbai,Positive,1041
9413,2026-09-21 09:18:00,user_448,Python is really useful,#Python,386,187,75,Mumbai,Neutral,648
5026,2026-09-21 09:32:00,user_110,I am angry about this,#DataAnalytics,908,158,91,Pune,Negative,1157
1571,2026-09-21 09:35:00,user_495,Python project discussion,#DataAnalytics,583,146,56,Pune,Neutral,785
8486,2026-09-21 09:38:00,user_136,This failed again,#Bengaluru,68,86,39,Chennai,Negative,193
3719,2026-09-21 09:39:00,user_178,This failed again,#DataAnalytics,590,24,94,Bengaluru,Negative,708
6563,2026-09-21 09:46:00,user_73,New information available,#Fitness,409,82,93,Hyderabad,Neutral,584
8617,2026-09-21 09:55:00,user_293,Python is really useful,#Trending,427,27,73,Delhi,Neutral,527
6464,2026-09-21 09:56:00,user_420,I hate this problem,#Trending,426,56,22,Pune,Negative,504
5793,2026-09-21 10:01:00,user_2,This failed again,#Fitness,11,1,6,Mumbai,Negative,18
4554,2026-09-21 10:01:00,user_299,Beautiful day in Bengaluru,#Python,164,94,23,Hyderabad,Positive,281
8348,2026-09-21 10:02:00,user_479,Data analytics session today,#Technology,550,54,26,Delhi,Neutral,630
9982,2026-09-21 10:03:00,user_438,Bad experience today,#DataAnalytics,638,47,88,Mumbai,Negative,773
3537,2026-09-21 10:05:00,user_306,Python is really useful,#Technology,708,22,43,Hyderabad,Neutral,773
2169,2026-09-21 10:07:00,user_218,Python project discussion,#AI,248,138,100,Delhi,Neutral,486
679,2026-09-21 10:22:00,user_355,I love this new AI tool,#Python,733,117,23,Delhi,Positive,873
9115,2026-09-21 10:35:00,user_495,Poor performance today,#Technology,275,42,77,Bengaluru,Negative,394
1090,2026-09-21 10:36:00,user_203,Amazing experience today,#Fitness,264,123,61,Mumbai,Positive,448
2601,2026-09-21 10:40:00,user_121,This failed again,#DataAnalytics,152,79,48,Bengaluru,Negative,279
4443,2026-09-21 10:43:00,user_472,Amazing experience today,#Bengaluru,764,122,98,Mumbai,Positive,984
3103,2026-09-21 10:44:00,user_169,Excellent cricket match,#Python,456,54,77,Bengaluru,Positive,587
5512,2026-09-21 10:46:00,user_425,Worst experience ever,#Bengaluru,433,76,1,Delhi,Negative,510
9917,2026-09-21 10:47:00,user_269,Worst experience ever,#Fitness,631,7,23,Pune,Negative,661
5870,2026-09-21 10:59:00,user_82,Python project discussion,#DataAnalytics,209,186,60,Pune,Neutral,455
1806,2026-09-21 11:04:00,user_148,Data analytics session today,#Trending,360,95,57,Hyderabad,Neutral,512
2070,2026-09-21 11:10:00,user_257,New information available,#Trending,445,176,2,Bengaluru,Neutral,623
6058,2026-09-21 11:14:00,user_496,Great technology update,#Cricket,797,129,76,Pune,Positive,1002
3612,2026-09-21 11:23:00,user_175,Very disappointing result,#AI,593,22,85,Bengaluru,Neutral,700
56,2026-09-21 11:25:00,user_262,Technology update today,#Technology,133,41,6,Delhi,Neutral,180
7344,2026-09-21 11:25:00,user_367,Excellent cricket match,#DataAnalytics,260,114,66,Delhi,Positive,440
5693,2026-09-21 11:36:00,user_37,Beautiful day in Bengaluru,#Fitness,181,22,50,Bengaluru,Positive,253
2955,2026-09-21 11:39:00,user_137,Beautiful day in Bengaluru,#AI,178,53,95,Mumbai,Positive,326
2090,2026-09-21 11:45:00,user_326,This failed again,#Bengaluru,325,185,22,Bengaluru,Negative,532
1182,2026-09-21 11:46:00,user_217,Python project discussion,#Python,52,24,14,Chennai,Neutral,90
4612,2026-09-21 11:51:00,user_251,Great work by the team,#Trending,985,4,93,Delhi,Positive,1082
993,2026-09-21 11:52:00,user_82,Great work by the team,#Cricket,455,9,38,Delhi,Positive,502
6032,2026-09-21 11:57:00,user_39,Python is really useful,#Bengaluru,828,77,38,Pune,Neutral,943
8626,2026-09-21 12:00:00,user_339,I hate this problem,#Cricket,974,107,10,Mumbai,Negative,1091
9766,2026-09-21 12:01:00,user_413,Amazing fitness progress,#Trending,599,5,45,Hyderabad,Positive,649
3243,2026-09-21 12:02:00,user_284,I hate this problem,#Fitness,443,132,50,Pune,Negative,625
7039,2026-09-21 12:07:00,user_356,I love this new AI tool,#Cricket,686,125,17,Hyderabad,Positive,828
7531,2026-09-21 12:08:00,user_319,Excellent cricket match,#Fitness,908,18,25,Mumbai,Positive,951
5460,2026-09-21 12:12:00,user_481,Data analytics session today,#Fitness,15,53,89,Chennai,Neutral,157
8544,2026-09-21 12:19:00,user_308,Excellent cricket match,#Python,740,32,46,Hyderabad,Positive,818
9167,2026-09-21 12:26:00,user_114,Cricket match scheduled today,#Trending,56,107,27,Delhi,Neutral,190
8138,2026-09-21 12:36:00,user_209,New information available,#DataAnalytics,623,193,38,Mumbai,Neutral,854
3056,2026-09-21 12:36:00,user_410,Excellent cricket match,#Cricket,769,181,91,Bengaluru,Positive,1041
8866,2026-09-21 12:40:00,user_370,AI news update,#DataAnalytics,339,55,30,Pune,Neutral,424
5579,2026-09-21 12:43:00,user_491,Excellent cricket match,#AI,761,116,11,Chennai,Positive,888
3200,2026-09-21 12:51:00,user_417,Amazing fitness progress,#Technology,474,79,64,Bengaluru,Positive,617
7423,2026-09-21 13:02:00,user_322,Python project discussion,#Technology,199,53,48,Pune,Neutral,300
5237,2026-09-21 13:08:00,user_284,Excellent cricket match,#DataAnalytics,614,159,15,Delhi,Positive,788
5371,2026-09-21 13:12:00,user_194,Bad experience today,#Python,226,78,82,Bengaluru,Negative,386
9411,2026-09-21 13:27:00,user_162,Amazing fitness progress,#Python,240,34,65,Delhi,Positive,339
2905,2026-09-21 13:27:00,user_211,Beautiful day in Bengaluru,#Bengaluru,300,103,64,Delhi,Positive,467
5442,2026-09-21 13:29:00,user_33,Cricket match scheduled today,#Cricket,175,96,39,Hyderabad,Neutral,310
2480,2026-09-21 13:30:00,user_434,Beautiful day in Bengaluru,#AI,581,35,29,Pune,Positive,645
435,2026-09-21 13:30:00,user_220,Technology update today,#Bengaluru,68,100,55,Hyderabad,Neutral,223
7033,2026-09-21 13:33:00,user_206,Excellent cricket match,#Fitness,685,198,74,Chennai,Positive,957
4610,2026-09-21 13:35:00,user_490,I love this new AI tool,#AI,913,86,12,Hyderabad,Positive,1011
4740,2026-09-21 13:36:00,user_32,Excellent cricket match,#DataAnalytics,16,2,31,Bengaluru,Positive,49
2312,2026-09-21 13:43:00,user_332,Excellent cricket match,#Trending,636,24,3,Mumbai,Positive,663
3199,2026-09-21 13:49:00,user_2,Excellent cricket match,#Python,863,35,73,Hyderabad,Positive,971
2086,2026-09-21 13:50:00,user_39,New information available,#Cricket,866,97,67,Mumbai,Neutral,1030
5566,2026-09-21 13:54:00,user_216,Excellent cricket match,#Python,658,21,39,Hyderabad,Positive,718
2094,2026-09-21 13:55:00,user_238,Beautiful day in Bengaluru,#Python,601,93,11,Hyderabad,Positive,705
9816,2026-09-21 14:02:00,user_273,Great work by the team,#Bengaluru,196,119,27,Chennai,Positive,342
7673,2026-09-21 14:03:00,user_389,I love this new AI tool,#DataAnalytics,701,102,45,Bengaluru,Positive,848
6898,2026-09-21 14:03:00,user_459,Technology update today,#DataAnalytics,945,78,50,Bengaluru,Neutral,1073
7289,2026-09-21 14:10:00,user_105,Excellent cricket match,#DataAnalytics,481,31,16,Mumbai,Positive,528
8074,2026-09-21 14:13:00,user_82,Data analytics session today,#Trending,415,173,78,Mumbai,Neutral,666
7045,2026-09-21 14:16:00,user_257,Excellent cricket match,#Fitness,241,115,11,Mumbai,Positive,367
9314,2026-09-21 14:16:00,user_401,Great technology update,#Trending,125,70,75,Hyderabad,Positive,270
4392,2026-09-21 14:26:00,user_222,Excellent cricket match,#Technology,901,170,90,Delhi,Positive,1161
8739,2026-09-21 14:26:00,user_167,I hate this problem,#Bengaluru,480,72,22,Chennai,Negative,574
7147,2026-09-21 14:33:00,user_254,Data analytics session today,#AI,584,87,7,Chennai,Neutral,678
6351,2026-09-21 14:40:00,user_158,Cricket match scheduled today,#Technology,215,31,1,Hyderabad,Neutral,247
3153,2026-09-21 14:43:00,user_488,I hate this problem,#Trending,357,114,59,Bengaluru,Negative,530
3059,2026-09-21 14:44:00,user_158,I hate this problem,#Technology,744,14,84,Delhi,Negative,842
3361,2026-09-21 14:45:00,user_134,I am angry about this,#Cricket,543,97,61,Chennai,Negative,701
4840,2026-09-21 14:58:00,user_98,Data analytics session today,#Technology,513,76,93,Chennai,Neutral,682
3772,2026-09-21 14:59:00,user_105,This failed again,#AI,142,139,21,Pune,Negative,302
6717,2026-09-21 15:06:00,user_35,Python is really useful,#Python,710,79,26,Bengaluru,Neutral,815
7409,2026-09-21 15:10:00,user_152,Amazing experience today,#Trending,648,94,66,Chennai,Positive,808
6394,2026-09-21 15:10:00,user_130,Bad experience today,#Fitness,625,33,59,Mumbai,Negative,717
8360,2026-09-21 15:24:00,user_454,Bad experience today,#DataAnalytics,478,35,88,Pune,Negative,601
3383,2026-09-21 15:55:00,user_493,Amazing fitness progress,#Python,531,115,22,Hyderabad,Positive,668
4517,2026-09-21 15:58:00,user_334,Excellent cricket match,#Python,390,144,10,Delhi,Positive,544
3683,2026-09-21 15:59:00,user_80,Amazing fitness progress,#Technology,865,117,90,Delhi,Positive,1072
4316,2026-09-21 16:04:00,user_88,Technology update today,#Fitness,624,142,18,Pune,Neutral,784
9136,2026-09-21 16:05:00,user_334,Amazing experience today,#Technology,215,41,34,Pune,Positive,290
8345,2026-09-21 16:06:00,user_251,Python is really useful,#Fitness,118,200,54,Chennai,Neutral,372
1337,2026-09-21 16:10:00,user_14,Cricket match scheduled today,#Technology,472,50,94,Bengaluru,Neutral,616
5751,2026-09-21 16:27:00,user_356,Beautiful day in Bengaluru,#Trending,159,155,18,Pune,Positive,332
9618,2026-09-21 16:40:00,user_242,Very disappointing result,#AI,965,135,41,Delhi,Neutral,1141
7628,2026-09-21 16:46:00,user_68,Beautiful day in Bengaluru,#Cricket,629,122,90,Pune,Positive,841
4873,2026-09-21 16:47:00,user_272,Great technology update,#Bengaluru,269,102,6,Delhi,Positive,377
1797,2026-09-21 16:55:00,user_195,Fitness workout completed,#Trending,677,194,79,Delhi,Neutral,950
317,2026-09-21 16:57:00,user_403,Python is really useful,#Trending,52,133,91,Mumbai,Neutral,276
8919,2026-09-21 17:00:00,user_456,I am angry about this,#Cricket,624,93,18,Chennai,Negative,735
3745,2026-09-21 17:01:00,user_365,Cricket match scheduled today,#Python,683,103,12,Bengaluru,Neutral,798
6494,2026-09-21 17:10:00,user_99,Python is really useful,#Bengaluru,340,77,34,Mumbai,Neutral,451
8364,2026-09-21 17:19:00,user_248,Great work by the team,#Trending,408,109,13,Pune,Positive,530
3765,2026-09-21 17:20:00,user_494,Great technology update,#Trending,601,122,54,Mumbai,Positive,777
9578,2026-09-21 17:30:00,user_44,Amazing fitness progress,#AI,898,66,27,Bengaluru,Positive,991
3193,2026-09-21 17:42:00,user_267,Beautiful day in Bengaluru,#Bengaluru,642,167,52,Chennai,Positive,861
702,2026-09-21 17:46:00,user_405,Amazing fitness progress,#Cricket,607,2,1,Bengaluru,Positive,610
5477,2026-09-21 17:53:00,user_75,AI news update,#Bengaluru,653,147,90,Delhi,Neutral,890
9404,2026-09-21 17:54:00,user_447,Weather update from Bengaluru,#Cricket,286,73,94,Mumbai,Neutral,453
1188,2026-09-21 17:55:00,user_380,Great technology update,#AI,934,103,6,Delhi,Positive,1043
8605,2026-09-21 17:59:00,user_438,Great technology update,#Trending,394,83,39,Bengaluru,Positive,516
212,2026-09-21 17:59:00,user_316,Great work by the team,#Bengaluru,248,184,75,Chennai,Positive,507
5841,2026-09-21 18:00:00,user_459,Data analytics session today,#Cricket,445,185,61,Delhi,Neutral,691
6623,2026-09-21 18:01:00,user_266,Data analytics session today,#DataAnalytics,227,94,59,Hyderabad,Neutral,380
2173,2026-09-21 18:05:00,user_3,I love this new AI tool,#Technology,960,196,32,Delhi,Positive,1188
4073,2026-09-21 18:05:00,user_154,New information available,#Technology,775,103,50,Hyderabad,Neutral,928
8459,2026-09-21 18:11:00,user_160,Beautiful day in Bengaluru,#Trending,810,7,82,Chennai,Positive,899
1626,2026-09-21 18:19:00,user_59,Python is really useful,#Python,432,100,93,Pune,Neutral,625
6099,2026-09-21 18:22:00,user_12,Amazing experience today,#Trending,191,43,21,Hyderabad,Positive,255
8755,2026-09-21 18:31:00,user_136,Amazing fitness progress,#Bengaluru,148,155,58,Delhi,Positive,361
9327,2026-09-21 18:33:00,user_286,Cricket match scheduled today,#Fitness,17,135,55,Bengaluru,Neutral,207
3598,2026-09-21 18:39:00,user_406,Amazing experience today,#DataAnalytics,899,31,97,Bengaluru,Positive,1027
2237,2026-09-21 18:41:00,user_230,I love this new AI tool,#Trending,768,43,33,Bengaluru,Positive,844
1694,2026-09-21 18:56:00,user_421,Great technology update,#AI,677,156,65,Chennai,Positive,898
762,2026-09-21 19:00:00,user_271,Technology update today,#DataAnalytics,285,110,91,Pune,Neutral,486
210,2026-09-21 19:03:00,user_68,Technology update today,#Cricket,52,96,24,Mumbai,Neutral,172
6384,2026-09-21 19:07:00,user_56,Python project discussion,#Python,753,33,2,Chennai,Neutral,788
3699,2026-09-21 19:09:00,user_23,Bad experience today,#Fitness,970,167,41,Hyderabad,Negative,1178
306,2026-09-21 19:10:00,user_12,Amazing fitness progress,#DataAnalytics,759,183,26,Mumbai,Positive,968
1677,2026-09-21 19:16:00,user_473,Amazing experience today,#Fitness,538,4,83,Pune,Positive,625
8539,2026-09-21 19:20:00,user_494,Cricket match scheduled today,#Python,539,146,86,Hyderabad,Neutral,771
4036,2026-09-21 19:20:00,user_384,Python is really useful,#DataAnalytics,231,97,69,Pune,Neutral,397
3900,2026-09-21 19:21:00,user_137,Cricket match scheduled today,#Python,864,63,97,Delhi,Neutral,1024
6087,2026-09-21 19:21:00,user_452,New information available,#Python,69,110,84,Bengaluru,Neutral,263
4030,2026-09-21 19:24:00,user_387,New information available,#Fitness,64,115,47,Mumbai,Neutral,226
3477,2026-09-21 19:28:00,user_41,Great work by the team,#Trending,874,173,19,Delhi,Positive,1066
968,2026-09-21 19:34:00,user_360,Excellent cricket match,#AI,493,123,12,Bengaluru,Positive,628
9424,2026-09-21 19:34:00,user_491,Python is really useful,#Bengaluru,463,188,40,Bengaluru,Neutral,691
9504,2026-09-21 19:36:00,user_222,Terrible service,#AI,573,62,7,Bengaluru,Negative,642
4824,2026-09-21 19:36:00,user_163,Python is really useful,#AI,778,104,68,Hyderabad,Neutral,950
9374,2026-09-21 19:36:00,user_343,Great technology update,#AI,261,194,32,Chennai,Positive,487
5730,2026-09-21 19:41:00,user_248,Beautiful day in Bengaluru,#Python,713,43,16,Delhi,Positive,772
666,2026-09-21 19:42:00,user_318,Amazing fitness progress,#AI,35,61,52,Hyderabad,Positive,148
9794,2026-09-21 19:43:00,user_445,I love this new AI tool,#DataAnalytics,64,26,77,Pune,Positive,167
4694,2026-09-21 19:45:00,user_341,New information available,#Technology,161,162,63,Delhi,Neutral,386
6533,2026-09-21 19:48:00,user_488,Worst experience ever,#Fitness,340,31,68,Pune,Negative,439
1082,2026-09-21 19:53:00,user_181,Worst experience ever,#Cricket,22,124,11,Bengaluru,Negative,157
5800,2026-09-21 19:53:00,user_175,I love this new AI tool,#Bengaluru,473,66,96,Mumbai,Positive,635
3806,2026-09-21 19:55:00,user_478,This failed again,#DataAnalytics,956,94,32,Delhi,Negative,1082
2853,2026-09-21 19:57:00,user_76,Poor performance today,#AI,663,193,86,Pune,Negative,942
5240,2026-09-21 20:00:00,user_325,Python is really useful,#AI,871,135,100,Delhi,Neutral,1106
3993,2026-09-21 20:02:00,user_500,Very disappointing result,#Trending,364,185,87,Bengaluru,Neutral,636
5521,2026-09-21 20:05:00,user_424,Technology update today,#DataAnalytics,839,79,96,Bengaluru,Neutral,1014
5399,2026-09-21 20:07:00,user_316,Great work by the team,#Bengaluru,596,174,13,Delhi,Positive,783
5857,2026-09-21 20:08:00,user_496,This failed again,#Cricket,869,85,47,Chennai,Negative,1001
689,2026-09-21 20:09:00,user_23,Technology update today,#Bengaluru,286,92,55,Mumbai,Neutral,433
5820,2026-09-21 20:13:00,user_52,Terrible service,#Trending,812,120,8,Hyderabad,Negative,940
5361,2026-09-21 20:14:00,user_59,Poor performance today,#Bengaluru,39,125,80,Pune,Negative,244
4565,2026-09-21 20:16:00,user_149,I am angry about this,#Trending,953,14,61,Bengaluru,Negative,1028
3150,2026-09-21 20:18:00,user_192,Python is really useful,#Cricket,758,14,7,Mumbai,Neutral,779
1749,2026-09-21 20:18:00,user_151,Weather update from Bengaluru,#Python,527,103,14,Chennai,Neutral,644
9191,2026-09-21 20:28:00,user_131,Great work by the team,#Technology,471,91,13,Hyderabad,Positive,575
8274,2026-09-21 20:29:00,user_228,Python is really useful,#Python,60,82,54,Hyderabad,Neutral,196
8277,2026-09-21 20:30:00,user_383,I love this new AI tool,#Python,997,108,78,Pune,Positive,1183
1864,2026-09-21 20:35:00,user_125,I am angry about this,#AI,462,199,96,Delhi,Negative,757
7104,2026-09-21 20:40:00,user_279,Beautiful day in Bengaluru,#Fitness,306,68,24,Mumbai,Positive,398
202,2026-09-21 20:46:00,user_435,I am angry about this,#Python,217,193,76,Mumbai,Negative,486
7795,2026-09-21 20:47:00,user_85,Beautiful day in Bengaluru,#AI,888,182,60,Delhi,Positive,1130
8497,2026-09-21 20:54:00,user_467,AI news update,#Fitness,435,139,56,Bengaluru,Neutral,630
3046,2026-09-21 20:58:00,user_470,Amazing experience today,#Fitness,804,158,84,Bengaluru,Positive,1046
7720,2026-09-21 21:02:00,user_365,Worst experience ever,#Bengaluru,986,48,13,Hyderabad,Negative,1047
4089,2026-09-21 21:12:00,user_173,New information available,#AI,197,40,60,Bengaluru,Neutral,297
2272,2026-09-21 21:15:00,user_187,Beautiful day in Bengaluru,#AI,820,17,8,Mumbai,Positive,845
4773,2026-09-21 21:17:00,user_95,Great work by the team,#Trending,665,48,1,Chennai,Positive,714
8622,2026-09-21 21:18:00,user_58,Poor performance today,#AI,560,194,36,Bengaluru,Negative,790
2171,2026-09-21 21:19:00,user_340,AI news update,#Trending,532,121,50,Mumbai,Neutral,703
8378,2026-09-21 21:23:00,user_442,I am angry about this,#Fitness,431,104,61,Chennai,Negative,596
7863,2026-09-21 21:28:00,user_408,I love this new AI tool,#Cricket,474,141,53,Hyderabad,Positive,668
4639,2026-09-21 21:33:00,user_418,Beautiful day in Bengaluru,#Trending,845,171,77,Pune,Positive,1093
4060,2026-09-21 21:34:00,user_240,Great work by the team,#Trending,732,47,13,Hyderabad,Positive,792
9932,2026-09-21 21:37:00,user_275,I am angry about this,#Python,472,58,98,Mumbai,Negative,628
8882,2026-09-21 21:48:00,user_264,New information available,#Cricket,538,182,93,Bengaluru,Neutral,813
8895,2026-09-21 21:55:00,user_292,Python is really useful,#Cricket,995,104,29,Chennai,Neutral,1128
7350,2026-09-21 21:56:00,user_318,Beautiful day in Bengaluru,#Cricket,642,129,56,Pune,Positive,827
7917,2026-09-21 22:05:00,user_44,Great technology update,#DataAnalytics,400,161,13,Chennai,Positive,574
9164,2026-09-21 22:13:00,user_430,Poor performance today,#DataAnalytics,252,165,84,Pune,Negative,501
3970,2026-09-21 22:18:00,user_397,Python project discussion,#Technology,716,90,22,Hyderabad,Neutral,828
4885,2026-09-21 22:19:00,user_269,Technology update today,#Fitness,109,174,22,Pune,Neutral,305
8826,2026-09-21 22:36:00,user_167,Amazing experience today,#AI,176,140,97,Mumbai,Positive,413
3038,2026-09-21 22:37:00,user_293,Cricket match scheduled today,#Fitness,596,141,5,Delhi,Neutral,742
325,2026-09-21 22:44:00,user_42,Great technology update,#Bengaluru,522,144,36,Pune,Positive,702
1951,2026-09-21 22:49:00,user_106,Beautiful day in Bengaluru,#Trending,395,39,26,Chennai,Positive,460
5510,2026-09-21 22:50:00,user_37,Data analytics session today,#AI,940,185,96,Chennai,Neutral,1221
703,2026-09-21 22:52:00,user_28,Amazing experience today,#Cricket,274,114,30,Delhi,Positive,418
1788,2026-09-21 22:54:00,user_216,I love this new AI tool,#Cricket,753,59,88,Bengaluru,Positive,900
1933,2026-09-21 23:02:00,user_68,Beautiful day in Bengaluru,#Technology,785,190,82,Bengaluru,Positive,1057
9225,2026-09-21 23:05:00,user_361,Cricket match scheduled today,#Fitness,272,31,96,Delhi,Neutral,399
5899,2026-09-21 23:07:00,user_1,Python is really useful,#Python,770,137,89,Chennai,Neutral,996
5217,2026-09-21 23:12:00,user_242,Terrible service,#Fitness,933,166,92,Delhi,Negative,1191
5716,2026-09-21 23:13:00,user_137,Data analytics session today,#AI,601,116,60,Bengaluru,Neutral,777
160,2026-09-21 23:21:00,user_73,Beautiful day in Bengaluru,#Bengaluru,176,168,83,Chennai,Positive,427
5934,2026-09-21 23:25:00,user_48,Great technology update,#Technology,753,138,41,Bengaluru,Positive,932
9944,2026-09-21 23:25:00,user_131,Cricket match scheduled today,#Python,262,82,51,Delhi,Neutral,395
2258,2026-09-21 23:26:00,user_486,Weather update from Bengaluru,#Trending,554,136,20,Delhi,Neutral,710
1391,2026-09-21 23:39:00,user_386,Great work by the team,#AI,339,113,27,Chennai,Positive,479
2779,2026-09-21 23:52:00,user_377,Amazing fitness progress,#Bengaluru,742,10,97,Pune,Positive,849
914,2026-09-21 23:52:00,user_410,Great work by the team,#DataAnalytics,433,55,14,Chennai,Positive,502
7839,2026-09-21 23:54:00,user_66,Worst experience ever,#Fitness,483,156,38,Delhi,Negative,677
5459,2026-09-21 23:55:00,user_259,Cricket match scheduled today,#AI,593,177,9,Chennai,Neutral,779
5005,2026-09-21 23:58:00,user_398,Data analytics session today,#Cricket,879,88,64,Hyderabad,Neutral,1031
7987,2026-09-21 23:58:00,user_178,Very disappointing result,#Cricket,845,187,83,Delhi,Neutral,1115
4255,2026-09-21 23:59:00,user_238,Amazing experience today,#AI,731,7,38,Chennai,Positive,776
2308,2026-09-22 00:05:00,user_267,Excellent cricket match,#Trending,554,139,58,Chennai,Positive,751
5562,2026-09-22 00:06:00,user_382,New information available,#Fitness,981,96,26,Chennai,Neutral,1103
95,2026-09-22 00:06:00,user_296,Cricket match scheduled today,#Cricket,778,115,21,Pune,Neutral,914
2359,2026-09-22 00:12:00,user_407,Technology update today,#Python,567,18,54,Mumbai,Neutral,639
8684,2026-09-22 00:19:00,user_14,Great technology update,#Bengaluru,184,16,15,Pune,Positive,215
9046,2026-09-22 00:20:00,user_165,Bad experience today,#Trending,175,18,73,Bengaluru,Negative,266
9514,2026-09-22 00:26:00,user_427,Python project discussion,#AI,803,143,65,Pune,Neutral,1011
9710,2026-09-22 00:30:00,user_439,Beautiful day in Bengaluru,#Fitness,871,113,54,Mumbai,Positive,1038
4895,2026-09-22 00:43:00,user_476,Amazing fitness progress,#Cricket,124,12,2,Mumbai,Positive,138
6252,2026-09-22 00:45:00,user_202,Weather update from Bengaluru,#DataAnalytics,132,126,94,Mumbai,Neutral,352
5113,2026-09-22 00:48:00,user_266,Worst experience ever,#Fitness,398,55,94,Mumbai,Negative,547
3748,2026-09-22 00:49:00,user_3,Great work by the team,#Python,139,141,13,Delhi,Positive,293
3439,2026-09-22 00:50:00,user_195,Technology update today,#Bengaluru,106,86,4,Delhi,Neutral,196
1529,2026-09-22 00:50:00,user_149,Beautiful day in Bengaluru,#DataAnalytics,932,128,31,Pune,Positive,1091
7412,2026-09-22 01:01:00,user_175,Python is really useful,#Bengaluru,26,14,1,Chennai,Neutral,41
9100,2026-09-22 01:08:00,user_461,Python project discussion,#Python,503,200,50,Chennai,Neutral,753
6493,2026-09-22 01:14:00,user_18,Excellent cricket match,#Cricket,716,196,28,Bengaluru,Positive,940
667,2026-09-22 01:14:00,user_201,Amazing fitness progress,#AI,783,64,60,Chennai,Positive,907
9922,2026-09-22 01:17:00,user_305,Great work by the team,#Python,905,90,65,Hyderabad,Positive,1060
7266,2026-09-22 01:19:00,user_269,Great work by the team,#AI,914,64,32,Chennai,Positive,1010
2495,2026-09-22 01:24:00,user_202,Technology update today,#Bengaluru,317,126,42,Chennai,Neutral,485
3821,2026-09-22 01:24:00,user_103,Weather update from Bengaluru,#Fitness,454,84,34,Hyderabad,Neutral,572
7166,2026-09-22 01:28:00,user_102,Great technology update,#Bengaluru,675,185,29,Bengaluru,Positive,889
6517,2026-09-22 01:29:00,user_434,AI news update,#Trending,300,162,65,Hyderabad,Neutral,527
8912,2026-09-22 01:33:00,user_130,Great work by the team,#Technology,76,115,34,Delhi,Positive,225
5325,2026-09-22 01:41:00,user_432,Excellent cricket match,#Python,817,165,40,Mumbai,Positive,1022
9047,2026-09-22 01:53:00,user_428,Amazing experience today,#Technology,788,107,5,Hyderabad,Positive,900
5357,2026-09-22 01:57:00,user_483,Data analytics session today,#AI,556,171,28,Delhi,Neutral,755
2012,2026-09-22 02:00:00,user_135,New information available,#AI,332,17,71,Pune,Neutral,420
5555,2026-09-22 02:05:00,user_43,Technology update today,#AI,495,163,61,Hyderabad,Neutral,719
5913,2026-09-22 02:07:00,user_228,I love this new AI tool,#Bengaluru,196,196,86,Pune,Positive,478
7134,2026-09-22 02:16:00,user_444,Fitness workout completed,#Bengaluru,40,29,65,Hyderabad,Neutral,134
4674,2026-09-22 02:18:00,user_106,Python project discussion,#Technology,797,43,71,Pune,Neutral,911
3268,2026-09-22 02:25:00,user_33,I hate this problem,#Cricket,194,106,46,Chennai,Negative,346
3925,2026-09-22 02:35:00,user_448,Fitness workout completed,#Technology,505,133,23,Chennai,Neutral,661
7132,2026-09-22 02:39:00,user_498,Great technology update,#DataAnalytics,307,80,81,Mumbai,Positive,468
2984,2026-09-22 02:49:00,user_99,I am angry about this,#Bengaluru,391,34,35,Pune,Negative,460
7281,2026-09-22 02:50:00,user_17,Python project discussion,#DataAnalytics,149,152,97,Bengaluru,Neutral,398
7307,2026-09-22 02:53:00,user_337,Great work by the team,#Cricket,320,86,72,Delhi,Positive,478
4490,2026-09-22 02:56:00,user_274,Bad experience today,#AI,95,116,98,Delhi,Negative,309
7119,2026-09-22 03:06:00,user_120,Very disappointing result,#AI,701,7,93,Chennai,Neutral,801
8109,2026-09-22 03:24:00,user_263,This failed again,#AI,61,135,48,Hyderabad,Negative,244
6757,2026-09-22 03:24:00,user_145,Technology update today,#Trending,715,1,7,Chennai,Neutral,723
8686,2026-09-22 03:30:00,user_335,Poor performance today,#Fitness,873,181,54,Pune,Negative,1108
1614,2026-09-22 03:47:00,user_436,AI news update,#Cricket,26,15,27,Delhi,Neutral,68
5065,2026-09-22 03:50:00,user_156,New information available,#Python,735,151,9,Bengaluru,Neutral,895
5621,2026-09-22 03:54:00,user_373,I am angry about this,#Fitness,634,199,32,Hyderabad,Negative,865
4190,2026-09-22 03:57:00,user_426,Python project discussion,#Bengaluru,998,152,99,Pune,Neutral,1249
3249,2026-09-22 03:59:00,user_264,This failed again,#Python,314,39,45,Chennai,Negative,398
1755,2026-09-22 04:00:00,user_268,I love this new AI tool,#AI,111,75,36,Pune,Positive,222
5950,2026-09-22 04:10:00,user_82,Python project discussion,#DataAnalytics,425,179,64,Pune,Neutral,668
5291,2026-09-22 04:10:00,user_152,Very disappointing result,#Technology,735,53,94,Hyderabad,Neutral,882
1771,2026-09-22 04:12:00,user_49,Technology update today,#Fitness,464,1,36,Pune,Neutral,501
4533,2026-09-22 04:18:00,user_175,Poor performance today,#AI,323,62,61,Pune,Negative,446
6395,2026-09-22 04:24:00,user_175,I love this new AI tool,#Bengaluru,314,188,10,Pune,Positive,512
3017,2026-09-22 04:26:00,user_2,Python is really useful,#Cricket,222,155,72,Delhi,Neutral,449
6912,2026-09-22 04:30:00,user_266,New information available,#Cricket,526,133,67,Mumbai,Neutral,726
5286,2026-09-22 04:32:00,user_34,Amazing fitness progress,#Bengaluru,561,84,97,Chennai,Positive,742
7534,2026-09-22 04:33:00,user_313,Very disappointing result,#Trending,436,174,18,Bengaluru,Neutral,628
4655,2026-09-22 04:35:00,user_91,Beautiful day in Bengaluru,#DataAnalytics,223,86,34,Bengaluru,Positive,343
9857,2026-09-22 04:38:00,user_292,Great technology update,#Python,506,114,66,Pune,Positive,686
7154,2026-09-22 04:38:00,user_406,Excellent cricket match,#Technology,465,93,53,Chennai,Positive,611
553,2026-09-22 04:40:00,user_468,Worst experience ever,#Technology,433,173,73,Pune,Negative,679
3504,2026-09-22 04:42:00,user_282,New information available,#Bengaluru,34,58,99,Delhi,Neutral,191
5257,2026-09-22 04:53:00,user_163,Technology update today,#Trending,758,153,25,Chennai,Neutral,936
9962,2026-09-22 04:56:00,user_461,Weather update from Bengaluru,#DataAnalytics,714,75,86,Bengaluru,Neutral,875
2283,2026-09-22 04:57:00,user_218,Excellent cricket match,#Bengaluru,258,129,7,Chennai,Positive,394
7196,2026-09-22 04:57:00,user_248,Weather update from Bengaluru,#Fitness,919,102,36,Delhi,Neutral,1057
7587,2026-09-22 04:59:00,user_147,Amazing experience today,#Fitness,194,140,64,Pune,Positive,398
8588,2026-09-22 05:02:00,user_16,Great work by the team,#DataAnalytics,468,141,81,Hyderabad,Positive,690
6451,2026-09-22 05:06:00,user_492,Data analytics session today,#Trending,306,73,86,Bengaluru,Neutral,465
4770,2026-09-22 05:12:00,user_271,Poor performance today,#Python,426,146,66,Hyderabad,Negative,638
4192,2026-09-22 05:13:00,user_132,Excellent cricket match,#Fitness,571,36,69,Chennai,Positive,676
6951,2026-09-22 05:23:00,user_226,Great technology update,#Bengaluru,921,198,83,Delhi,Positive,1202
7440,2026-09-22 05:25:00,user_281,Beautiful day in Bengaluru,#Bengaluru,602,22,100,Delhi,Positive,724
8768,2026-09-22 05:37:00,user_167,Fitness workout completed,#AI,302,71,41,Hyderabad,Neutral,414
4456,2026-09-22 05:38:00,user_413,I hate this problem,#Trending,698,158,2,Bengaluru,Negative,858
9607,2026-09-22 05:38:00,user_21,Great technology update,#Trending,536,69,7,Bengaluru,Positive,612
685,2026-09-22 05:42:00,user_170,Bad experience today,#Fitness,553,13,69,Pune,Negative,635
805,2026-09-22 05:47:00,user_197,Great technology update,#Trending,678,85,16,Mumbai,Positive,779
2847,2026-09-22 05:48:00,user_198,This failed again,#Python,718,173,30,Pune,Negative,921
165,2026-09-22 05:50:00,user_316,Amazing fitness progress,#Technology,574,3,46,Mumbai,Positive,623
7150,2026-09-22 05:56:00,user_241,Beautiful day in Bengaluru,#Trending,366,13,45,Chennai,Positive,424
6761,2026-09-22 06:00:00,user_466,Great technology update,#Cricket,357,88,10,Bengaluru,Positive,455
7567,2026-09-22 06:07:00,user_253,Weather update from Bengaluru,#Cricket,460,175,76,Chennai,Neutral,711
5196,2026-09-22 06:07:00,user_242,I love this new AI tool,#DataAnalytics,789,62,18,Hyderabad,Positive,869
3857,2026-09-22 06:12:00,user_466,Amazing experience today,#AI,244,194,94,Pune,Positive,532
2139,2026-09-22 06:13:00,user_454,Excellent cricket match,#Fitness,372,178,83,Mumbai,Positive,633
5072,2026-09-22 06:27:00,user_156,Data analytics session today,#Bengaluru,322,180,97,Hyderabad,Neutral,599
2358,2026-09-22 06:29:00,user_18,I love this new AI tool,#Technology,51,62,93,Hyderabad,Positive,206
2193,2026-09-22 06:37:00,user_190,Beautiful day in Bengaluru,#Cricket,235,168,35,Chennai,Positive,438
6194,2026-09-22 06:42:00,user_161,Cricket match scheduled today,#DataAnalytics,295,36,69,Hyderabad,Neutral,400
5824,2026-09-22 06:46:00,user_15,Python is really useful,#Trending,746,187,92,Bengaluru,Neutral,1025
1457,2026-09-22 06:53:00,user_499,Terrible service,#DataAnalytics,184,47,29,Mumbai,Negative,260
8877,2026-09-22 06:54:00,user_451,Great work by the team,#Fitness,523,143,55,Pune,Positive,721
9068,2026-09-22 06:56:00,user_281,Terrible service,#Cricket,223,37,10,Chennai,Negative,270
4911,2026-09-22 06:56:00,user_148,Fitness workout completed,#Fitness,209,150,24,Pune,Neutral,383
1554,2026-09-22 06:58:00,user_427,New information available,#Python,873,58,77,Bengaluru,Neutral,1008
5603,2026-09-22 07:12:00,user_117,Technology update today,#Fitness,527,195,33,Hyderabad,Neutral,755
185,2026-09-22 07:14:00,user_219,I love this new AI tool,#Technology,576,179,22,Chennai,Positive,777
1841,2026-09-22 07:15:00,user_233,I am angry about this,#Bengaluru,905,143,32,Chennai,Negative,1080
2610,2026-09-22 07:21:00,user_85,Worst experience ever,#Python,226,112,89,Chennai,Negative,427
1918,2026-09-22 07:21:00,user_108,I love this new AI tool,#Trending,917,49,45,Chennai,Positive,1011
3072,2026-09-22 07:23:00,user_430,Excellent cricket match,#AI,733,117,52,Mumbai,Positive,902
4349,2026-09-22 07:25:00,user_394,Poor performance today,#DataAnalytics,221,168,28,Pune,Negative,417
4354,2026-09-22 07:36:00,user_260,Beautiful day in Bengaluru,#Technology,91,33,5,Bengaluru,Positive,129
6599,2026-09-22 07:39:00,user_382,Great work by the team,#AI,914,29,40,Hyderabad,Positive,983
4502,2026-09-22 07:41:00,user_14,AI news update,#Fitness,701,33,38,Pune,Neutral,772
1785,2026-09-22 07:45:00,user_159,New information available,#Technology,903,32,47,Hyderabad,Neutral,982
5970,2026-09-22 07:50:00,user_418,Worst experience ever,#Bengaluru,300,129,45,Chennai,Negative,474
9085,2026-09-22 07:51:00,user_217,AI news update,#Technology,250,32,26,Mumbai,Neutral,308
4566,2026-09-22 07:59:00,user_257,Fitness workout completed,#Fitness,450,134,23,Hyderabad,Neutral,607
1859,2026-09-22 08:00:00,user_369,I love this new AI tool,#Technology,947,18,24,Chennai,Positive,989
490,2026-09-22 08:00:00,user_61,Beautiful day in Bengaluru,#Python,103,178,82,Pune,Positive,363
4226,2026-09-22 08:01:00,user_1,Python project discussion,#DataAnalytics,305,10,77,Mumbai,Neutral,392
6935,2026-09-22 08:02:00,user_237,Amazing experience today,#Technology,852,40,56,Delhi,Positive,948
2273,2026-09-22 08:02:00,user_390,Great work by the team,#Technology,836,47,4,Chennai,Positive,887
1572,2026-09-22 08:09:00,user_189,Python project discussion,#Technology,986,173,30,Delhi,Neutral,1189
7994,2026-09-22 08:10:00,user_118,Great technology update,#Trending,265,5,7,Mumbai,Positive,277
9718,2026-09-22 08:18:00,user_468,Excellent cricket match,#Trending,10,171,69,Delhi,Positive,250
2489,2026-09-22 08:20:00,user_235,Python project discussion,#AI,794,25,35,Delhi,Neutral,854
7253,2026-09-22 08:21:00,user_144,I love this new AI tool,#Python,709,167,17,Bengaluru,Positive,893
1534,2026-09-22 08:23:00,user_44,Weather update from Bengaluru,#DataAnalytics,976,12,97,Delhi,Neutral,1085
707,2026-09-22 08:24:00,user_425,Very disappointing result,#DataAnalytics,546,85,79,Mumbai,Neutral,710
9481,2026-09-22 08:28:00,user_8,Excellent cricket match,#Technology,696,100,35,Pune,Positive,831
9693,2026-09-22 08:31:00,user_107,Worst experience ever,#Bengaluru,433,36,62,Delhi,Negative,531
6420,2026-09-22 08:34:00,user_343,This failed again,#Fitness,232,29,15,Delhi,Negative,276
9919,2026-09-22 08:44:00,user_148,Python is really useful,#Cricket,567,20,64,Mumbai,Neutral,651
7182,2026-09-22 08:47:00,user_106,Python is really useful,#Trending,603,191,46,Chennai,Neutral,840
1829,2026-09-22 08:53:00,user_474,Cricket match scheduled today,#DataAnalytics,489,177,96,Pune,Neutral,762
9973,2026-09-22 09:01:00,user_472,I love this new AI tool,#Python,551,171,75,Mumbai,Positive,797
1099,2026-09-22 09:02:00,user_352,I love this new AI tool,#Trending,949,70,89,Mumbai,Positive,1108
5348,2026-09-22 09:12:00,user_224,Amazing fitness progress,#Bengaluru,836,155,68,Mumbai,Positive,1059
3850,2026-09-22 09:16:00,user_367,I love this new AI tool,#AI,647,71,69,Pune,Positive,787
7009,2026-09-22 09:18:00,user_122,Cricket match scheduled today,#AI,1000,121,90,Pune,Neutral,1211
5387,2026-09-22 09:20:00,user_353,Amazing experience today,#Bengaluru,394,151,67,Delhi,Positive,612
9237,2026-09-22 09:27:00,user_406,Poor performance today,#AI,854,183,58,Chennai,Negative,1095
5536,2026-09-22 09:33:00,user_28,I am angry about this,#DataAnalytics,323,166,17,Pune,Negative,506
4691,2026-09-22 09:36:00,user_41,I hate this problem,#Bengaluru,952,164,6,Mumbai,Negative,1122
7583,2026-09-22 09:49:00,user_322,Technology update today,#AI,96,59,88,Chennai,Neutral,243
4672,2026-09-22 09:49:00,user_177,Great work by the team,#Fitness,480,21,11,Hyderabad,Positive,512
9380,2026-09-22 10:02:00,user_230,New information available,#DataAnalytics,388,2,23,Mumbai,Neutral,413
8186,2026-09-22 10:06:00,user_371,New information available,#Cricket,173,96,75,Chennai,Neutral,344
4896,2026-09-22 10:06:00,user_401,I hate this problem,#Python,576,129,96,Bengaluru,Negative,801
8700,2026-09-22 10:09:00,user_473,New information available,#Bengaluru,949,120,4,Pune,Neutral,1073
2534,2026-09-22 10:16:00,user_16,Terrible service,#Trending,70,47,23,Pune,Negative,140
649,2026-09-22 10:52:00,user_419,Amazing experience today,#Technology,48,16,50,Mumbai,Positive,114
5182,2026-09-22 10:55:00,user_271,New information available,#Trending,429,99,27,Mumbai,Neutral,555
6377,2026-09-22 11:11:00,user_112,Cricket match scheduled today,#Trending,799,48,87,Delhi,Neutral,934
7842,2026-09-22 11:25:00,user_348,Python is really useful,#Cricket,779,131,65,Pune,Neutral,975
4957,2026-09-22 11:38:00,user_248,Beautiful day in Bengaluru,#AI,910,48,61,Mumbai,Positive,1019
5636,2026-09-22 11:47:00,user_277,Technology update today,#AI,216,171,51,Hyderabad,Neutral,438
8461,2026-09-22 11:49:00,user_407,Great work by the team,#Technology,101,87,96,Mumbai,Positive,284
2624,2026-09-22 12:01:00,user_283,Technology update today,#Fitness,692,167,10,Pune,Neutral,869
6120,2026-09-22 12:06:00,user_299,Technology update today,#Python,39,2,38,Hyderabad,Neutral,79
7160,2026-09-22 12:10:00,user_436,Cricket match scheduled today,#AI,533,154,47,Mumbai,Neutral,734
9886,2026-09-22 12:12:00,user_195,Amazing fitness progress,#Trending,525,120,77,Bengaluru,Positive,722
5161,2026-09-22 12:12:00,user_315,Technology update today,#AI,138,133,72,Hyderabad,Neutral,343
4407,2026-09-22 12:13:00,user_465,Data analytics session today,#AI,632,37,47,Bengaluru,Neutral,716
4701,2026-09-22 12:13:00,user_120,Great work by the team,#Technology,521,115,39,Delhi,Positive,675
4962,2026-09-22 12:18:00,user_419,Beautiful day in Bengaluru,#Bengaluru,857,111,88,Mumbai,Positive,1056
7387,2026-09-22 12:26:00,user_451,Bad experience today,#Bengaluru,980,60,36,Delhi,Negative,1076
4503,2026-09-22 12:27:00,user_497,Bad experience today,#Trending,74,105,74,Bengaluru,Negative,253
1972,2026-09-22 12:28:00,user_95,Great technology update,#Fitness,327,141,78,Chennai,Positive,546
5849,2026-09-22 12:32:00,user_308,Very disappointing result,#Python,780,58,43,Hyderabad,Neutral,881
5561,2026-09-22 12:36:00,user_306,Excellent cricket match,#Cricket,143,179,33,Hyderabad,Positive,355
2634,2026-09-22 12:42:00,user_427,Amazing fitness progress,#AI,436,167,81,Pune,Positive,684
8825,2026-09-22 12:44:00,user_139,New information available,#Cricket,238,64,18,Mumbai,Neutral,320
7226,2026-09-22 12:47:00,user_449,Poor performance today,#Python,742,193,38,Bengaluru,Negative,973
9417,2026-09-22 12:58:00,user_33,Worst experience ever,#Trending,897,186,83,Bengaluru,Negative,1166
8039,2026-09-22 13:00:00,user_250,Beautiful day in Bengaluru,#Trending,494,27,51,Chennai,Positive,572
9355,2026-09-22 13:05:00,user_254,Excellent cricket match,#AI,940,27,65,Bengaluru,Positive,1032
7802,2026-09-22 13:09:00,user_493,Fitness workout completed,#Trending,285,99,71,Mumbai,Neutral,455
4342,2026-09-22 13:11:00,user_414,New information available,#Python,900,191,43,Bengaluru,Neutral,1134
1825,2026-09-22 13:25:00,user_169,Great technology update,#Bengaluru,365,35,4,Chennai,Positive,404
230,2026-09-22 13:36:00,user_212,Beautiful day in Bengaluru,#Trending,30,58,47,Delhi,Positive,135
9752,2026-09-22 13:40:00,user_159,Amazing experience today,#Technology,429,157,52,Bengaluru,Positive,638
1462,2026-09-22 13:44:00,user_275,I am angry about this,#Bengaluru,139,75,81,Hyderabad,Negative,295
8572,2026-09-22 13:45:00,user_224,Great technology update,#Cricket,309,179,6,Delhi,Positive,494
9956,2026-09-22 13:49:00,user_122,Amazing fitness progress,#Cricket,478,121,49,Chennai,Positive,648
579,2026-09-22 14:05:00,user_286,Beautiful day in Bengaluru,#Bengaluru,668,192,100,Pune,Positive,960
7248,2026-09-22 14:07:00,user_461,Great work by the team,#Fitness,326,1,31,Pune,Positive,358
3404,2026-09-22 14:14:00,user_344,Poor performance today,#Trending,439,181,75,Bengaluru,Negative,695
3997,2026-09-22 14:22:00,user_342,Weather update from Bengaluru,#Fitness,929,78,22,Bengaluru,Neutral,1029
5678,2026-09-22 14:24:00,user_400,Amazing experience today,#DataAnalytics,304,65,50,Bengaluru,Positive,419
5340,2026-09-22 14:27:00,user_490,Amazing fitness progress,#Python,353,128,51,Bengaluru,Positive,532
6546,2026-09-22 14:27:00,user_351,AI news update,#Technology,557,72,39,Delhi,Neutral,668
9048,2026-09-22 14:30:00,user_317,Cricket match scheduled today,#DataAnalytics,408,193,98,Delhi,Neutral,699
7812,2026-09-22 14:37:00,user_304,Amazing experience today,#Technology,254,61,99,Delhi,Positive,414
8516,2026-09-22 14:39:00,user_162,Poor performance today,#Cricket,697,3,54,Mumbai,Negative,754
6880,2026-09-22 14:39:00,user_93,New information available,#Cricket,482,194,85,Pune,Neutral,761
7577,2026-09-22 14:47:00,user_449,Very disappointing result,#DataAnalytics,335,66,7,Bengaluru,Neutral,408
5932,2026-09-22 15:02:00,user_154,This failed again,#DataAnalytics,293,132,95,Chennai,Negative,520
3142,2026-09-22 15:02:00,user_250,I love this new AI tool,#AI,130,32,72,Delhi,Positive,234
3419,2026-09-22 15:03:00,user_77,Excellent cricket match,#Trending,327,194,40,Mumbai,Positive,561
5660,2026-09-22 15:12:00,user_176,Amazing experience today,#Cricket,406,164,77,Delhi,Positive,647
5176,2026-09-22 15:24:00,user_87,Fitness workout completed,#Cricket,359,145,49,Pune,Neutral,553
2760,2026-09-22 15:49:00,user_272,Amazing experience today,#DataAnalytics,969,18,30,Delhi,Positive,1017
346,2026-09-22 15:49:00,user_352,AI news update,#AI,857,112,44,Mumbai,Neutral,1013
5687,2026-09-22 15:51:00,user_332,Excellent cricket match,#Technology,215,113,84,Bengaluru,Positive,412
7892,2026-09-22 15:55:00,user_311,Excellent cricket match,#Trending,413,90,11,Bengaluru,Positive,514
2413,2026-09-22 16:08:00,user_434,Excellent cricket match,#Cricket,888,30,41,Delhi,Positive,959
4209,2026-09-22 16:09:00,user_164,Technology update today,#Cricket,543,122,72,Mumbai,Neutral,737
1010,2026-09-22 16:09:00,user_57,Cricket match scheduled today,#Python,276,52,16,Bengaluru,Neutral,344
3063,2026-09-22 16:09:00,user_76,Poor performance today,#AI,623,169,6,Chennai,Negative,798
826,2026-09-22 16:13:00,user_240,Amazing experience today,#Fitness,885,34,10,Pune,Positive,929
279,2026-09-22 16:13:00,user_327,Python is really useful,#AI,944,38,22,Mumbai,Neutral,1004
1325,2026-09-22 16:14:00,user_324,Worst experience ever,#DataAnalytics,229,45,10,Chennai,Negative,284
9009,2026-09-22 16:15:00,user_173,Excellent cricket match,#Trending,395,27,100,Bengaluru,Positive,522
3327,2026-09-22 16:17:00,user_418,Data analytics session today,#Cricket,282,96,69,Chennai,Neutral,447
810,2026-09-22 16:17:00,user_473,New information available,#Cricket,461,177,72,Mumbai,Neutral,710
3374,2026-09-22 16:18:00,user_305,Great work by the team,#Bengaluru,695,194,46,Bengaluru,Positive,935
5878,2026-09-22 16:20:00,user_423,AI news update,#Cricket,174,1,45,Chennai,Neutral,220
8942,2026-09-22 16:21:00,user_80,I love this new AI tool,#DataAnalytics,367,80,25,Hyderabad,Positive,472
908,2026-09-22 16:25:00,user_9,Technology update today,#Trending,906,16,31,Mumbai,Neutral,953
7737,2026-09-22 16:25:00,user_482,Technology update today,#Trending,838,129,36,Pune,Neutral,1003
3176,2026-09-22 16:38:00,user_457,Very disappointing result,#Trending,325,169,81,Mumbai,Neutral,575
9073,2026-09-22 16:44:00,user_7,New information available,#Cricket,294,62,94,Bengaluru,Neutral,450
6027,2026-09-22 16:53:00,user_176,Technology update today,#Trending,531,149,85,Delhi,Neutral,765
1828,2026-09-22 16:53:00,user_358,Beautiful day in Bengaluru,#Python,496,69,20,Pune,Positive,585
2798,2026-09-22 16:55:00,user_267,New information available,#DataAnalytics,322,38,64,Chennai,Neutral,424
2881,2026-09-22 16:57:00,user_234,I am angry about this,#Cricket,41,51,56,Delhi,Negative,148
3478,2026-09-22 17:02:00,user_475,I hate this problem,#Trending,169,192,9,Chennai,Negative,370
1584,2026-09-22 17:05:00,user_158,Technology update today,#Fitness,656,33,43,Chennai,Neutral,732
6304,2026-09-22 17:08:00,user_73,Great technology update,#Technology,36,141,47,Delhi,Positive,224
8863,2026-09-22 17:17:00,user_93,I hate this problem,#Python,248,78,74,Delhi,Negative,400
657,2026-09-22 17:18:00,user_312,Beautiful day in Bengaluru,#Technology,821,143,50,Hyderabad,Positive,1014
3146,2026-09-22 17:24:00,user_174,Poor performance today,#DataAnalytics,817,41,68,Delhi,Negative,926
5451,2026-09-22 17:28:00,user_40,Technology update today,#Cricket,848,34,69,Delhi,Neutral,951
7234,2026-09-22 17:32:00,user_495,I love this new AI tool,#DataAnalytics,936,144,65,Hyderabad,Positive,1145
8653,2026-09-22 17:33:00,user_455,Python project discussion,#Bengaluru,158,102,38,Mumbai,Neutral,298
8815,2026-09-22 17:48:00,user_98,New information available,#Cricket,465,83,42,Hyderabad,Neutral,590
2010,2026-09-22 17:55:00,user_286,Technology update today,#Fitness,987,68,80,Bengaluru,Neutral,1135
9432,2026-09-22 17:57:00,user_456,I love this new AI tool,#Bengaluru,700,33,21,Bengaluru,Positive,754
7404,2026-09-22 18:00:00,user_448,Excellent cricket match,#DataAnalytics,781,5,31,Delhi,Positive,817
6965,2026-09-22 18:01:00,user_165,Amazing experience today,#Fitness,500,58,30,Bengaluru,Positive,588
7514,2026-09-22 18:02:00,user_123,Fitness workout completed,#Bengaluru,152,153,7,Delhi,Neutral,312
3137,2026-09-22 18:03:00,user_471,Cricket match scheduled today,#AI,289,101,70,Chennai,Neutral,460
112,2026-09-22 18:03:00,user_188,Fitness workout completed,#Cricket,498,78,86,Bengaluru,Neutral,662
910,2026-09-22 18:06:00,user_169,Beautiful day in Bengaluru,#Technology,74,181,42,Bengaluru,Positive,297
1766,2026-09-22 18:06:00,user_282,Python is really useful,#AI,261,31,41,Mumbai,Neutral,333
3601,2026-09-22 18:08:00,user_27,AI news update,#Technology,51,137,57,Bengaluru,Neutral,245
9997,2026-09-22 18:10:00,user_343,Python is really useful,#AI,61,1,88,Bengaluru,Neutral,150
5806,2026-09-22 18:12:00,user_485,Python project discussion,#Trending,787,70,17,Hyderabad,Neutral,874
8014,2026-09-22 18:17:00,user_167,Amazing fitness progress,#Fitness,212,120,30,Delhi,Positive,362
2060,2026-09-22 18:30:00,user_54,Beautiful day in Bengaluru,#Fitness,525,170,14,Chennai,Positive,709
5939,2026-09-22 18:36:00,user_482,Beautiful day in Bengaluru,#Cricket,237,143,96,Mumbai,Positive,476
6020,2026-09-22 18:39:00,user_158,Cricket match scheduled today,#Technology,571,133,50,Pune,Neutral,754
8927,2026-09-22 18:39:00,user_360,Amazing fitness progress,#Cricket,409,10,99,Delhi,Positive,518
6994,2026-09-22 18:39:00,user_337,Python is really useful,#AI,131,48,75,Bengaluru,Neutral,254
5881,2026-09-22 18:44:00,user_289,Excellent cricket match,#Python,620,72,3,Hyderabad,Positive,695
24,2026-09-22 18:44:00,user_227,Amazing experience today,#Python,592,155,52,Pune,Positive,799
5416,2026-09-22 18:48:00,user_69,Python project discussion,#Fitness,511,172,49,Bengaluru,Neutral,732
6284,2026-09-22 18:50:00,user_26,Beautiful day in Bengaluru,#Trending,795,48,43,Hyderabad,Positive,886
250,2026-09-22 18:57:00,user_354,Terrible service,#AI,871,138,19,Pune,Negative,1028
8394,2026-09-22 18:57:00,user_328,Python is really useful,#Python,213,157,32,Mumbai,Neutral,402
970,2026-09-22 18:59:00,user_85,AI news update,#Bengaluru,46,139,57,Chennai,Neutral,242
5642,2026-09-22 19:08:00,user_70,Worst experience ever,#Cricket,122,95,4,Hyderabad,Negative,221
1178,2026-09-22 19:09:00,user_449,Beautiful day in Bengaluru,#Trending,161,40,67,Hyderabad,Positive,268
792,2026-09-22 19:20:00,user_175,Cricket match scheduled today,#Bengaluru,380,21,13,Mumbai,Neutral,414
13,2026-09-22 19:20:00,user_455,Great technology update,#DataAnalytics,494,75,41,Delhi,Positive,610
8482,2026-09-22 19:23:00,user_479,Beautiful day in Bengaluru,#AI,452,60,59,Chennai,Positive,571
4498,2026-09-22 19:27:00,user_191,Bad experience today,#AI,612,196,14,Pune,Negative,822
616,2026-09-22 19:31:00,user_273,Amazing fitness progress,#Bengaluru,141,168,63,Chennai,Positive,372
4483,2026-09-22 19:31:00,user_130,Beautiful day in Bengaluru,#Bengaluru,126,100,13,Delhi,Positive,239
7240,2026-09-22 19:37:00,user_305,Fitness workout completed,#DataAnalytics,456,62,69,Bengaluru,Neutral,587
2192,2026-09-22 19:37:00,user_104,Weather update from Bengaluru,#Technology,938,197,9,Bengaluru,Neutral,1144
1757,2026-09-22 19:38:00,user_465,Weather update from Bengaluru,#Fitness,824,109,12,Mumbai,Neutral,945
8325,2026-09-22 19:41:00,user_115,Excellent cricket match,#Technology,891,105,10,Chennai,Positive,1006
2612,2026-09-22 19:44:00,user_95,AI news update,#Fitness,201,41,8,Hyderabad,Neutral,250
7208,2026-09-22 19:45:00,user_130,Very disappointing result,#DataAnalytics,277,33,2,Hyderabad,Neutral,312
9118,2026-09-22 19:52:00,user_272,Worst experience ever,#DataAnalytics,384,53,41,Bengaluru,Negative,478
4429,2026-09-22 19:57:00,user_2,Technology update today,#Technology,33,13,73,Hyderabad,Neutral,119
3775,2026-09-22 20:12:00,user_446,Great technology update,#DataAnalytics,594,154,61,Mumbai,Positive,809
2061,2026-09-22 20:13:00,user_78,Great work by the team,#Trending,458,28,34,Mumbai,Positive,520
5450,2026-09-22 20:18:00,user_373,Amazing experience today,#Cricket,804,119,66,Chennai,Positive,989
8735,2026-09-22 20:21:00,user_137,Python is really useful,#DataAnalytics,577,93,92,Chennai,Neutral,762
3977,2026-09-22 20:22:00,user_209,Poor performance today,#Technology,711,191,1,Mumbai,Negative,903
5402,2026-09-22 20:23:00,user_258,New information available,#Technology,488,82,54,Chennai,Neutral,624
201,2026-09-22 20:25:00,user_146,I love this new AI tool,#Fitness,979,28,12,Delhi,Positive,1019
171,2026-09-22 20:31:00,user_308,New information available,#Fitness,701,22,79,Delhi,Neutral,802
7805,2026-09-22 20:34:00,user_452,Poor performance today,#DataAnalytics,329,31,63,Chennai,Negative,423
4447,2026-09-22 20:36:00,user_87,Great work by the team,#Python,699,117,12,Delhi,Positive,828
6893,2026-09-22 20:38:00,user_3,New information available,#Fitness,224,52,95,Delhi,Neutral,371
3812,2026-09-22 20:38:00,user_107,Great technology update,#Bengaluru,458,82,63,Hyderabad,Positive,603
4263,2026-09-22 20:39:00,user_122,I am angry about this,#AI,460,153,91,Mumbai,Negative,704
3113,2026-09-22 20:40:00,user_384,Great technology update,#AI,280,23,48,Bengaluru,Positive,351
227,2026-09-22 20:41:00,user_188,Great technology update,#DataAnalytics,453,21,34,Mumbai,Positive,508
4177,2026-09-22 20:48:00,user_39,Amazing fitness progress,#Bengaluru,52,7,87,Pune,Positive,146
9595,2026-09-22 20:49:00,user_216,AI news update,#Cricket,457,45,9,Hyderabad,Neutral,511
9446,2026-09-22 20:58:00,user_31,Worst experience ever,#AI,768,22,79,Delhi,Negative,869
5338,2026-09-22 20:59:00,user_494,I love this new AI tool,#Python,44,161,30,Delhi,Positive,235
8531,2026-09-22 21:04:00,user_175,Terrible service,#Python,466,70,25,Delhi,Negative,561
9655,2026-09-22 21:08:00,user_102,Very disappointing result,#Fitness,898,26,61,Hyderabad,Neutral,985
3421,2026-09-22 21:28:00,user_123,Amazing fitness progress,#Technology,221,30,87,Pune,Positive,338
6842,2026-09-22 21:35:00,user_228,Great technology update,#Fitness,529,139,79,Delhi,Positive,747
6936,2026-09-22 21:35:00,user_211,Great work by the team,#Cricket,24,174,52,Mumbai,Positive,250
6699,2026-09-22 21:44:00,user_451,Amazing fitness progress,#Fitness,816,20,36,Bengaluru,Positive,872
3252,2026-09-22 21:48:00,user_400,Weather update from Bengaluru,#Python,602,137,98,Mumbai,Neutral,837
3874,2026-09-22 21:49:00,user_386,AI news update,#Bengaluru,279,96,86,Hyderabad,Neutral,461
7381,2026-09-22 21:50:00,user_67,Amazing experience today,#Python,374,11,73,Chennai,Positive,458
1122,2026-09-22 21:52:00,user_357,New information available,#Bengaluru,129,132,54,Bengaluru,Neutral,315
5511,2026-09-22 21:55:00,user_91,Fitness workout completed,#Bengaluru,877,109,90,Pune,Neutral,1076
6051,2026-09-22 22:00:00,user_403,Amazing experience today,#Bengaluru,323,79,57,Bengaluru,Positive,459
3908,2026-09-22 22:01:00,user_444,Amazing fitness progress,#Fitness,252,19,9,Mumbai,Positive,280
6470,2026-09-22 22:12:00,user_249,Python is really useful,#Bengaluru,56,157,96,Delhi,Neutral,309
5631,2026-09-22 22:12:00,user_311,This failed again,#AI,904,103,31,Chennai,Negative,1038
5853,2026-09-22 22:15:00,user_6,Fitness workout completed,#Fitness,609,179,60,Bengaluru,Neutral,848
7645,2026-09-22 22:15:00,user_117,Great work by the team,#Python,393,63,28,Bengaluru,Positive,484
4975,2026-09-22 22:18:00,user_31,New information available,#Cricket,856,169,68,Hyderabad,Neutral,1093
8146,2026-09-22 22:18:00,user_163,Weather update from Bengaluru,#Trending,369,163,33,Delhi,Neutral,565
2902,2026-09-22 22:19:00,user_55,Great work by the team,#Python,186,116,94,Mumbai,Positive,396
4866,2026-09-22 22:27:00,user_306,Terrible service,#AI,167,133,76,Bengaluru,Negative,376
9729,2026-09-22 22:28:00,user_68,Fitness workout completed,#Python,82,54,82,Chennai,Neutral,218
71,2026-09-22 22:28:00,user_8,Excellent cricket match,#Cricket,750,97,46,Delhi,Positive,893
8071,2026-09-22 22:31:00,user_433,AI news update,#Technology,634,29,33,Chennai,Neutral,696
8321,2026-09-22 22:34:00,user_413,Worst experience ever,#Python,165,37,93,Chennai,Negative,295
351,2026-09-22 22:34:00,user_88,Excellent cricket match,#DataAnalytics,697,34,47,Pune,Positive,778
223,2026-09-22 22:39:00,user_488,Technology update today,#Trending,380,158,49,Chennai,Neutral,587
672,2026-09-22 22:40:00,user_467,Excellent cricket match,#AI,954,114,84,Chennai,Positive,1152
5956,2026-09-22 22:43:00,user_103,Technology update today,#Technology,342,48,72,Hyderabad,Neutral,462
5804,2026-09-22 22:45:00,user_467,Cricket match scheduled today,#AI,49,73,23,Chennai,Neutral,145
5875,2026-09-22 22:45:00,user_260,Weather update from Bengaluru,#Fitness,510,77,46,Delhi,Neutral,633
2971,2026-09-22 22:46:00,user_100,Worst experience ever,#DataAnalytics,88,193,18,Mumbai,Negative,299
6466,2026-09-22 22:49:00,user_434,I love this new AI tool,#Technology,199,154,20,Delhi,Positive,373
2404,2026-09-22 22:56:00,user_259,Worst experience ever,#DataAnalytics,267,7,1,Pune,Negative,275
1008,2026-09-22 23:10:00,user_431,Worst experience ever,#Fitness,28,192,84,Bengaluru,Negative,304
6144,2026-09-22 23:16:00,user_215,Amazing fitness progress,#Technology,65,6,45,Pune,Positive,116
5890,2026-09-22 23:22:00,user_152,Beautiful day in Bengaluru,#Bengaluru,339,144,45,Mumbai,Positive,528
7536,2026-09-22 23:24:00,user_199,Python is really useful,#Bengaluru,244,197,73,Bengaluru,Neutral,514
6659,2026-09-22 23:40:00,user_298,Worst experience ever,#DataAnalytics,272,61,59,Bengaluru,Negative,392
8748,2026-09-22 23:40:00,user_274,Weather update from Bengaluru,#Cricket,572,91,66,Chennai,Neutral,729
2576,2026-09-22 23:41:00,user_97,New information available,#Cricket,857,180,83,Mumbai,Neutral,1120
1108,2026-09-22 23:50:00,user_139,Worst experience ever,#Trending,806,170,49,Pune,Negative,1025
3446,2026-09-22 23:51:00,user_280,Poor performance today,#Trending,912,175,47,Mumbai,Negative,1134
4100,2026-09-22 23:52:00,user_141,Cricket match scheduled today,#AI,471,144,5,Pune,Neutral,620
7360,2026-09-22 23:53:00,user_234,Beautiful day in Bengaluru,#Fitness,769,177,45,Chennai,Positive,991
3067,2026-09-22 23:56:00,user_97,Cricket match scheduled today,#AI,798,90,100,Chennai,Neutral,988
7952,2026-09-22 23:56:00,user_177,Technology update today,#Trending,357,45,15,Mumbai,Neutral,417
508,2026-09-22 23:57:00,user_42,Worst experience ever,#Python,990,58,79,Chennai,Negative,1127
6511,2026-09-23 00:05:00,user_269,Beautiful day in Bengaluru,#AI,733,90,37,Delhi,Positive,860
2453,2026-09-23 00:20:00,user_335,New information available,#AI,934,6,71,Mumbai,Neutral,1011
8526,2026-09-23 00:22:00,user_81,Great technology update,#Trending,322,81,49,Bengaluru,Positive,452
9389,2026-09-23 00:30:00,user_259,Weather update from Bengaluru,#AI,688,192,53,Delhi,Neutral,933
2701,2026-09-23 00:33:00,user_447,Data analytics session today,#Fitness,335,40,72,Delhi,Neutral,447
1744,2026-09-23 00:37:00,user_250,Amazing fitness progress,#Trending,577,70,28,Bengaluru,Positive,675
157,2026-09-23 00:45:00,user_30,Python is really useful,#Technology,544,169,84,Delhi,Neutral,797
7271,2026-09-23 00:45:00,user_335,Weather update from Bengaluru,#Fitness,386,81,64,Delhi,Neutral,531
4742,2026-09-23 00:48:00,user_135,Great work by the team,#AI,132,184,39,Mumbai,Positive,355
3280,2026-09-23 00:52:00,user_245,Python project discussion,#Fitness,724,1,63,Chennai,Neutral,788
5461,2026-09-23 00:58:00,user_480,Excellent cricket match,#AI,415,70,80,Bengaluru,Positive,565
6937,2026-09-23 01:01:00,user_13,AI news update,#Python,451,198,88,Pune,Neutral,737
4170,2026-09-23 01:04:00,user_109,Python is really useful,#AI,879,178,3,Chennai,Neutral,1060
4519,2026-09-23 01:04:00,user_369,Python project discussion,#Fitness,818,93,96,Delhi,Neutral,1007
9992,2026-09-23 01:05:00,user_49,New information available,#Bengaluru,487,186,43,Hyderabad,Neutral,716
8150,2026-09-23 01:07:00,user_311,AI news update,#Fitness,12,169,64,Mumbai,Neutral,245
610,2026-09-23 01:11:00,user_350,AI news update,#Fitness,510,156,97,Pune,Neutral,763
903,2026-09-23 01:12:00,user_413,Great technology update,#AI,957,19,48,Mumbai,Positive,1024
836,2026-09-23 01:16:00,user_39,Python project discussion,#AI,142,24,75,Delhi,Neutral,241
6312,2026-09-23 01:28:00,user_331,I hate this problem,#Bengaluru,905,2,97,Chennai,Negative,1004
1746,2026-09-23 01:29:00,user_370,Poor performance today,#Trending,34,193,2,Hyderabad,Negative,229
4202,2026-09-23 01:32:00,user_295,Poor performance today,#AI,519,162,49,Mumbai,Negative,730
8171,2026-09-23 01:33:00,user_342,Excellent cricket match,#AI,386,33,67,Pune,Positive,486
6210,2026-09-23 01:34:00,user_369,Technology update today,#Cricket,646,49,17,Mumbai,Neutral,712
4237,2026-09-23 01:40:00,user_492,I love this new AI tool,#Bengaluru,183,141,49,Hyderabad,Positive,373
7466,2026-09-23 01:43:00,user_360,Data analytics session today,#Bengaluru,206,46,60,Delhi,Neutral,312
4107,2026-09-23 01:46:00,user_13,Amazing fitness progress,#Python,767,91,36,Hyderabad,Positive,894
1564,2026-09-23 01:47:00,user_356,Technology update today,#Cricket,713,44,85,Mumbai,Neutral,842
9530,2026-09-23 01:59:00,user_436,Great technology update,#Technology,65,167,72,Hyderabad,Positive,304
5901,2026-09-23 02:01:00,user_214,Weather update from Bengaluru,#Bengaluru,385,180,53,Hyderabad,Neutral,618
9959,2026-09-23 02:06:00,user_478,Amazing fitness progress,#Technology,437,136,86,Hyderabad,Positive,659
4847,2026-09-23 02:12:00,user_80,Poor performance today,#DataAnalytics,650,181,10,Pune,Negative,841
1954,2026-09-23 02:15:00,user_138,Technology update today,#DataAnalytics,566,169,33,Bengaluru,Neutral,768
6828,2026-09-23 02:19:00,user_438,Python project discussion,#Bengaluru,490,26,6,Hyderabad,Neutral,522
6407,2026-09-23 02:24:00,user_221,Great technology update,#AI,134,62,40,Delhi,Positive,236
2728,2026-09-23 02:33:00,user_381,I love this new AI tool,#Fitness,658,98,76,Bengaluru,Positive,832
9999,2026-09-23 02:34:00,user_18,Fitness workout completed,#DataAnalytics,250,159,86,Mumbai,Neutral,495
9462,2026-09-23 02:35:00,user_472,Worst experience ever,#Trending,417,59,31,Chennai,Negative,507
2622,2026-09-23 02:37:00,user_306,Weather update from Bengaluru,#Trending,37,84,82,Hyderabad,Neutral,203
7938,2026-09-23 02:39:00,user_254,Bad experience today,#AI,745,134,22,Bengaluru,Negative,901
8256,2026-09-23 02:50:00,user_252,Amazing experience today,#Cricket,459,84,90,Hyderabad,Positive,633
2780,2026-09-23 02:55:00,user_133,Fitness workout completed,#Trending,356,148,67,Delhi,Neutral,571
5103,2026-09-23 02:57:00,user_469,I love this new AI tool,#DataAnalytics,866,168,15,Mumbai,Positive,1049
6217,2026-09-23 02:58:00,user_239,Excellent cricket match,#Cricket,889,87,70,Delhi,Positive,1046
7597,2026-09-23 03:00:00,user_115,Beautiful day in Bengaluru,#AI,270,103,25,Delhi,Positive,398
6850,2026-09-23 03:01:00,user_203,New information available,#Python,343,73,74,Pune,Neutral,490
7464,2026-09-23 03:03:00,user_232,Weather update from Bengaluru,#Technology,671,180,24,Hyderabad,Neutral,875
2129,2026-09-23 03:07:00,user_44,Technology update today,#Trending,93,154,74,Hyderabad,Neutral,321
4794,2026-09-23 03:08:00,user_125,Great work by the team,#AI,850,58,11,Bengaluru,Positive,919
529,2026-09-23 03:21:00,user_493,Amazing experience today,#Fitness,783,84,57,Bengaluru,Positive,924
3070,2026-09-23 03:29:00,user_115,Amazing fitness progress,#Technology,376,129,99,Chennai,Positive,604
9463,2026-09-23 03:33:00,user_499,Amazing experience today,#Fitness,155,79,6,Chennai,Positive,240
2748,2026-09-23 03:35:00,user_428,Python project discussion,#Python,21,88,22,Delhi,Neutral,131
5083,2026-09-23 03:43:00,user_444,Data analytics session today,#Trending,952,98,21,Pune,Neutral,1071
9040,2026-09-23 04:03:00,user_448,Technology update today,#Trending,926,170,24,Bengaluru,Neutral,1120
929,2026-09-23 04:04:00,user_495,Cricket match scheduled today,#Fitness,310,100,39,Hyderabad,Neutral,449
4253,2026-09-23 04:06:00,user_16,New information available,#Bengaluru,817,31,27,Mumbai,Neutral,875
8089,2026-09-23 04:09:00,user_187,Amazing fitness progress,#Technology,269,9,77,Delhi,Positive,355
2873,2026-09-23 04:13:00,user_10,This failed again,#AI,473,168,98,Mumbai,Negative,739
867,2026-09-23 04:16:00,user_133,Fitness workout completed,#Trending,151,20,34,Mumbai,Neutral,205
3923,2026-09-23 04:19:00,user_179,Python project discussion,#Trending,529,122,89,Mumbai,Neutral,740
3266,2026-09-23 04:19:00,user_216,Poor performance today,#AI,47,71,56,Bengaluru,Negative,174
226,2026-09-23 04:21:00,user_170,Amazing experience today,#AI,608,150,90,Mumbai,Positive,848
7280,2026-09-23 04:24:00,user_89,Python is really useful,#Bengaluru,316,156,2,Mumbai,Neutral,474
3422,2026-09-23 04:32:00,user_4,Terrible service,#DataAnalytics,957,150,41,Mumbai,Negative,1148
428,2026-09-23 04:35:00,user_225,Bad experience today,#Fitness,793,173,27,Bengaluru,Negative,993
5482,2026-09-23 04:35:00,user_45,Amazing fitness progress,#Python,871,159,44,Pune,Positive,1074
3715,2026-09-23 05:00:00,user_237,Technology update today,#Fitness,644,38,49,Hyderabad,Neutral,731
6727,2026-09-23 05:10:00,user_243,Excellent cricket match,#Technology,354,117,63,Mumbai,Positive,534
2974,2026-09-23 05:11:00,user_91,New information available,#Python,475,151,42,Delhi,Neutral,668
6551,2026-09-23 05:16:00,user_293,Great work by the team,#Bengaluru,628,192,91,Chennai,Positive,911
1257,2026-09-23 05:20:00,user_6,I love this new AI tool,#Python,277,117,28,Hyderabad,Positive,422
7483,2026-09-23 05:32:00,user_39,Cricket match scheduled today,#Python,805,110,90,Hyderabad,Neutral,1005
1245,2026-09-23 05:41:00,user_158,New information available,#Fitness,442,57,10,Pune,Neutral,509
7581,2026-09-23 05:50:00,user_232,Great technology update,#Technology,930,84,80,Pune,Positive,1094
2004,2026-09-23 05:56:00,user_148,New information available,#AI,923,122,21,Hyderabad,Neutral,1066
9095,2026-09-23 05:59:00,user_131,Python project discussion,#Trending,931,72,65,Bengaluru,Neutral,1068
1467,2026-09-23 06:05:00,user_214,Amazing experience today,#Fitness,477,9,9,Mumbai,Positive,495
2777,2026-09-23 06:06:00,user_34,Python project discussion,#Python,121,127,96,Hyderabad,Neutral,344
3352,2026-09-23 06:21:00,user_444,I love this new AI tool,#DataAnalytics,390,11,40,Bengaluru,Positive,441
242,2026-09-23 06:22:00,user_294,Great work by the team,#Trending,145,9,47,Chennai,Positive,201
9728,2026-09-23 06:34:00,user_489,Data analytics session today,#Technology,277,33,77,Mumbai,Neutral,387
4068,2026-09-23 06:43:00,user_283,Fitness workout completed,#AI,602,156,50,Chennai,Neutral,808
7834,2026-09-23 06:46:00,user_180,Excellent cricket match,#AI,341,147,91,Hyderabad,Positive,579
2180,2026-09-23 06:54:00,user_190,Cricket match scheduled today,#Bengaluru,504,123,69,Pune,Neutral,696
4052,2026-09-23 06:55:00,user_63,Python is really useful,#Python,62,170,42,Mumbai,Neutral,274
5981,2026-09-23 06:58:00,user_3,Poor performance today,#Fitness,326,149,9,Pune,Negative,484
658,2026-09-23 07:04:00,user_54,Technology update today,#Fitness,225,171,100,Delhi,Neutral,496
9067,2026-09-23 07:05:00,user_347,Excellent cricket match,#Cricket,514,24,76,Bengaluru,Positive,614
4174,2026-09-23 07:07:00,user_479,Data analytics session today,#Trending,853,148,18,Bengaluru,Neutral,1019
6700,2026-09-23 07:10:00,user_139,Data analytics session today,#DataAnalytics,14,137,43,Hyderabad,Neutral,194
9196,2026-09-23 07:17:00,user_361,I love this new AI tool,#Python,505,182,25,Delhi,Positive,712
6290,2026-09-23 07:23:00,user_292,Amazing fitness progress,#Trending,465,152,10,Pune,Positive,627
3367,2026-09-23 07:25:00,user_256,Excellent cricket match,#AI,163,41,42,Mumbai,Positive,246
6771,2026-09-23 07:26:00,user_3,I hate this problem,#Technology,557,118,62,Delhi,Negative,737
1316,2026-09-23 07:39:00,user_500,AI news update,#Trending,164,98,12,Delhi,Neutral,274
852,2026-09-23 07:47:00,user_196,Terrible service,#Bengaluru,721,73,85,Chennai,Negative,879
233,2026-09-23 08:00:00,user_307,New information available,#Trending,486,81,29,Chennai,Neutral,596
3702,2026-09-23 08:14:00,user_52,AI news update,#Cricket,191,12,18,Pune,Neutral,221
85,2026-09-23 08:15:00,user_48,This failed again,#Technology,110,104,11,Mumbai,Negative,225
168,2026-09-23 08:15:00,user_133,Poor performance today,#DataAnalytics,579,141,82,Hyderabad,Negative,802
2113,2026-09-23 08:15:00,user_474,Amazing experience today,#Python,798,55,15,Pune,Positive,868
9971,2026-09-23 08:22:00,user_443,I am angry about this,#Bengaluru,453,12,73,Hyderabad,Negative,538
3254,2026-09-23 08:24:00,user_471,Amazing fitness progress,#Bengaluru,693,184,30,Pune,Positive,907
7254,2026-09-23 08:25:00,user_107,Beautiful day in Bengaluru,#AI,46,82,32,Mumbai,Positive,160
4390,2026-09-23 08:26:00,user_7,New information available,#Trending,534,92,71,Delhi,Neutral,697
7548,2026-09-23 08:26:00,user_31,I love this new AI tool,#Cricket,142,84,57,Chennai,Positive,283
9628,2026-09-23 08:30:00,user_127,Amazing experience today,#DataAnalytics,475,132,22,Hyderabad,Positive,629
8272,2026-09-23 08:40:00,user_75,Poor performance today,#Python,323,65,9,Delhi,Negative,397
5119,2026-09-23 08:40:00,user_214,I love this new AI tool,#Fitness,435,66,1,Pune,Positive,502
4140,2026-09-23 08:42:00,user_96,New information available,#Bengaluru,779,24,56,Delhi,Neutral,859
5915,2026-09-23 08:46:00,user_362,Python is really useful,#DataAnalytics,57,162,69,Delhi,Neutral,288
9457,2026-09-23 08:54:00,user_255,This failed again,#Cricket,343,121,42,Chennai,Negative,506
4971,2026-09-23 08:59:00,user_160,Great technology update,#Trending,836,136,29,Bengaluru,Positive,1001
335,2026-09-23 09:00:00,user_20,Weather update from Bengaluru,#Python,902,171,19,Bengaluru,Neutral,1092
1548,2026-09-23 09:08:00,user_419,This failed again,#Cricket,293,197,45,Chennai,Negative,535
2084,2026-09-23 09:13:00,user_134,Fitness workout completed,#Trending,34,195,35,Bengaluru,Neutral,264
9916,2026-09-23 09:17:00,user_424,Great work by the team,#Trending,241,176,1,Mumbai,Positive,418
4947,2026-09-23 09:29:00,user_394,Data analytics session today,#Fitness,682,93,72,Mumbai,Neutral,847
5079,2026-09-23 09:36:00,user_499,Data analytics session today,#Cricket,540,67,29,Mumbai,Neutral,636
9398,2026-09-23 09:43:00,user_210,Fitness workout completed,#Trending,438,199,78,Pune,Neutral,715
9069,2026-09-23 09:43:00,user_113,Python is really useful,#Python,953,121,80,Mumbai,Neutral,1154
1955,2026-09-23 09:43:00,user_134,Bad experience today,#DataAnalytics,712,143,80,Bengaluru,Negative,935
3515,2026-09-23 09:49:00,user_326,Great work by the team,#Trending,747,169,73,Delhi,Positive,989
2157,2026-09-23 09:55:00,user_438,Worst experience ever,#Bengaluru,429,167,22,Pune,Negative,618
8816,2026-09-23 09:55:00,user_297,This failed again,#Technology,470,192,26,Bengaluru,Negative,688
9765,2026-09-23 09:56:00,user_136,Excellent cricket match,#Cricket,804,38,93,Hyderabad,Positive,935
3043,2026-09-23 09:58:00,user_1,Cricket match scheduled today,#Python,317,73,72,Chennai,Neutral,462
4115,2026-09-23 10:06:00,user_215,Amazing fitness progress,#DataAnalytics,704,150,19,Delhi,Positive,873
5247,2026-09-23 10:06:00,user_82,Excellent cricket match,#AI,85,84,42,Hyderabad,Positive,211
9280,2026-09-23 10:07:00,user_224,New information available,#Cricket,817,128,14,Hyderabad,Neutral,959
7278,2026-09-23 10:09:00,user_29,New information available,#Technology,131,109,23,Mumbai,Neutral,263
7431,2026-09-23 10:13:00,user_496,Worst experience ever,#Technology,259,151,15,Delhi,Negative,425
2342,2026-09-23 10:15:00,user_410,Bad experience today,#DataAnalytics,671,26,52,Mumbai,Negative,749
7545,2026-09-23 10:20:00,user_159,Great technology update,#AI,453,116,94,Delhi,Positive,663
6389,2026-09-23 10:22:00,user_402,Amazing experience today,#Python,965,57,6,Delhi,Positive,1028
2477,2026-09-23 10:26:00,user_448,Technology update today,#AI,907,76,85,Pune,Neutral,1068
5125,2026-09-23 10:32:00,user_215,Python is really useful,#DataAnalytics,863,182,58,Bengaluru,Neutral,1103
3160,2026-09-23 10:32:00,user_191,Python is really useful,#Fitness,597,183,10,Delhi,Neutral,790
9214,2026-09-23 10:36:00,user_158,Great work by the team,#Trending,222,39,93,Pune,Positive,354
7180,2026-09-23 10:37:00,user_84,Great technology update,#AI,188,2,16,Mumbai,Positive,206
1837,2026-09-23 10:41:00,user_496,Great work by the team,#Fitness,367,24,26,Hyderabad,Positive,417
5653,2026-09-23 10:42:00,user_473,This failed again,#Python,810,197,67,Delhi,Negative,1074
786,2026-09-23 10:45:00,user_396,Fitness workout completed,#Technology,137,136,85,Hyderabad,Neutral,358
6795,2026-09-23 10:49:00,user_398,Bad experience today,#Bengaluru,448,74,84,Hyderabad,Negative,606
2333,2026-09-23 10:53:00,user_155,AI news update,#AI,810,30,91,Mumbai,Neutral,931
6736,2026-09-23 11:02:00,user_140,I hate this problem,#AI,726,32,80,Hyderabad,Negative,838
9322,2026-09-23 11:05:00,user_80,Amazing experience today,#Technology,60,2,68,Delhi,Positive,130
9998,2026-09-23 11:07:00,user_149,Python is really useful,#DataAnalytics,398,65,43,Pune,Neutral,506
5490,2026-09-23 11:15:00,user_38,Technology update today,#AI,580,56,2,Pune,Neutral,638
280,2026-09-23 11:17:00,user_148,Beautiful day in Bengaluru,#AI,348,23,52,Mumbai,Positive,423
2231,2026-09-23 11:18:00,user_491,Python is really useful,#Technology,698,114,69,Delhi,Neutral,881
7561,2026-09-23 11:19:00,user_202,Python project discussion,#Fitness,745,164,27,Delhi,Neutral,936
9697,2026-09-23 11:21:00,user_45,Very disappointing result,#DataAnalytics,603,49,86,Delhi,Neutral,738
73,2026-09-23 11:26:00,user_361,Data analytics session today,#Python,462,49,89,Bengaluru,Neutral,600
9926,2026-09-23 11:31:00,user_20,Poor performance today,#Cricket,704,198,75,Pune,Negative,977
5366,2026-09-23 11:34:00,user_430,Amazing fitness progress,#Trending,18,179,3,Delhi,Positive,200
662,2026-09-23 11:38:00,user_59,Great work by the team,#Cricket,156,67,13,Pune,Positive,236
6081,2026-09-23 11:44:00,user_310,Excellent cricket match,#Bengaluru,534,60,27,Delhi,Positive,621
4520,2026-09-23 11:52:00,user_352,Amazing experience today,#AI,876,1,93,Delhi,Positive,970
7995,2026-09-23 11:54:00,user_196,Terrible service,#Fitness,469,36,18,Bengaluru,Negative,523
2194,2026-09-23 11:55:00,user_111,I hate this problem,#Fitness,844,179,29,Pune,Negative,1052
889,2026-09-23 11:56:00,user_37,Great work by the team,#Fitness,454,195,52,Pune,Positive,701
3568,2026-09-23 11:59:00,user_467,Beautiful day in Bengaluru,#Python,230,4,84,Pune,Positive,318
5037,2026-09-23 12:01:00,user_304,Bad experience today,#Technology,146,48,49,Hyderabad,Negative,243
7947,2026-09-23 12:12:00,user_161,AI news update,#Fitness,749,125,17,Chennai,Neutral,891
4322,2026-09-23 12:14:00,user_226,I hate this problem,#Python,445,200,53,Delhi,Negative,698
4865,2026-09-23 12:15:00,user_204,I love this new AI tool,#Fitness,582,131,6,Bengaluru,Positive,719
1843,2026-09-23 12:16:00,user_488,I hate this problem,#Bengaluru,226,89,82,Hyderabad,Negative,397
7693,2026-09-23 12:26:00,user_360,Cricket match scheduled today,#Technology,881,128,63,Hyderabad,Neutral,1072
2670,2026-09-23 12:42:00,user_210,Cricket match scheduled today,#AI,893,133,49,Chennai,Neutral,1075
3470,2026-09-23 12:47:00,user_34,Weather update from Bengaluru,#Fitness,378,42,28,Hyderabad,Neutral,448
1073,2026-09-23 12:47:00,user_485,Terrible service,#Fitness,662,134,76,Chennai,Negative,872
8637,2026-09-23 13:01:00,user_287,Fitness workout completed,#Python,408,156,18,Delhi,Neutral,582
698,2026-09-23 13:03:00,user_96,Technology update today,#Technology,122,194,95,Pune,Neutral,411
427,2026-09-23 13:04:00,user_360,Beautiful day in Bengaluru,#AI,324,117,82,Bengaluru,Positive,523
1205,2026-09-23 13:04:00,user_111,AI news update,#Fitness,779,16,80,Bengaluru,Neutral,875
603,2026-09-23 13:16:00,user_331,Excellent cricket match,#Technology,629,167,22,Chennai,Positive,818
6423,2026-09-23 13:24:00,user_161,Beautiful day in Bengaluru,#Fitness,650,96,26,Pune,Positive,772
8481,2026-09-23 13:27:00,user_133,Beautiful day in Bengaluru,#Fitness,518,46,83,Delhi,Positive,647
7695,2026-09-23 13:30:00,user_194,Weather update from Bengaluru,#DataAnalytics,613,200,99,Delhi,Neutral,912
7985,2026-09-23 13:30:00,user_392,Great technology update,#Cricket,510,128,74,Bengaluru,Positive,712
5411,2026-09-23 13:36:00,user_290,Bad experience today,#Python,39,91,7,Mumbai,Negative,137
1594,2026-09-23 13:42:00,user_436,Amazing experience today,#Python,553,56,43,Chennai,Positive,652
2699,2026-09-23 13:43:00,user_392,I hate this problem,#Fitness,268,92,52,Delhi,Negative,412
1709,2026-09-23 13:51:00,user_241,Cricket match scheduled today,#Python,956,167,42,Mumbai,Neutral,1165
4816,2026-09-23 14:00:00,user_117,I am angry about this,#Trending,727,172,93,Hyderabad,Negative,992
6976,2026-09-23 14:03:00,user_113,Weather update from Bengaluru,#Technology,964,116,35,Hyderabad,Neutral,1115
9720,2026-09-23 14:08:00,user_92,Python is really useful,#Python,802,198,67,Mumbai,Neutral,1067
5071,2026-09-23 14:18:00,user_156,Amazing experience today,#Trending,769,178,88,Pune,Positive,1035
1558,2026-09-23 14:18:00,user_283,Terrible service,#Cricket,703,136,27,Pune,Negative,866
7528,2026-09-23 14:26:00,user_310,Great work by the team,#Trending,85,100,50,Bengaluru,Positive,235
2614,2026-09-23 14:35:00,user_471,New information available,#AI,192,20,41,Pune,Neutral,253
8645,2026-09-23 14:37:00,user_106,Great technology update,#Trending,700,188,47,Pune,Positive,935
3219,2026-09-23 14:40:00,user_81,Excellent cricket match,#Python,322,2,89,Delhi,Positive,413
6298,2026-09-23 14:43:00,user_478,AI news update,#Bengaluru,36,56,11,Bengaluru,Neutral,103
6182,2026-09-23 14:44:00,user_19,I love this new AI tool,#Fitness,607,163,5,Chennai,Positive,775
3487,2026-09-23 14:47:00,user_297,Amazing experience today,#Trending,520,95,100,Pune,Positive,715
9960,2026-09-23 14:50:00,user_306,Excellent cricket match,#AI,359,55,34,Mumbai,Positive,448
383,2026-09-23 14:52:00,user_19,Amazing fitness progress,#Technology,35,125,73,Delhi,Positive,233
9889,2026-09-23 15:03:00,user_485,Great work by the team,#Bengaluru,798,78,72,Delhi,Positive,948
2257,2026-09-23 15:08:00,user_76,Python project discussion,#Bengaluru,405,161,96,Delhi,Neutral,662
4047,2026-09-23 15:15:00,user_461,Cricket match scheduled today,#Bengaluru,221,165,93,Bengaluru,Neutral,479
2993,2026-09-23 15:17:00,user_441,Fitness workout completed,#Cricket,24,160,22,Pune,Neutral,206
2904,2026-09-23 15:18:00,user_269,Cricket match scheduled today,#Bengaluru,91,32,19,Chennai,Neutral,142
1569,2026-09-23 15:18:00,user_419,Python is really useful,#Technology,381,114,24,Mumbai,Neutral,519
51,2026-09-23 15:19:00,user_114,This failed again,#Cricket,348,196,37,Bengaluru,Negative,581
6604,2026-09-23 15:23:00,user_52,Fitness workout completed,#Technology,371,111,18,Bengaluru,Neutral,500
9080,2026-09-23 15:29:00,user_316,Fitness workout completed,#Python,724,183,35,Mumbai,Neutral,942
9460,2026-09-23 15:29:00,user_330,Worst experience ever,#DataAnalytics,59,16,11,Bengaluru,Negative,86
7747,2026-09-23 15:29:00,user_349,Great work by the team,#Bengaluru,822,166,47,Mumbai,Positive,1035
7674,2026-09-23 15:30:00,user_90,Amazing experience today,#Technology,978,73,5,Mumbai,Positive,1056
141,2026-09-23 15:33:00,user_116,Amazing fitness progress,#DataAnalytics,147,156,97,Hyderabad,Positive,400
8628,2026-09-23 15:35:00,user_493,Amazing fitness progress,#AI,660,175,58,Mumbai,Positive,893
4383,2026-09-23 15:37:00,user_393,Great technology update,#DataAnalytics,346,120,88,Hyderabad,Positive,554
8112,2026-09-23 15:40:00,user_295,Beautiful day in Bengaluru,#Trending,408,196,63,Bengaluru,Positive,667
8973,2026-09-23 15:42:00,user_250,Amazing fitness progress,#Fitness,15,59,95,Bengaluru,Positive,169
7396,2026-09-23 15:45:00,user_206,Python is really useful,#Technology,663,102,95,Hyderabad,Neutral,860
5506,2026-09-23 15:49:00,user_208,Amazing experience today,#Python,272,164,92,Pune,Positive,528
3494,2026-09-23 15:49:00,user_27,Fitness workout completed,#AI,72,175,77,Delhi,Neutral,324
6792,2026-09-23 15:50:00,user_220,AI news update,#Technology,572,30,67,Delhi,Neutral,669
4518,2026-09-23 15:50:00,user_93,Great work by the team,#Python,952,198,63,Bengaluru,Positive,1213
9646,2026-09-23 15:51:00,user_93,I hate this problem,#Bengaluru,998,166,56,Delhi,Negative,1220
4777,2026-09-23 15:53:00,user_241,I love this new AI tool,#Python,211,16,54,Bengaluru,Positive,281
9990,2026-09-23 15:58:00,user_389,Python is really useful,#Technology,681,168,97,Mumbai,Neutral,946
7442,2026-09-23 15:58:00,user_492,Great work by the team,#Trending,533,98,32,Delhi,Positive,663
502,2026-09-23 16:00:00,user_335,Python is really useful,#AI,604,186,92,Hyderabad,Neutral,882
1444,2026-09-23 16:02:00,user_461,I am angry about this,#Technology,733,25,89,Pune,Negative,847
5134,2026-09-23 16:04:00,user_243,AI news update,#Technology,674,89,47,Bengaluru,Neutral,810
2132,2026-09-23 16:18:00,user_207,Very disappointing result,#Fitness,902,55,68,Chennai,Neutral,1025
261,2026-09-23 16:22:00,user_318,Technology update today,#Bengaluru,368,154,48,Chennai,Neutral,570
812,2026-09-23 16:28:00,user_219,Amazing experience today,#Cricket,47,130,55,Hyderabad,Positive,232
2554,2026-09-23 16:37:00,user_111,Python is really useful,#Trending,188,92,17,Hyderabad,Neutral,297
2401,2026-09-23 16:39:00,user_81,Great technology update,#Trending,437,173,30,Pune,Positive,640
7157,2026-09-23 16:42:00,user_80,Beautiful day in Bengaluru,#Python,877,89,88,Pune,Positive,1054
746,2026-09-23 16:44:00,user_58,Python is really useful,#DataAnalytics,923,83,23,Hyderabad,Neutral,1029
5792,2026-09-23 16:44:00,user_256,Great work by the team,#Cricket,144,180,17,Hyderabad,Positive,341
1823,2026-09-23 16:45:00,user_282,Amazing experience today,#AI,828,60,10,Chennai,Positive,898
5214,2026-09-23 16:48:00,user_257,Fitness workout completed,#DataAnalytics,24,116,69,Delhi,Neutral,209
7556,2026-09-23 16:48:00,user_449,I hate this problem,#Cricket,478,79,98,Pune,Negative,655
4716,2026-09-23 16:50:00,user_142,Amazing fitness progress,#Bengaluru,598,55,58,Chennai,Positive,711
5571,2026-09-23 16:56:00,user_145,I love this new AI tool,#Technology,135,30,50,Mumbai,Positive,215
7295,2026-09-23 16:56:00,user_475,Weather update from Bengaluru,#Fitness,548,182,57,Mumbai,Neutral,787
975,2026-09-23 17:01:00,user_443,I hate this problem,#Fitness,441,153,85,Chennai,Negative,679
5362,2026-09-23 17:10:00,user_457,Amazing experience today,#DataAnalytics,981,117,34,Pune,Positive,1132
7260,2026-09-23 17:20:00,user_221,I hate this problem,#AI,533,197,1,Pune,Negative,731
7296,2026-09-23 17:23:00,user_177,Worst experience ever,#DataAnalytics,666,91,97,Delhi,Negative,854
2391,2026-09-23 17:30:00,user_126,I love this new AI tool,#Trending,516,176,10,Hyderabad,Positive,702
4302,2026-09-23 17:42:00,user_289,Amazing experience today,#Cricket,553,141,27,Hyderabad,Positive,721
2901,2026-09-23 17:50:00,user_307,Amazing fitness progress,#Python,891,160,12,Hyderabad,Positive,1063
7908,2026-09-23 17:53:00,user_234,Great work by the team,#Python,847,178,17,Chennai,Positive,1042
9762,2026-09-23 17:59:00,user_294,Great technology update,#AI,84,176,47,Pune,Positive,307
2689,2026-09-23 18:08:00,user_34,AI news update,#Fitness,860,97,81,Hyderabad,Neutral,1038
1831,2026-09-23 18:12:00,user_386,Technology update today,#Fitness,372,197,21,Hyderabad,Neutral,590
8008,2026-09-23 18:13:00,user_128,Excellent cricket match,#Python,605,106,45,Pune,Positive,756
4430,2026-09-23 18:15:00,user_403,Excellent cricket match,#AI,115,24,69,Mumbai,Positive,208
8614,2026-09-23 18:16:00,user_190,AI news update,#Python,46,200,91,Mumbai,Neutral,337
1438,2026-09-23 18:17:00,user_320,I hate this problem,#Bengaluru,954,30,50,Mumbai,Negative,1034
372,2026-09-23 18:18:00,user_211,Bad experience today,#Technology,234,176,91,Bengaluru,Negative,501
4606,2026-09-23 18:24:00,user_212,Terrible service,#Cricket,885,174,86,Bengaluru,Negative,1145
3574,2026-09-23 18:30:00,user_361,New information available,#Cricket,578,1,51,Bengaluru,Neutral,630
3996,2026-09-23 18:39:00,user_34,Python is really useful,#Technology,45,16,1,Delhi,Neutral,62
2663,2026-09-23 18:44:00,user_248,Fitness workout completed,#Cricket,635,130,11,Delhi,Neutral,776
1926,2026-09-23 18:50:00,user_153,I hate this problem,#Fitness,265,12,31,Hyderabad,Negative,308
5440,2026-09-23 18:54:00,user_147,Great work by the team,#DataAnalytics,326,24,12,Hyderabad,Positive,362
5680,2026-09-23 19:04:00,user_322,This failed again,#AI,237,56,68,Mumbai,Negative,361
4585,2026-09-23 19:09:00,user_44,Data analytics session today,#Trending,12,74,91,Pune,Neutral,177
167,2026-09-23 19:10:00,user_237,Technology update today,#Technology,114,157,93,Pune,Neutral,364
5093,2026-09-23 19:11:00,user_257,Weather update from Bengaluru,#Cricket,933,19,63,Pune,Neutral,1015
4216,2026-09-23 19:20:00,user_283,Great work by the team,#DataAnalytics,284,172,59,Mumbai,Positive,515
9485,2026-09-23 19:23:00,user_64,Python is really useful,#DataAnalytics,927,77,28,Bengaluru,Neutral,1032
9441,2026-09-23 19:30:00,user_306,Great work by the team,#Technology,645,144,43,Hyderabad,Positive,832
4137,2026-09-23 19:30:00,user_26,Amazing experience today,#AI,439,59,40,Pune,Positive,538
8828,2026-09-23 19:38:00,user_109,I hate this problem,#Bengaluru,854,158,98,Delhi,Negative,1110
8214,2026-09-23 19:40:00,user_29,I hate this problem,#Bengaluru,224,132,75,Mumbai,Negative,431
1305,2026-09-23 19:41:00,user_414,Excellent cricket match,#Technology,687,53,22,Hyderabad,Positive,762
6904,2026-09-23 19:44:00,user_394,Python project discussion,#AI,599,122,82,Delhi,Neutral,803
5369,2026-09-23 19:49:00,user_215,I hate this problem,#Fitness,779,78,5,Pune,Negative,862
3585,2026-09-23 19:57:00,user_11,Weather update from Bengaluru,#Cricket,941,163,5,Mumbai,Neutral,1109
8661,2026-09-23 20:00:00,user_104,Bad experience today,#Cricket,589,41,22,Mumbai,Negative,652
255,2026-09-23 20:08:00,user_441,Weather update from Bengaluru,#Cricket,729,39,92,Hyderabad,Neutral,860
8010,2026-09-23 20:08:00,user_262,Amazing experience today,#Cricket,467,67,67,Hyderabad,Positive,601
8119,2026-09-23 20:09:00,user_120,I love this new AI tool,#Python,605,110,34,Pune,Positive,749
8670,2026-09-23 20:13:00,user_495,I love this new AI tool,#Trending,91,41,91,Pune,Positive,223
9435,2026-09-23 20:13:00,user_147,New information available,#Technology,367,121,3,Hyderabad,Neutral,491
7847,2026-09-23 20:20:00,user_165,Weather update from Bengaluru,#Technology,437,21,92,Chennai,Neutral,550
9937,2026-09-23 20:20:00,user_70,AI news update,#DataAnalytics,79,155,66,Hyderabad,Neutral,300
5622,2026-09-23 20:30:00,user_133,I love this new AI tool,#Technology,700,50,82,Pune,Positive,832
7825,2026-09-23 20:30:00,user_449,I love this new AI tool,#Fitness,903,167,95,Hyderabad,Positive,1165
3322,2026-09-23 20:31:00,user_371,This failed again,#DataAnalytics,991,36,88,Hyderabad,Negative,1115
3265,2026-09-23 20:34:00,user_223,Poor performance today,#Fitness,737,51,98,Bengaluru,Negative,886
1774,2026-09-23 20:36:00,user_236,This failed again,#Cricket,136,3,93,Mumbai,Negative,232
6571,2026-09-23 20:40:00,user_169,Beautiful day in Bengaluru,#Trending,328,63,31,Bengaluru,Positive,422
2281,2026-09-23 20:41:00,user_420,New information available,#AI,177,26,47,Bengaluru,Neutral,250
3718,2026-09-23 20:42:00,user_338,Great technology update,#AI,809,167,33,Pune,Positive,1009
8601,2026-09-23 20:43:00,user_262,Technology update today,#Technology,459,71,95,Pune,Neutral,625
1078,2026-09-23 20:44:00,user_393,Very disappointing result,#Technology,702,92,64,Hyderabad,Neutral,858
3511,2026-09-23 20:55:00,user_407,Amazing experience today,#Cricket,668,199,37,Hyderabad,Positive,904
38,2026-09-23 21:06:00,user_363,Bad experience today,#Fitness,591,22,99,Pune,Negative,712
5501,2026-09-23 21:07:00,user_150,Excellent cricket match,#Fitness,19,42,2,Bengaluru,Positive,63
9933,2026-09-23 21:16:00,user_193,Terrible service,#Fitness,376,15,67,Chennai,Negative,458
7664,2026-09-23 21:19:00,user_463,Amazing experience today,#Python,519,151,43,Hyderabad,Positive,713
6837,2026-09-23 21:19:00,user_70,Cricket match scheduled today,#Trending,229,79,80,Pune,Neutral,388
6318,2026-09-23 21:20:00,user_199,Beautiful day in Bengaluru,#Bengaluru,767,146,89,Bengaluru,Positive,1002
1053,2026-09-23 21:28:00,user_466,New information available,#Fitness,706,124,1,Pune,Neutral,831
2035,2026-09-23 21:43:00,user_398,I hate this problem,#Python,886,53,97,Hyderabad,Negative,1036
726,2026-09-23 21:43:00,user_311,Beautiful day in Bengaluru,#DataAnalytics,68,177,96,Pune,Positive,341
209,2026-09-23 21:50:00,user_244,I hate this problem,#Cricket,155,66,64,Pune,Negative,285
5328,2026-09-23 22:06:00,user_394,Amazing fitness progress,#Python,720,116,52,Chennai,Positive,888
8929,2026-09-23 22:10:00,user_29,Worst experience ever,#Cricket,383,113,60,Hyderabad,Negative,556
978,2026-09-23 22:11:00,user_177,Terrible service,#Cricket,185,192,89,Delhi,Negative,466
539,2026-09-23 22:12:00,user_354,Cricket match scheduled today,#Python,333,108,31,Chennai,Neutral,472
2351,2026-09-23 22:16:00,user_169,Data analytics session today,#Fitness,362,15,67,Delhi,Neutral,444
5829,2026-09-23 22:18:00,user_440,AI news update,#Bengaluru,80,163,86,Delhi,Neutral,329
9779,2026-09-23 22:23:00,user_198,Data analytics session today,#AI,707,72,71,Chennai,Neutral,850
1780,2026-09-23 22:26:00,user_179,New information available,#DataAnalytics,494,76,31,Chennai,Neutral,601
4388,2026-09-23 22:29:00,user_206,Amazing experience today,#Bengaluru,659,138,84,Chennai,Positive,881
3749,2026-09-23 22:33:00,user_486,I love this new AI tool,#Technology,396,9,44,Chennai,Positive,449
3236,2026-09-23 22:36:00,user_203,AI news update,#Bengaluru,415,116,40,Hyderabad,Neutral,571
1707,2026-09-23 22:39:00,user_305,Excellent cricket match,#Bengaluru,739,145,39,Mumbai,Positive,923
440,2026-09-23 22:42:00,user_438,Amazing fitness progress,#Trending,293,179,9,Pune,Positive,481
7794,2026-09-23 22:48:00,user_113,Fitness workout completed,#Python,523,78,67,Pune,Neutral,668
6391,2026-09-23 22:55:00,user_460,Fitness workout completed,#Fitness,932,173,49,Hyderabad,Neutral,1154
2571,2026-09-23 23:02:00,user_431,New information available,#Cricket,494,134,85,Bengaluru,Neutral,713
3641,2026-09-23 23:09:00,user_448,Cricket match scheduled today,#AI,958,74,87,Delhi,Neutral,1119
5241,2026-09-23 23:17:00,user_292,Poor performance today,#Python,473,175,82,Pune,Negative,730
116,2026-09-23 23:18:00,user_197,Excellent cricket match,#Python,874,95,78,Pune,Positive,1047
1700,2026-09-23 23:23:00,user_198,Excellent cricket match,#Cricket,560,101,88,Hyderabad,Positive,749
5198,2026-09-23 23:23:00,user_24,Weather update from Bengaluru,#Python,576,142,17,Delhi,Neutral,735
864,2026-09-23 23:27:00,user_137,Worst experience ever,#Fitness,162,194,19,Delhi,Negative,375
480,2026-09-23 23:30:00,user_303,Weather update from Bengaluru,#Python,519,66,33,Delhi,Neutral,618
814,2026-09-23 23:30:00,user_460,AI news update,#Fitness,544,194,63,Chennai,Neutral,801
3041,2026-09-23 23:31:00,user_139,Fitness workout completed,#Technology,258,72,77,Delhi,Neutral,407
4298,2026-09-23 23:41:00,user_114,Excellent cricket match,#Cricket,869,114,65,Chennai,Positive,1048
7365,2026-09-23 23:59:00,user_24,Amazing fitness progress,#DataAnalytics,934,58,27,Mumbai,Positive,1019
6401,2026-09-24 00:02:00,user_382,Poor performance today,#AI,835,100,98,Chennai,Negative,1033
8388,2026-09-24 00:03:00,user_55,Python project discussion,#DataAnalytics,629,95,83,Bengaluru,Neutral,807
3307,2026-09-24 00:16:00,user_254,Amazing fitness progress,#Cricket,558,40,88,Hyderabad,Positive,686
2839,2026-09-24 00:19:00,user_317,Poor performance today,#Cricket,896,5,39,Mumbai,Negative,940
1992,2026-09-24 00:20:00,user_241,Python is really useful,#Python,439,112,22,Pune,Neutral,573
7572,2026-09-24 00:22:00,user_457,Amazing fitness progress,#AI,790,120,52,Hyderabad,Positive,962
9088,2026-09-24 00:31:00,user_7,Fitness workout completed,#Python,776,128,36,Chennai,Neutral,940
6129,2026-09-24 00:35:00,user_156,Weather update from Bengaluru,#Technology,937,146,72,Delhi,Neutral,1155
2346,2026-09-24 00:35:00,user_460,Amazing fitness progress,#Bengaluru,610,15,83,Chennai,Positive,708
5191,2026-09-24 00:36:00,user_264,Worst experience ever,#Technology,271,31,63,Bengaluru,Negative,365
4687,2026-09-24 00:39:00,user_206,Beautiful day in Bengaluru,#AI,740,174,54,Delhi,Positive,968
136,2026-09-24 00:45:00,user_374,Beautiful day in Bengaluru,#Python,514,56,60,Hyderabad,Positive,630
1989,2026-09-24 00:53:00,user_114,AI news update,#Bengaluru,520,98,7,Chennai,Neutral,625
1044,2026-09-24 00:54:00,user_339,Python is really useful,#Trending,445,1,33,Chennai,Neutral,479
8158,2026-09-24 00:58:00,user_440,Excellent cricket match,#DataAnalytics,372,185,89,Mumbai,Positive,646
5143,2026-09-24 01:08:00,user_461,I hate this problem,#Technology,485,146,16,Chennai,Negative,647
8243,2026-09-24 01:13:00,user_391,New information available,#Cricket,519,38,29,Pune,Neutral,586
9820,2026-09-24 01:22:00,user_311,AI news update,#Python,666,36,11,Chennai,Neutral,713
8946,2026-09-24 01:30:00,user_167,Bad experience today,#DataAnalytics,770,117,79,Mumbai,Negative,966
6479,2026-09-24 01:31:00,user_324,I love this new AI tool,#Python,171,175,47,Bengaluru,Positive,393
624,2026-09-24 01:35:00,user_249,Terrible service,#Cricket,177,153,65,Hyderabad,Negative,395
8213,2026-09-24 01:51:00,user_131,Python is really useful,#Fitness,721,133,51,Hyderabad,Neutral,905
9568,2026-09-24 01:55:00,user_263,Amazing fitness progress,#AI,886,36,96,Mumbai,Positive,1018
1435,2026-09-24 02:00:00,user_474,New information available,#Fitness,130,79,17,Pune,Neutral,226
931,2026-09-24 02:01:00,user_98,I love this new AI tool,#DataAnalytics,12,162,35,Hyderabad,Positive,209
7873,2026-09-24 02:02:00,user_310,Great work by the team,#Trending,369,199,32,Hyderabad,Positive,600
8148,2026-09-24 02:06:00,user_420,AI news update,#Bengaluru,939,11,82,Bengaluru,Neutral,1032
5688,2026-09-24 02:13:00,user_303,New information available,#Technology,497,143,26,Chennai,Neutral,666
32,2026-09-24 02:15:00,user_31,Beautiful day in Bengaluru,#DataAnalytics,79,81,4,Delhi,Positive,164
4643,2026-09-24 02:16:00,user_490,I am angry about this,#Bengaluru,323,62,80,Hyderabad,Negative,465
6555,2026-09-24 02:20:00,user_284,Very disappointing result,#Python,501,188,56,Bengaluru,Neutral,745
8573,2026-09-24 02:26:00,user_487,Bad experience today,#DataAnalytics,460,82,32,Delhi,Negative,574
848,2026-09-24 02:34:00,user_136,Amazing fitness progress,#Fitness,558,19,57,Bengaluru,Positive,634
9986,2026-09-24 02:34:00,user_488,I love this new AI tool,#AI,276,116,57,Chennai,Positive,449
9426,2026-09-24 02:50:00,user_470,Poor performance today,#Trending,594,85,52,Bengaluru,Negative,731
1857,2026-09-24 02:56:00,user_419,I love this new AI tool,#Cricket,970,26,10,Pune,Positive,1006
6004,2026-09-24 03:01:00,user_234,Bad experience today,#Technology,607,123,60,Delhi,Negative,790
6117,2026-09-24 03:04:00,user_183,New information available,#Python,207,130,56,Pune,Neutral,393
7727,2026-09-24 03:10:00,user_371,I love this new AI tool,#AI,569,65,23,Mumbai,Positive,657
1513,2026-09-24 03:12:00,user_309,I love this new AI tool,#DataAnalytics,386,69,1,Mumbai,Positive,456
1496,2026-09-24 03:14:00,user_99,Python project discussion,#Python,173,154,97,Pune,Neutral,424
6106,2026-09-24 03:22:00,user_280,Data analytics session today,#Trending,995,157,98,Hyderabad,Neutral,1250
9240,2026-09-24 03:25:00,user_206,Data analytics session today,#Technology,705,38,10,Bengaluru,Neutral,753
2077,2026-09-24 03:28:00,user_78,Very disappointing result,#DataAnalytics,948,135,17,Delhi,Neutral,1100
5588,2026-09-24 03:33:00,user_209,Python project discussion,#AI,515,46,42,Mumbai,Neutral,603
2130,2026-09-24 03:43:00,user_167,AI news update,#AI,422,158,41,Bengaluru,Neutral,621
1995,2026-09-24 03:45:00,user_376,Python project discussion,#Fitness,657,138,6,Chennai,Neutral,801
2535,2026-09-24 03:45:00,user_48,Technology update today,#AI,528,71,11,Delhi,Neutral,610
1322,2026-09-24 03:51:00,user_459,New information available,#Cricket,789,125,93,Pune,Neutral,1007
6582,2026-09-24 03:52:00,user_440,Poor performance today,#Cricket,284,136,85,Delhi,Negative,505
629,2026-09-24 04:06:00,user_344,Terrible service,#AI,189,141,30,Bengaluru,Negative,360
3203,2026-09-24 04:08:00,user_211,Excellent cricket match,#Trending,578,45,73,Hyderabad,Positive,696
4988,2026-09-24 04:17:00,user_177,Great technology update,#Python,617,55,48,Mumbai,Positive,720
6570,2026-09-24 04:19:00,user_273,Very disappointing result,#Cricket,971,123,26,Pune,Neutral,1120
3884,2026-09-24 04:22:00,user_55,Great technology update,#DataAnalytics,716,35,25,Mumbai,Positive,776
4628,2026-09-24 04:24:00,user_227,I am angry about this,#Fitness,256,65,10,Hyderabad,Negative,331
3144,2026-09-24 04:25:00,user_245,Python is really useful,#Python,206,158,82,Delhi,Neutral,446
2921,2026-09-24 04:33:00,user_14,Amazing fitness progress,#Cricket,573,23,33,Bengaluru,Positive,629
4247,2026-09-24 04:42:00,user_108,Python project discussion,#Trending,39,65,89,Hyderabad,Neutral,193
3409,2026-09-24 04:47:00,user_2,Fitness workout completed,#DataAnalytics,609,57,26,Bengaluru,Neutral,692
1630,2026-09-24 04:57:00,user_300,Python project discussion,#Python,341,149,30,Chennai,Neutral,520
8479,2026-09-24 04:59:00,user_459,Weather update from Bengaluru,#DataAnalytics,963,4,12,Bengaluru,Neutral,979
1071,2026-09-24 05:03:00,user_155,Amazing fitness progress,#AI,15,51,79,Mumbai,Positive,145
7665,2026-09-24 05:15:00,user_36,New information available,#Cricket,207,69,16,Chennai,Neutral,292
6049,2026-09-24 05:18:00,user_19,Great work by the team,#AI,352,58,75,Pune,Positive,485
7888,2026-09-24 05:22:00,user_134,This failed again,#Fitness,499,171,78,Mumbai,Negative,748
7909,2026-09-24 05:22:00,user_379,Excellent cricket match,#Trending,721,45,46,Delhi,Positive,812
2532,2026-09-24 05:31:00,user_243,New information available,#Fitness,822,2,67,Delhi,Neutral,891
3272,2026-09-24 05:34:00,user_299,Worst experience ever,#Cricket,573,28,30,Bengaluru,Negative,631
8108,2026-09-24 05:39:00,user_312,Great technology update,#Technology,481,197,66,Bengaluru,Positive,744
2879,2026-09-24 05:41:00,user_241,Beautiful day in Bengaluru,#Cricket,637,135,19,Mumbai,Positive,791
6719,2026-09-24 05:41:00,user_93,AI news update,#Bengaluru,978,134,56,Mumbai,Neutral,1168
7657,2026-09-24 05:44:00,user_72,I love this new AI tool,#Bengaluru,985,149,50,Mumbai,Positive,1184
4273,2026-09-24 05:46:00,user_360,Python is really useful,#DataAnalytics,718,63,58,Mumbai,Neutral,839
534,2026-09-24 05:47:00,user_52,I love this new AI tool,#DataAnalytics,941,191,49,Mumbai,Positive,1181
7424,2026-09-24 05:48:00,user_191,Great work by the team,#Trending,339,174,84,Hyderabad,Positive,597
6975,2026-09-24 05:51:00,user_294,Excellent cricket match,#AI,620,139,45,Delhi,Positive,804
6688,2026-09-24 05:58:00,user_158,Great technology update,#Cricket,348,74,19,Chennai,Positive,441
2708,2026-09-24 06:04:00,user_415,This failed again,#Fitness,656,91,91,Delhi,Negative,838
9793,2026-09-24 06:09:00,user_13,New information available,#Cricket,341,150,81,Hyderabad,Neutral,572
2723,2026-09-24 06:12:00,user_326,Very disappointing result,#Bengaluru,283,83,59,Mumbai,Neutral,425
8846,2026-09-24 06:15:00,user_405,Amazing fitness progress,#Bengaluru,88,18,18,Hyderabad,Positive,124
7025,2026-09-24 06:29:00,user_322,Poor performance today,#AI,139,56,22,Mumbai,Negative,217
1303,2026-09-24 06:30:00,user_115,Amazing fitness progress,#AI,964,100,93,Bengaluru,Positive,1157
1481,2026-09-24 06:38:00,user_223,I love this new AI tool,#Trending,637,83,81,Chennai,Positive,801
806,2026-09-24 06:42:00,user_230,Python is really useful,#Bengaluru,725,6,94,Bengaluru,Neutral,825
6205,2026-09-24 06:47:00,user_314,Cricket match scheduled today,#AI,941,11,14,Bengaluru,Neutral,966
8571,2026-09-24 06:49:00,user_103,Excellent cricket match,#Python,100,19,65,Chennai,Positive,184
1894,2026-09-24 06:52:00,user_297,Worst experience ever,#Bengaluru,599,125,65,Chennai,Negative,789
2217,2026-09-24 06:53:00,user_312,I am angry about this,#Technology,603,142,11,Chennai,Negative,756
5682,2026-09-24 06:54:00,user_42,I love this new AI tool,#Trending,433,167,49,Pune,Positive,649
8738,2026-09-24 06:56:00,user_400,New information available,#DataAnalytics,52,127,43,Bengaluru,Neutral,222
7792,2026-09-24 07:00:00,user_29,Very disappointing result,#Python,543,153,67,Hyderabad,Neutral,763
1977,2026-09-24 07:03:00,user_397,AI news update,#Technology,486,18,12,Bengaluru,Neutral,516
5670,2026-09-24 07:08:00,user_166,Great work by the team,#Cricket,468,117,45,Hyderabad,Positive,630
6634,2026-09-24 07:10:00,user_61,Great work by the team,#Technology,63,33,82,Pune,Positive,178
6732,2026-09-24 07:12:00,user_146,I love this new AI tool,#Technology,602,144,55,Chennai,Positive,801
2683,2026-09-24 07:14:00,user_389,Poor performance today,#Cricket,293,199,20,Chennai,Negative,512
1473,2026-09-24 07:25:00,user_20,Beautiful day in Bengaluru,#Bengaluru,427,68,99,Pune,Positive,594
9204,2026-09-24 07:31:00,user_488,I love this new AI tool,#Python,159,8,73,Hyderabad,Positive,240
8835,2026-09-24 07:32:00,user_185,I love this new AI tool,#Technology,691,181,90,Pune,Positive,962
8502,2026-09-24 07:36:00,user_425,I am angry about this,#Cricket,842,122,97,Delhi,Negative,1061
5248,2026-09-24 07:36:00,user_270,Great work by the team,#DataAnalytics,582,78,27,Delhi,Positive,687
4508,2026-09-24 07:46:00,user_319,Great work by the team,#Cricket,972,162,79,Pune,Positive,1213
3678,2026-09-24 07:55:00,user_164,Amazing fitness progress,#Bengaluru,255,94,5,Mumbai,Positive,354
7445,2026-09-24 07:56:00,user_313,Worst experience ever,#AI,79,9,99,Mumbai,Negative,187
4758,2026-09-24 07:59:00,user_108,Fitness workout completed,#Cricket,865,11,83,Mumbai,Neutral,959
8450,2026-09-24 08:07:00,user_219,Python is really useful,#Technology,781,135,72,Delhi,Neutral,988
3119,2026-09-24 08:07:00,user_88,Python project discussion,#Cricket,894,20,22,Chennai,Neutral,936
8786,2026-09-24 08:10:00,user_385,I love this new AI tool,#Technology,328,30,37,Pune,Positive,395
9674,2026-09-24 08:20:00,user_85,Python project discussion,#Technology,55,18,35,Bengaluru,Neutral,108
8741,2026-09-24 08:22:00,user_202,Python is really useful,#Trending,477,111,49,Bengaluru,Neutral,637
3215,2026-09-24 08:23:00,user_205,Fitness workout completed,#Trending,334,56,72,Delhi,Neutral,462
8344,2026-09-24 08:27:00,user_264,Python project discussion,#Cricket,158,19,32,Bengaluru,Neutral,209
5640,2026-09-24 08:28:00,user_13,Amazing experience today,#Trending,806,144,38,Delhi,Positive,988
3906,2026-09-24 08:42:00,user_11,Great work by the team,#Python,767,49,28,Delhi,Positive,844
8861,2026-09-24 08:43:00,user_43,Data analytics session today,#Cricket,967,137,67,Mumbai,Neutral,1171
7130,2026-09-24 08:43:00,user_481,Excellent cricket match,#AI,718,143,65,Mumbai,Positive,926
421,2026-09-24 08:47:00,user_276,Amazing fitness progress,#Cricket,221,40,64,Bengaluru,Positive,325
8968,2026-09-24 08:50:00,user_57,Amazing experience today,#Trending,364,56,12,Pune,Positive,432
8894,2026-09-24 09:12:00,user_188,Python is really useful,#Cricket,802,138,68,Delhi,Neutral,1008
3171,2026-09-24 09:13:00,user_298,Data analytics session today,#Cricket,381,175,39,Delhi,Neutral,595
1943,2026-09-24 09:13:00,user_140,Amazing experience today,#Technology,816,57,45,Chennai,Positive,918
2870,2026-09-24 09:15:00,user_52,Excellent cricket match,#Technology,855,42,39,Hyderabad,Positive,936
1166,2026-09-24 09:21:00,user_253,Bad experience today,#Technology,488,128,25,Pune,Negative,641
6497,2026-09-24 09:22:00,user_416,Beautiful day in Bengaluru,#Trending,831,24,1,Bengaluru,Positive,856
9181,2026-09-24 09:26:00,user_192,This failed again,#Python,344,150,16,Hyderabad,Negative,510
6428,2026-09-24 09:30:00,user_106,Beautiful day in Bengaluru,#Trending,452,145,35,Pune,Positive,632
2395,2026-09-24 09:33:00,user_124,Great work by the team,#Technology,706,112,51,Pune,Positive,869
7028,2026-09-24 09:41:00,user_43,Excellent cricket match,#Technology,915,74,60,Bengaluru,Positive,1049
540,2026-09-24 09:43:00,user_27,Poor performance today,#Fitness,25,13,13,Chennai,Negative,51
6575,2026-09-24 09:45:00,user_469,Fitness workout completed,#Python,197,7,17,Pune,Neutral,221
1288,2026-09-24 09:46:00,user_114,Amazing experience today,#Technology,218,196,94,Hyderabad,Positive,508
5400,2026-09-24 09:48:00,user_414,Fitness workout completed,#Bengaluru,147,49,21,Bengaluru,Neutral,217
4463,2026-09-24 09:49:00,user_357,Technology update today,#Fitness,426,110,96,Pune,Neutral,632
6621,2026-09-24 10:02:00,user_158,Great technology update,#Python,49,60,88,Chennai,Positive,197
8728,2026-09-24 10:03:00,user_179,AI news update,#DataAnalytics,788,65,35,Hyderabad,Neutral,888
5990,2026-09-24 10:06:00,user_435,Great technology update,#Cricket,424,196,88,Mumbai,Positive,708
8161,2026-09-24 10:07:00,user_16,Technology update today,#Cricket,212,17,52,Mumbai,Neutral,281
9560,2026-09-24 10:08:00,user_70,Python project discussion,#Fitness,645,7,48,Mumbai,Neutral,700
1135,2026-09-24 10:11:00,user_253,Amazing fitness progress,#Technology,788,35,8,Chennai,Positive,831
877,2026-09-24 10:17:00,user_177,Great work by the team,#DataAnalytics,294,61,86,Pune,Positive,441
3562,2026-09-24 10:20:00,user_38,Fitness workout completed,#Trending,543,42,11,Bengaluru,Neutral,596
2558,2026-09-24 10:39:00,user_145,I hate this problem,#Python,928,42,96,Pune,Negative,1066
7495,2026-09-24 10:41:00,user_175,I love this new AI tool,#Technology,720,76,80,Pune,Positive,876
6400,2026-09-24 10:46:00,user_243,Amazing fitness progress,#Cricket,480,179,12,Mumbai,Positive,671
8504,2026-09-24 10:58:00,user_78,Amazing experience today,#DataAnalytics,875,77,57,Chennai,Positive,1009
9955,2026-09-24 10:58:00,user_354,Great work by the team,#Fitness,42,154,71,Pune,Positive,267
3710,2026-09-24 10:59:00,user_366,Fitness workout completed,#AI,103,125,20,Pune,Neutral,248
6331,2026-09-24 11:00:00,user_375,I love this new AI tool,#Bengaluru,394,110,85,Bengaluru,Positive,589
1111,2026-09-24 11:02:00,user_107,Amazing experience today,#Trending,817,37,50,Delhi,Positive,904
6556,2026-09-24 11:11:00,user_18,Excellent cricket match,#Cricket,377,45,31,Hyderabad,Positive,453
8047,2026-09-24 11:27:00,user_325,Amazing experience today,#DataAnalytics,980,25,5,Delhi,Positive,1010
4673,2026-09-24 11:38:00,user_319,Terrible service,#Fitness,718,30,12,Delhi,Negative,760
790,2026-09-24 11:38:00,user_424,AI news update,#Python,557,18,23,Bengaluru,Neutral,598
3116,2026-09-24 11:51:00,user_122,Fitness workout completed,#DataAnalytics,365,64,87,Hyderabad,Neutral,516
1249,2026-09-24 11:52:00,user_402,Great technology update,#Cricket,775,129,19,Hyderabad,Positive,923
4399,2026-09-24 11:54:00,user_367,Weather update from Bengaluru,#Trending,776,30,41,Mumbai,Neutral,847
8508,2026-09-24 11:55:00,user_189,Poor performance today,#DataAnalytics,644,136,12,Pune,Negative,792
951,2026-09-24 12:00:00,user_291,Beautiful day in Bengaluru,#Python,997,148,98,Mumbai,Positive,1243
2827,2026-09-24 12:05:00,user_328,Python is really useful,#Technology,303,76,46,Chennai,Neutral,425
7455,2026-09-24 12:07:00,user_406,Data analytics session today,#AI,45,170,94,Mumbai,Neutral,309
5747,2026-09-24 12:07:00,user_44,Beautiful day in Bengaluru,#Python,445,16,31,Pune,Positive,492
8417,2026-09-24 12:10:00,user_389,Beautiful day in Bengaluru,#Cricket,102,3,49,Mumbai,Positive,154
1885,2026-09-24 12:15:00,user_211,Worst experience ever,#Technology,342,150,22,Delhi,Negative,514
4413,2026-09-24 12:15:00,user_27,I love this new AI tool,#AI,227,113,55,Delhi,Positive,395
8267,2026-09-24 12:18:00,user_256,Amazing experience today,#Technology,150,169,74,Bengaluru,Positive,393
4984,2026-09-24 12:26:00,user_81,I hate this problem,#Trending,197,82,73,Delhi,Negative,352
4934,2026-09-24 12:31:00,user_442,Great technology update,#Technology,113,53,32,Hyderabad,Positive,198
2104,2026-09-24 12:31:00,user_10,Python is really useful,#Trending,970,124,13,Bengaluru,Neutral,1107
7015,2026-09-24 12:31:00,user_285,Poor performance today,#Cricket,307,92,21,Pune,Negative,420
1181,2026-09-24 12:42:00,user_110,I love this new AI tool,#Trending,930,138,4,Bengaluru,Positive,1072
1931,2026-09-24 12:46:00,user_202,AI news update,#Trending,844,87,2,Pune,Neutral,933
4409,2026-09-24 12:48:00,user_297,Technology update today,#DataAnalytics,370,50,58,Delhi,Neutral,478
2594,2026-09-24 12:52:00,user_35,Excellent cricket match,#Trending,433,139,97,Bengaluru,Positive,669
9796,2026-09-24 12:55:00,user_255,Great technology update,#Fitness,821,88,64,Bengaluru,Positive,973
8012,2026-09-24 13:03:00,user_357,Amazing experience today,#AI,105,71,7,Bengaluru,Positive,183
4191,2026-09-24 13:08:00,user_179,Cricket match scheduled today,#Bengaluru,336,110,12,Mumbai,Neutral,458
2686,2026-09-24 13:08:00,user_99,Bad experience today,#Technology,885,85,68,Pune,Negative,1038
2298,2026-09-24 13:10:00,user_287,Cricket match scheduled today,#Technology,184,200,93,Delhi,Neutral,477
3295,2026-09-24 13:14:00,user_182,Bad experience today,#Fitness,902,49,76,Chennai,Negative,1027
3663,2026-09-24 13:14:00,user_366,Amazing fitness progress,#AI,645,79,33,Pune,Positive,757
1999,2026-09-24 13:14:00,user_411,Technology update today,#Python,230,13,3,Mumbai,Neutral,246
4016,2026-09-24 13:21:00,user_268,Worst experience ever,#Bengaluru,49,134,46,Pune,Negative,229
4664,2026-09-24 13:29:00,user_410,Cricket match scheduled today,#DataAnalytics,741,22,34,Delhi,Neutral,797
8437,2026-09-24 13:30:00,user_28,Excellent cricket match,#Cricket,749,85,8,Bengaluru,Positive,842
322,2026-09-24 13:39:00,user_427,Terrible service,#Cricket,355,40,42,Bengaluru,Negative,437
6724,2026-09-24 13:40:00,user_172,Data analytics session today,#Technology,938,58,17,Pune,Neutral,1013
9691,2026-09-24 13:47:00,user_221,Worst experience ever,#Fitness,771,155,57,Delhi,Negative,983
6123,2026-09-24 13:49:00,user_361,Great work by the team,#Cricket,395,63,56,Bengaluru,Positive,514
9629,2026-09-24 13:51:00,user_262,Excellent cricket match,#Trending,460,192,13,Bengaluru,Positive,665
5205,2026-09-24 13:54:00,user_133,Data analytics session today,#Technology,556,53,14,Bengaluru,Neutral,623
4152,2026-09-24 14:00:00,user_440,Data analytics session today,#Technology,334,174,71,Hyderabad,Neutral,579
801,2026-09-24 14:10:00,user_444,Cricket match scheduled today,#Bengaluru,878,104,72,Delhi,Neutral,1054
2990,2026-09-24 14:12:00,user_145,This failed again,#Technology,171,60,21,Hyderabad,Negative,252
6220,2026-09-24 14:15:00,user_404,AI news update,#DataAnalytics,292,61,48,Hyderabad,Neutral,401
5142,2026-09-24 14:15:00,user_469,Amazing experience today,#Python,731,45,81,Hyderabad,Positive,857
8648,2026-09-24 14:16:00,user_151,Great work by the team,#Fitness,749,81,40,Chennai,Positive,870
4831,2026-09-24 14:25:00,user_473,Cricket match scheduled today,#Python,791,45,18,Pune,Neutral,854
408,2026-09-24 14:29:00,user_123,Amazing experience today,#Fitness,482,50,63,Mumbai,Positive,595
645,2026-09-24 14:32:00,user_262,Great work by the team,#Python,845,42,51,Bengaluru,Positive,938
2445,2026-09-24 14:34:00,user_473,This failed again,#Fitness,618,116,81,Bengaluru,Negative,815
3780,2026-09-24 14:50:00,user_494,Amazing fitness progress,#Trending,834,55,69,Chennai,Positive,958
9945,2026-09-24 15:01:00,user_303,I love this new AI tool,#AI,989,43,27,Pune,Positive,1059
5040,2026-09-24 15:11:00,user_264,Very disappointing result,#Trending,226,58,30,Pune,Neutral,314
9644,2026-09-24 15:17:00,user_62,Cricket match scheduled today,#DataAnalytics,462,179,85,Hyderabad,Neutral,726
9832,2026-09-24 15:21:00,user_69,Great technology update,#Trending,695,28,31,Hyderabad,Positive,754
9622,2026-09-24 15:32:00,user_380,Python is really useful,#Python,843,194,18,Delhi,Neutral,1055
8478,2026-09-24 15:42:00,user_180,Cricket match scheduled today,#AI,718,126,21,Pune,Neutral,865
1447,2026-09-24 15:46:00,user_144,Worst experience ever,#DataAnalytics,558,133,9,Mumbai,Negative,700
7719,2026-09-24 15:46:00,user_348,Great work by the team,#Fitness,476,49,23,Mumbai,Positive,548
522,2026-09-24 15:56:00,user_204,Worst experience ever,#Technology,144,120,86,Hyderabad,Negative,350
2698,2026-09-24 15:59:00,user_193,I am angry about this,#DataAnalytics,745,63,13,Bengaluru,Negative,821
1575,2026-09-24 16:06:00,user_493,I am angry about this,#Fitness,833,137,3,Delhi,Negative,973
9619,2026-09-24 16:06:00,user_390,Great work by the team,#Technology,327,142,55,Hyderabad,Positive,524
4380,2026-09-24 16:10:00,user_98,Great technology update,#Technology,405,20,38,Chennai,Positive,463
2327,2026-09-24 16:13:00,user_177,Great work by the team,#Python,996,133,58,Mumbai,Positive,1187
1067,2026-09-24 16:18:00,user_162,Beautiful day in Bengaluru,#Cricket,155,142,30,Bengaluru,Positive,327
9878,2026-09-24 16:19:00,user_441,Great work by the team,#DataAnalytics,201,170,27,Delhi,Positive,398
9367,2026-09-24 16:26:00,user_165,Great technology update,#Cricket,65,169,22,Bengaluru,Positive,256
4551,2026-09-24 16:30:00,user_10,Amazing fitness progress,#Cricket,702,45,48,Delhi,Positive,795
207,2026-09-24 16:42:00,user_131,Python is really useful,#DataAnalytics,756,176,77,Hyderabad,Neutral,1009
3298,2026-09-24 16:47:00,user_16,Excellent cricket match,#DataAnalytics,294,40,34,Mumbai,Positive,368
566,2026-09-24 16:48:00,user_50,Amazing experience today,#Cricket,205,108,100,Delhi,Positive,413
3410,2026-09-24 16:50:00,user_327,Excellent cricket match,#Python,15,98,56,Delhi,Positive,169
52,2026-09-24 16:58:00,user_255,I am angry about this,#AI,414,21,42,Hyderabad,Negative,477
1883,2026-09-24 17:03:00,user_132,Great work by the team,#Fitness,105,145,42,Pune,Positive,292
1278,2026-09-24 17:05:00,user_101,Technology update today,#DataAnalytics,849,48,48,Delhi,Neutral,945
8843,2026-09-24 17:11:00,user_472,I hate this problem,#AI,548,147,85,Bengaluru,Negative,780
9694,2026-09-24 17:16:00,user_31,Amazing fitness progress,#Technology,429,45,36,Chennai,Positive,510
8756,2026-09-24 17:17:00,user_206,I love this new AI tool,#Fitness,37,153,13,Pune,Positive,203
8845,2026-09-24 17:19:00,user_194,Beautiful day in Bengaluru,#Fitness,191,187,32,Chennai,Positive,410
8131,2026-09-24 17:29:00,user_228,I am angry about this,#Technology,818,157,66,Mumbai,Negative,1041
4104,2026-09-24 17:38:00,user_459,This failed again,#AI,334,24,35,Delhi,Negative,393
2390,2026-09-24 17:42:00,user_471,Cricket match scheduled today,#Technology,472,140,32,Hyderabad,Neutral,644
6928,2026-09-24 17:42:00,user_281,Amazing fitness progress,#Fitness,928,24,91,Chennai,Positive,1043
339,2026-09-24 17:51:00,user_73,This failed again,#Fitness,138,20,64,Hyderabad,Negative,222
9520,2026-09-24 17:53:00,user_385,I love this new AI tool,#Trending,223,120,4,Delhi,Positive,347
6189,2026-09-24 17:59:00,user_500,Fitness workout completed,#Fitness,609,113,70,Bengaluru,Neutral,792
9970,2026-09-24 18:06:00,user_7,Excellent cricket match,#Fitness,768,157,35,Chennai,Positive,960
8282,2026-09-24 18:29:00,user_104,Python is really useful,#Technology,93,185,20,Mumbai,Neutral,298
8340,2026-09-24 18:35:00,user_402,Cricket match scheduled today,#DataAnalytics,476,23,95,Delhi,Neutral,594
4486,2026-09-24 18:35:00,user_240,Python is really useful,#DataAnalytics,174,133,72,Mumbai,Neutral,379
4233,2026-09-24 18:37:00,user_373,I love this new AI tool,#Python,598,35,68,Mumbai,Positive,701
1065,2026-09-24 18:41:00,user_28,Python is really useful,#Bengaluru,685,70,30,Mumbai,Neutral,785
7659,2026-09-24 18:42:00,user_401,Weather update from Bengaluru,#Bengaluru,991,141,5,Hyderabad,Neutral,1137
9900,2026-09-24 18:46:00,user_283,Amazing fitness progress,#Fitness,817,135,12,Mumbai,Positive,964
6118,2026-09-24 18:54:00,user_460,Technology update today,#Trending,417,82,19,Hyderabad,Neutral,518
5034,2026-09-24 19:00:00,user_148,I hate this problem,#Trending,512,110,55,Bengaluru,Negative,677
3832,2026-09-24 19:00:00,user_307,Very disappointing result,#Technology,197,111,59,Mumbai,Neutral,367
2852,2026-09-24 19:02:00,user_6,AI news update,#Cricket,557,119,76,Pune,Neutral,752
7948,2026-09-24 19:07:00,user_417,Amazing fitness progress,#AI,157,189,100,Hyderabad,Positive,446
4660,2026-09-24 19:07:00,user_189,Very disappointing result,#AI,589,197,19,Chennai,Neutral,805
8704,2026-09-24 19:11:00,user_91,Amazing fitness progress,#Technology,709,108,24,Mumbai,Positive,841
3168,2026-09-24 19:16:00,user_473,New information available,#Cricket,64,105,1,Mumbai,Neutral,170
4200,2026-09-24 19:20:00,user_491,Excellent cricket match,#Python,265,138,36,Bengaluru,Positive,439
2650,2026-09-24 19:38:00,user_246,I am angry about this,#Bengaluru,145,14,85,Chennai,Negative,244
5073,2026-09-24 19:40:00,user_232,Python project discussion,#Python,671,140,14,Bengaluru,Neutral,825
8250,2026-09-24 19:40:00,user_289,Great work by the team,#Fitness,638,160,71,Hyderabad,Positive,869
4596,2026-09-24 19:41:00,user_302,Excellent cricket match,#Fitness,273,151,83,Chennai,Positive,507
3649,2026-09-24 19:49:00,user_331,Technology update today,#DataAnalytics,870,112,85,Hyderabad,Neutral,1067
3301,2026-09-24 19:51:00,user_91,Amazing experience today,#Technology,269,148,68,Chennai,Positive,485
5630,2026-09-24 19:52:00,user_278,Excellent cricket match,#Fitness,273,26,44,Pune,Positive,343
6354,2026-09-24 19:52:00,user_115,Data analytics session today,#Technology,200,75,35,Pune,Neutral,310
6569,2026-09-24 19:55:00,user_96,Great technology update,#Technology,487,101,90,Mumbai,Positive,678
9652,2026-09-24 20:00:00,user_165,Terrible service,#Cricket,880,82,3,Bengaluru,Negative,965
5424,2026-09-24 20:09:00,user_182,Cricket match scheduled today,#Trending,339,102,50,Hyderabad,Neutral,491
1048,2026-09-24 20:11:00,user_214,I love this new AI tool,#Cricket,931,22,75,Mumbai,Positive,1028
5739,2026-09-24 20:27:00,user_430,This failed again,#Technology,963,35,74,Bengaluru,Negative,1072
614,2026-09-24 20:36:00,user_434,Very disappointing result,#AI,370,180,45,Bengaluru,Neutral,595
9188,2026-09-24 20:38:00,user_401,Great technology update,#Bengaluru,863,154,9,Chennai,Positive,1026
1750,2026-09-24 20:43:00,user_195,Amazing experience today,#AI,997,66,51,Delhi,Positive,1114
1433,2026-09-24 20:44:00,user_104,I love this new AI tool,#Trending,347,112,7,Pune,Positive,466
6069,2026-09-24 20:45:00,user_295,Amazing fitness progress,#Python,187,67,25,Chennai,Positive,279
8503,2026-09-24 20:46:00,user_384,Amazing fitness progress,#AI,795,53,16,Delhi,Positive,864
6800,2026-09-24 20:50:00,user_37,Worst experience ever,#DataAnalytics,400,45,57,Mumbai,Negative,502
288,2026-09-24 21:15:00,user_497,Python project discussion,#DataAnalytics,913,93,19,Bengaluru,Neutral,1025
8383,2026-09-24 21:18:00,user_133,I love this new AI tool,#Trending,804,72,56,Bengaluru,Positive,932
196,2026-09-24 21:19:00,user_351,I am angry about this,#Technology,627,195,3,Chennai,Negative,825
2755,2026-09-24 21:21:00,user_500,Python project discussion,#Trending,917,96,42,Pune,Neutral,1055
715,2026-09-24 21:28:00,user_401,Amazing fitness progress,#Bengaluru,515,127,63,Bengaluru,Positive,705
1585,2026-09-24 21:37:00,user_132,Great technology update,#DataAnalytics,344,183,30,Delhi,Positive,557
4815,2026-09-24 21:41:00,user_228,New information available,#AI,699,25,34,Pune,Neutral,758
4051,2026-09-24 21:49:00,user_239,Fitness workout completed,#AI,470,180,7,Delhi,Neutral,657
1733,2026-09-24 22:00:00,user_480,Fitness workout completed,#Python,847,149,81,Bengaluru,Neutral,1077
5633,2026-09-24 22:04:00,user_383,Python is really useful,#Fitness,367,72,89,Mumbai,Neutral,528
3658,2026-09-24 22:07:00,user_220,Cricket match scheduled today,#Cricket,134,119,77,Delhi,Neutral,330
5860,2026-09-24 22:15:00,user_305,Beautiful day in Bengaluru,#Fitness,687,182,38,Mumbai,Positive,907
5906,2026-09-24 22:21:00,user_313,Terrible service,#Trending,254,69,69,Pune,Negative,392
5027,2026-09-24 22:26:00,user_144,Excellent cricket match,#Trending,502,94,63,Hyderabad,Positive,659
2795,2026-09-24 22:32:00,user_313,Beautiful day in Bengaluru,#Fitness,387,131,67,Pune,Positive,585
4193,2026-09-24 22:36:00,user_179,Python is really useful,#Python,724,141,94,Mumbai,Neutral,959
2484,2026-09-24 22:36:00,user_224,Great work by the team,#DataAnalytics,462,170,17,Chennai,Positive,649
2397,2026-09-24 22:43:00,user_109,Amazing experience today,#Bengaluru,676,35,63,Pune,Positive,774
8961,2026-09-24 22:44:00,user_140,Amazing experience today,#Cricket,445,16,35,Mumbai,Positive,496
3611,2026-09-24 22:51:00,user_129,Great work by the team,#Trending,124,114,31,Delhi,Positive,269
5788,2026-09-24 23:06:00,user_136,Fitness workout completed,#Cricket,656,176,5,Pune,Neutral,837
5163,2026-09-24 23:07:00,user_213,Great work by the team,#Cricket,136,23,36,Chennai,Positive,195
6343,2026-09-24 23:09:00,user_397,Beautiful day in Bengaluru,#DataAnalytics,128,90,51,Chennai,Positive,269
7414,2026-09-24 23:15:00,user_179,Python project discussion,#Trending,206,154,82,Bengaluru,Neutral,442
5138,2026-09-24 23:32:00,user_460,Beautiful day in Bengaluru,#AI,257,149,42,Hyderabad,Positive,448
2331,2026-09-24 23:39:00,user_151,Python is really useful,#Technology,474,92,56,Mumbai,Neutral,622
7410,2026-09-24 23:41:00,user_109,Python is really useful,#Technology,678,191,81,Pune,Neutral,950
8776,2026-09-24 23:44:00,user_370,Python is really useful,#Python,909,18,29,Hyderabad,Neutral,956
3161,2026-09-24 23:50:00,user_336,Amazing experience today,#Trending,241,9,100,Pune,Positive,350
3303,2026-09-24 23:52:00,user_13,Technology update today,#AI,236,1,57,Bengaluru,Neutral,294
8744,2026-09-24 23:52:00,user_484,I love this new AI tool,#Python,683,179,65,Pune,Positive,927
8679,2026-09-24 23:53:00,user_413,Python is really useful,#Fitness,57,168,56,Bengaluru,Neutral,281
7558,2026-09-24 23:55:00,user_274,I love this new AI tool,#AI,377,35,99,Mumbai,Positive,511
9129,2026-09-24 23:57:00,user_291,New information available,#Bengaluru,463,180,13,Pune,Neutral,656
7457,2026-09-25 00:01:00,user_65,Amazing fitness progress,#Fitness,465,86,83,Delhi,Positive,634
2261,2026-09-25 00:02:00,user_136,Technology update today,#Python,265,200,43,Bengaluru,Neutral,508
7634,2026-09-25 00:03:00,user_327,I hate this problem,#Python,449,135,84,Pune,Negative,668
9724,2026-09-25 00:14:00,user_196,Cricket match scheduled today,#Python,686,23,49,Mumbai,Neutral,758
2436,2026-09-25 00:16:00,user_118,Cricket match scheduled today,#Python,323,89,58,Bengaluru,Neutral,470
2654,2026-09-25 00:17:00,user_27,AI news update,#Technology,390,30,48,Chennai,Neutral,468
2541,2026-09-25 00:19:00,user_275,Amazing experience today,#Cricket,33,63,37,Mumbai,Positive,133
1456,2026-09-25 00:25:00,user_108,Amazing fitness progress,#Cricket,771,131,62,Hyderabad,Positive,964
7462,2026-09-25 00:31:00,user_231,Excellent cricket match,#Bengaluru,393,191,24,Bengaluru,Positive,608
2756,2026-09-25 00:41:00,user_212,I love this new AI tool,#Fitness,122,145,10,Delhi,Positive,277
1022,2026-09-25 00:41:00,user_57,This failed again,#Fitness,958,126,23,Bengaluru,Negative,1107
9437,2026-09-25 00:42:00,user_294,AI news update,#Technology,415,124,67,Chennai,Neutral,606
3310,2026-09-25 00:42:00,user_203,Amazing experience today,#Trending,468,150,22,Pune,Positive,640
5480,2026-09-25 00:47:00,user_44,Poor performance today,#Fitness,452,196,5,Mumbai,Negative,653
188,2026-09-25 00:49:00,user_230,I love this new AI tool,#Python,874,197,18,Mumbai,Positive,1089
5770,2026-09-25 00:51:00,user_450,New information available,#Trending,470,188,51,Chennai,Neutral,709
2975,2026-09-25 00:52:00,user_451,Bad experience today,#Technology,805,11,81,Mumbai,Negative,897
4020,2026-09-25 00:56:00,user_494,Excellent cricket match,#Python,80,126,67,Bengaluru,Positive,273
10,2026-09-25 00:57:00,user_259,Python project discussion,#DataAnalytics,577,39,46,Hyderabad,Neutral,662
601,2026-09-25 00:59:00,user_477,Beautiful day in Bengaluru,#Technology,343,50,82,Bengaluru,Positive,475
8418,2026-09-25 01:03:00,user_432,Poor performance today,#Trending,482,164,76,Bengaluru,Negative,722
386,2026-09-25 01:04:00,user_384,Weather update from Bengaluru,#Technology,634,102,69,Hyderabad,Neutral,805
5473,2026-09-25 01:06:00,user_174,This failed again,#Technology,157,79,4,Pune,Negative,240
5912,2026-09-25 01:07:00,user_456,This failed again,#Technology,746,87,5,Chennai,Negative,838
2639,2026-09-25 01:16:00,user_308,Amazing experience today,#Fitness,319,83,70,Pune,Positive,472
1644,2026-09-25 01:18:00,user_214,Cricket match scheduled today,#Trending,471,173,94,Hyderabad,Neutral,738
1971,2026-09-25 01:22:00,user_67,Data analytics session today,#Cricket,846,189,18,Delhi,Neutral,1053
8398,2026-09-25 01:25:00,user_105,AI news update,#AI,918,197,23,Hyderabad,Neutral,1138
9148,2026-09-25 01:30:00,user_63,I love this new AI tool,#Fitness,905,48,37,Pune,Positive,990
9823,2026-09-25 01:38:00,user_274,Cricket match scheduled today,#Trending,589,8,39,Bengaluru,Neutral,636
7507,2026-09-25 01:43:00,user_311,Technology update today,#DataAnalytics,892,174,72,Hyderabad,Neutral,1138
1914,2026-09-25 01:44:00,user_360,This failed again,#Technology,285,110,37,Pune,Negative,432
6607,2026-09-25 01:47:00,user_52,Beautiful day in Bengaluru,#Fitness,600,115,13,Mumbai,Positive,728
9051,2026-09-25 01:48:00,user_306,Great technology update,#Technology,722,155,95,Chennai,Positive,972
8037,2026-09-25 01:48:00,user_304,This failed again,#AI,393,194,6,Pune,Negative,593
513,2026-09-25 01:49:00,user_419,I love this new AI tool,#AI,563,89,2,Pune,Positive,654
2705,2026-09-25 01:53:00,user_106,Bad experience today,#Fitness,551,49,55,Hyderabad,Negative,655
5771,2026-09-25 01:59:00,user_269,Great technology update,#Fitness,155,169,39,Pune,Positive,363
315,2026-09-25 02:17:00,user_391,I love this new AI tool,#Fitness,857,98,2,Bengaluru,Positive,957
7159,2026-09-25 02:18:00,user_446,Excellent cricket match,#AI,774,188,73,Chennai,Positive,1035
300,2026-09-25 02:43:00,user_283,Amazing fitness progress,#AI,784,2,22,Mumbai,Positive,808
8442,2026-09-25 02:48:00,user_405,AI news update,#Python,366,15,22,Hyderabad,Neutral,403
6632,2026-09-25 02:50:00,user_342,Python is really useful,#Fitness,51,1,48,Pune,Neutral,100
1419,2026-09-25 02:52:00,user_473,Amazing experience today,#Python,972,110,11,Pune,Positive,1093
7079,2026-09-25 02:54:00,user_26,I love this new AI tool,#Bengaluru,391,82,26,Hyderabad,Positive,499
7435,2026-09-25 03:08:00,user_146,Cricket match scheduled today,#Python,965,7,13,Delhi,Neutral,985
191,2026-09-25 03:10:00,user_500,Very disappointing result,#Trending,804,142,40,Chennai,Neutral,986
7945,2026-09-25 03:17:00,user_441,Technology update today,#AI,317,25,54,Bengaluru,Neutral,396
4203,2026-09-25 03:21:00,user_384,AI news update,#Cricket,399,10,83,Bengaluru,Neutral,492
6422,2026-09-25 03:22:00,user_13,Excellent cricket match,#Cricket,581,147,95,Mumbai,Positive,823
9550,2026-09-25 03:37:00,user_218,Amazing fitness progress,#Bengaluru,992,80,14,Delhi,Positive,1086
6877,2026-09-25 03:40:00,user_464,Python is really useful,#DataAnalytics,719,16,51,Hyderabad,Neutral,786
5554,2026-09-25 03:41:00,user_7,I hate this problem,#Trending,848,90,28,Delhi,Negative,966
8624,2026-09-25 03:47:00,user_98,Excellent cricket match,#AI,767,130,9,Pune,Positive,906
1434,2026-09-25 03:52:00,user_158,Python is really useful,#Trending,598,46,77,Bengaluru,Neutral,721
2895,2026-09-25 03:53:00,user_236,Amazing experience today,#Trending,169,18,19,Delhi,Positive,206
115,2026-09-25 03:58:00,user_171,Great technology update,#Cricket,199,100,32,Pune,Positive,331
8962,2026-09-25 04:00:00,user_85,Weather update from Bengaluru,#Python,25,96,12,Delhi,Neutral,133
3721,2026-09-25 04:03:00,user_257,I love this new AI tool,#Bengaluru,223,197,61,Pune,Positive,481
5260,2026-09-25 04:08:00,user_365,Amazing experience today,#DataAnalytics,812,84,4,Chennai,Positive,900
6037,2026-09-25 04:09:00,user_152,I hate this problem,#Fitness,729,67,97,Hyderabad,Negative,893
578,2026-09-25 04:11:00,user_423,New information available,#Bengaluru,436,67,67,Chennai,Neutral,570
1421,2026-09-25 04:21:00,user_395,I hate this problem,#Fitness,116,163,73,Hyderabad,Negative,352
1341,2026-09-25 04:23:00,user_9,Fitness workout completed,#Cricket,156,197,88,Bengaluru,Neutral,441
6857,2026-09-25 04:24:00,user_191,Python project discussion,#AI,443,97,62,Pune,Neutral,602
4561,2026-09-25 04:28:00,user_385,Great work by the team,#DataAnalytics,180,49,74,Hyderabad,Positive,303
717,2026-09-25 04:29:00,user_478,Great work by the team,#Bengaluru,315,173,42,Hyderabad,Positive,530
6972,2026-09-25 04:29:00,user_3,Worst experience ever,#Python,921,124,17,Pune,Negative,1062
5038,2026-09-25 04:33:00,user_218,I hate this problem,#Bengaluru,961,77,44,Pune,Negative,1082
1808,2026-09-25 04:44:00,user_238,Excellent cricket match,#Cricket,589,141,75,Delhi,Positive,805
5663,2026-09-25 04:46:00,user_375,Amazing fitness progress,#AI,79,190,38,Hyderabad,Positive,307
2082,2026-09-25 04:46:00,user_406,Weather update from Bengaluru,#Technology,582,27,85,Chennai,Neutral,694
4445,2026-09-25 04:47:00,user_114,Amazing fitness progress,#AI,239,163,32,Mumbai,Positive,434
2557,2026-09-25 05:01:00,user_418,Great technology update,#AI,130,9,11,Bengaluru,Positive,150
3936,2026-09-25 05:07:00,user_34,Amazing experience today,#Technology,30,113,21,Hyderabad,Positive,164
6485,2026-09-25 05:08:00,user_418,Technology update today,#Bengaluru,711,47,79,Bengaluru,Neutral,837
2704,2026-09-25 05:10:00,user_26,New information available,#Python,912,12,94,Mumbai,Neutral,1018
4857,2026-09-25 05:13:00,user_106,Amazing experience today,#Trending,135,156,23,Chennai,Positive,314
4428,2026-09-25 05:14:00,user_26,Terrible service,#AI,656,54,26,Pune,Negative,736
4535,2026-09-25 05:16:00,user_135,Python project discussion,#Trending,162,119,65,Mumbai,Neutral,346
7823,2026-09-25 05:37:00,user_436,Amazing experience today,#DataAnalytics,603,31,81,Hyderabad,Positive,715
1113,2026-09-25 05:39:00,user_396,Great technology update,#DataAnalytics,160,13,93,Mumbai,Positive,266
400,2026-09-25 05:47:00,user_184,I love this new AI tool,#Bengaluru,548,28,77,Delhi,Positive,653
3816,2026-09-25 06:00:00,user_360,Amazing fitness progress,#Python,312,144,15,Pune,Positive,471
5282,2026-09-25 06:02:00,user_369,Amazing experience today,#Python,367,68,57,Pune,Positive,492
7680,2026-09-25 06:19:00,user_142,Great work by the team,#Technology,397,32,20,Bengaluru,Positive,449
1209,2026-09-25 06:34:00,user_222,Python is really useful,#Fitness,792,142,48,Chennai,Neutral,982
6767,2026-09-25 06:36:00,user_240,Excellent cricket match,#Cricket,987,73,19,Chennai,Positive,1079
5426,2026-09-25 06:41:00,user_96,Weather update from Bengaluru,#Fitness,797,37,35,Pune,Neutral,869
1368,2026-09-25 06:51:00,user_480,Fitness workout completed,#AI,409,77,17,Mumbai,Neutral,503
15,2026-09-25 06:58:00,user_334,Beautiful day in Bengaluru,#Bengaluru,719,144,62,Delhi,Positive,925
4872,2026-09-25 07:07:00,user_279,Amazing experience today,#Bengaluru,42,44,66,Pune,Positive,152
4256,2026-09-25 07:09:00,user_40,Great technology update,#Trending,122,20,98,Hyderabad,Positive,240
3411,2026-09-25 07:13:00,user_109,Excellent cricket match,#Python,398,165,73,Mumbai,Positive,636
6042,2026-09-25 07:13:00,user_313,Technology update today,#DataAnalytics,498,23,53,Delhi,Neutral,574
482,2026-09-25 07:15:00,user_212,Technology update today,#Python,351,79,91,Delhi,Neutral,521
9445,2026-09-25 07:15:00,user_470,Poor performance today,#DataAnalytics,690,18,18,Hyderabad,Negative,726
8035,2026-09-25 07:17:00,user_274,I hate this problem,#AI,332,150,33,Hyderabad,Negative,515
1015,2026-09-25 07:23:00,user_381,Amazing experience today,#Trending,925,36,1,Pune,Positive,962
9702,2026-09-25 07:32:00,user_40,Weather update from Bengaluru,#Fitness,168,53,1,Hyderabad,Neutral,222
3930,2026-09-25 07:38:00,user_351,Beautiful day in Bengaluru,#Fitness,541,89,50,Pune,Positive,680
1942,2026-09-25 07:52:00,user_467,New information available,#AI,936,108,99,Bengaluru,Neutral,1143
7742,2026-09-25 07:52:00,user_58,I love this new AI tool,#Technology,759,169,58,Chennai,Positive,986
1463,2026-09-25 07:58:00,user_257,Python project discussion,#Fitness,80,184,23,Pune,Neutral,287
7116,2026-09-25 08:00:00,user_242,Python project discussion,#Python,395,149,95,Bengaluru,Neutral,639
7358,2026-09-25 08:04:00,user_447,Beautiful day in Bengaluru,#DataAnalytics,303,31,61,Chennai,Positive,395
4130,2026-09-25 08:15:00,user_109,Amazing experience today,#Python,720,78,47,Pune,Positive,845
506,2026-09-25 08:15:00,user_485,Weather update from Bengaluru,#Fitness,293,122,47,Mumbai,Neutral,462
3897,2026-09-25 08:30:00,user_210,Amazing fitness progress,#Technology,281,28,2,Delhi,Positive,311
2611,2026-09-25 08:34:00,user_157,Data analytics session today,#Fitness,613,138,91,Bengaluru,Neutral,842
3947,2026-09-25 08:43:00,user_203,Data analytics session today,#AI,562,180,22,Chennai,Neutral,764
5502,2026-09-25 08:45:00,user_81,Poor performance today,#AI,948,87,78,Pune,Negative,1113
5304,2026-09-25 08:45:00,user_66,Python is really useful,#Fitness,466,189,82,Hyderabad,Neutral,737
7713,2026-09-25 09:00:00,user_384,Cricket match scheduled today,#AI,486,109,53,Pune,Neutral,648
1608,2026-09-25 09:01:00,user_124,Worst experience ever,#Python,952,61,36,Mumbai,Negative,1049
5232,2026-09-25 09:02:00,user_339,This failed again,#AI,10,59,16,Chennai,Negative,85
3151,2026-09-25 09:03:00,user_3,Data analytics session today,#DataAnalytics,195,61,14,Delhi,Neutral,270
2350,2026-09-25 09:14:00,user_295,This failed again,#DataAnalytics,552,100,73,Mumbai,Negative,725
5904,2026-09-25 09:21:00,user_322,Python is really useful,#Technology,820,114,29,Pune,Neutral,963
3134,2026-09-25 09:24:00,user_164,Great technology update,#DataAnalytics,62,186,43,Chennai,Positive,291
5879,2026-09-25 09:28:00,user_197,Great work by the team,#Python,714,113,51,Hyderabad,Positive,878
9251,2026-09-25 09:33:00,user_131,I love this new AI tool,#Fitness,164,82,35,Hyderabad,Positive,281
2998,2026-09-25 09:36:00,user_267,I love this new AI tool,#Python,323,106,64,Hyderabad,Positive,493
9160,2026-09-25 09:37:00,user_217,New information available,#Trending,193,58,32,Bengaluru,Neutral,283
6165,2026-09-25 09:38:00,user_289,Amazing fitness progress,#AI,266,199,9,Chennai,Positive,474
8732,2026-09-25 09:40:00,user_372,Python is really useful,#Technology,134,99,69,Mumbai,Neutral,302
7773,2026-09-25 09:45:00,user_266,Data analytics session today,#AI,769,40,89,Mumbai,Neutral,898
680,2026-09-25 09:45:00,user_259,Data analytics session today,#Trending,972,109,44,Hyderabad,Neutral,1125
1267,2026-09-25 09:47:00,user_53,Great work by the team,#Python,956,35,42,Mumbai,Positive,1033
1611,2026-09-25 09:53:00,user_108,I love this new AI tool,#Trending,693,96,18,Delhi,Positive,807
1388,2026-09-25 09:53:00,user_25,I love this new AI tool,#Cricket,981,43,36,Pune,Positive,1060
7906,2026-09-25 09:54:00,user_46,Amazing experience today,#Python,112,148,98,Bengaluru,Positive,358
4931,2026-09-25 09:54:00,user_93,Python project discussion,#Python,683,189,21,Chennai,Neutral,893
89,2026-09-25 09:59:00,user_179,Python is really useful,#Bengaluru,474,160,69,Pune,Neutral,703
2961,2026-09-25 10:06:00,user_142,Technology update today,#DataAnalytics,737,178,63,Delhi,Neutral,978
2511,2026-09-25 10:07:00,user_59,This failed again,#Cricket,602,192,74,Chennai,Negative,868
3953,2026-09-25 10:11:00,user_343,Python is really useful,#Fitness,393,62,24,Chennai,Neutral,479
3271,2026-09-25 10:14:00,user_167,Amazing experience today,#AI,865,192,73,Bengaluru,Positive,1130
7136,2026-09-25 10:23:00,user_339,Terrible service,#Bengaluru,768,171,76,Pune,Negative,1015
8155,2026-09-25 10:28:00,user_272,Excellent cricket match,#Bengaluru,853,79,42,Pune,Positive,974
2081,2026-09-25 10:46:00,user_127,Python is really useful,#AI,174,138,89,Delhi,Neutral,401
900,2026-09-25 10:47:00,user_431,Technology update today,#Trending,33,142,26,Pune,Neutral,201
162,2026-09-25 10:48:00,user_232,Great technology update,#Technology,794,152,97,Chennai,Positive,1043
3538,2026-09-25 10:48:00,user_363,Technology update today,#Bengaluru,541,124,22,Hyderabad,Neutral,687
1882,2026-09-25 10:51:00,user_307,Weather update from Bengaluru,#Trending,112,141,25,Bengaluru,Neutral,278
6791,2026-09-25 10:53:00,user_365,I am angry about this,#Python,186,48,45,Hyderabad,Negative,279
7467,2026-09-25 10:55:00,user_23,Technology update today,#Python,35,70,31,Pune,Neutral,136
8591,2026-09-25 11:00:00,user_333,Data analytics session today,#Cricket,162,157,74,Pune,Neutral,393
1598,2026-09-25 11:06:00,user_236,Amazing experience today,#Bengaluru,911,91,66,Hyderabad,Positive,1068
7818,2026-09-25 11:06:00,user_173,I love this new AI tool,#AI,387,148,97,Hyderabad,Positive,632
5929,2026-09-25 11:11:00,user_210,I hate this problem,#Bengaluru,326,102,73,Chennai,Negative,501
587,2026-09-25 11:16:00,user_146,I am angry about this,#Technology,619,84,54,Bengaluru,Negative,757
2912,2026-09-25 11:16:00,user_400,Great work by the team,#Trending,188,115,4,Bengaluru,Positive,307
3859,2026-09-25 11:20:00,user_150,I love this new AI tool,#Bengaluru,667,77,28,Mumbai,Positive,772
3278,2026-09-25 11:21:00,user_128,AI news update,#Bengaluru,486,67,55,Chennai,Neutral,608
1927,2026-09-25 11:23:00,user_147,This failed again,#Fitness,772,199,36,Hyderabad,Negative,1007
7479,2026-09-25 11:36:00,user_160,Amazing fitness progress,#Fitness,464,46,58,Mumbai,Positive,568
853,2026-09-25 11:40:00,user_92,Great technology update,#Cricket,438,102,11,Bengaluru,Positive,551
3245,2026-09-25 11:49:00,user_423,Excellent cricket match,#Trending,562,144,26,Delhi,Positive,732
2301,2026-09-25 11:49:00,user_196,Amazing experience today,#Technology,99,70,40,Pune,Positive,209
2075,2026-09-25 11:50:00,user_158,Excellent cricket match,#Technology,831,186,73,Bengaluru,Positive,1090
3560,2026-09-25 11:53:00,user_95,I love this new AI tool,#Fitness,764,161,37,Pune,Positive,962
1069,2026-09-25 12:08:00,user_487,Great technology update,#Python,447,51,100,Delhi,Positive,598
6259,2026-09-25 12:12:00,user_327,Beautiful day in Bengaluru,#AI,824,75,47,Mumbai,Positive,946
1339,2026-09-25 12:12:00,user_212,I am angry about this,#Technology,427,105,31,Mumbai,Negative,563
3480,2026-09-25 12:13:00,user_381,Great technology update,#Bengaluru,654,1,44,Mumbai,Positive,699
3695,2026-09-25 12:15:00,user_448,I hate this problem,#Cricket,176,125,1,Chennai,Negative,302
393,2026-09-25 12:19:00,user_278,Beautiful day in Bengaluru,#DataAnalytics,396,185,91,Bengaluru,Positive,672
4037,2026-09-25 12:21:00,user_487,Excellent cricket match,#Trending,107,18,52,Delhi,Positive,177
2963,2026-09-25 12:28:00,user_298,Fitness workout completed,#Trending,655,145,86,Delhi,Neutral,886
9892,2026-09-25 12:30:00,user_435,Technology update today,#Python,103,159,61,Bengaluru,Neutral,323
692,2026-09-25 12:39:00,user_144,New information available,#Trending,940,25,5,Chennai,Neutral,970
8830,2026-09-25 12:40:00,user_384,Technology update today,#DataAnalytics,132,65,46,Bengaluru,Neutral,243
7318,2026-09-25 12:49:00,user_287,Python is really useful,#Fitness,36,184,82,Chennai,Neutral,302
5042,2026-09-25 12:50:00,user_131,Great work by the team,#Fitness,734,173,68,Pune,Positive,975
7490,2026-09-25 12:52:00,user_374,This failed again,#AI,579,139,91,Chennai,Negative,809
7187,2026-09-25 12:52:00,user_60,Amazing fitness progress,#Cricket,593,185,10,Chennai,Positive,788
2972,2026-09-25 13:04:00,user_451,Python is really useful,#DataAnalytics,739,36,19,Hyderabad,Neutral,794
1384,2026-09-25 13:05:00,user_499,Excellent cricket match,#Fitness,63,25,14,Mumbai,Positive,102
5923,2026-09-25 13:14:00,user_50,Great technology update,#AI,349,110,47,Delhi,Positive,506
7284,2026-09-25 13:15:00,user_229,Data analytics session today,#Trending,428,187,90,Mumbai,Neutral,705
7899,2026-09-25 13:24:00,user_382,Amazing experience today,#DataAnalytics,378,126,60,Bengaluru,Positive,564
8902,2026-09-25 13:27:00,user_472,Python project discussion,#Bengaluru,845,149,82,Hyderabad,Neutral,1076
7246,2026-09-25 13:37:00,user_195,Poor performance today,#Python,13,61,29,Delhi,Negative,103
3396,2026-09-25 13:41:00,user_488,Python project discussion,#Technology,624,66,67,Delhi,Neutral,757
7492,2026-09-25 13:44:00,user_196,AI news update,#AI,647,182,29,Chennai,Neutral,858
5360,2026-09-25 13:44:00,user_231,Great work by the team,#DataAnalytics,322,131,2,Hyderabad,Positive,455
5199,2026-09-25 13:47:00,user_234,Amazing fitness progress,#Technology,724,158,84,Hyderabad,Positive,966
7113,2026-09-25 14:12:00,user_128,New information available,#Cricket,741,160,51,Bengaluru,Neutral,952
6833,2026-09-25 14:15:00,user_167,Fitness workout completed,#Trending,786,20,90,Delhi,Neutral,896
2017,2026-09-25 14:20:00,user_354,Python is really useful,#Python,996,169,95,Chennai,Neutral,1260
7090,2026-09-25 14:23:00,user_465,Amazing fitness progress,#DataAnalytics,753,175,48,Hyderabad,Positive,976
7874,2026-09-25 14:38:00,user_316,Fitness workout completed,#Fitness,221,169,98,Delhi,Neutral,488
7376,2026-09-25 14:39:00,user_38,Python project discussion,#Technology,937,49,28,Mumbai,Neutral,1014
5963,2026-09-25 14:40:00,user_151,Python is really useful,#Trending,827,92,50,Bengaluru,Neutral,969
9559,2026-09-25 14:44:00,user_493,Amazing experience today,#Trending,704,144,16,Chennai,Positive,864
6968,2026-09-25 14:56:00,user_379,Beautiful day in Bengaluru,#Fitness,297,134,4,Hyderabad,Positive,435
8110,2026-09-25 15:09:00,user_198,I am angry about this,#Technology,910,40,4,Mumbai,Negative,954
4006,2026-09-25 15:11:00,user_101,Amazing fitness progress,#Fitness,593,79,99,Delhi,Positive,771
796,2026-09-25 15:11:00,user_419,I am angry about this,#DataAnalytics,390,110,2,Delhi,Negative,502
6034,2026-09-25 15:17:00,user_118,Beautiful day in Bengaluru,#Fitness,124,197,35,Chennai,Positive,356
9898,2026-09-25 15:18:00,user_414,I am angry about this,#Trending,801,34,33,Bengaluru,Negative,868
7418,2026-09-25 15:21:00,user_195,Excellent cricket match,#DataAnalytics,797,148,75,Delhi,Positive,1020
9390,2026-09-25 15:27:00,user_277,I love this new AI tool,#Bengaluru,162,59,79,Pune,Positive,300
1819,2026-09-25 15:42:00,user_481,Beautiful day in Bengaluru,#Technology,345,143,45,Bengaluru,Positive,533
7439,2026-09-25 15:47:00,user_10,Great work by the team,#DataAnalytics,413,87,57,Chennai,Positive,557
2803,2026-09-25 15:47:00,user_430,Weather update from Bengaluru,#AI,333,179,49,Chennai,Neutral,561
7188,2026-09-25 15:48:00,user_182,Bad experience today,#Technology,314,4,28,Delhi,Negative,346
3518,2026-09-25 15:48:00,user_48,Data analytics session today,#Fitness,557,139,60,Hyderabad,Neutral,756
1657,2026-09-25 15:51:00,user_110,Cricket match scheduled today,#Trending,281,197,36,Bengaluru,Neutral,514
9976,2026-09-25 15:54:00,user_367,Excellent cricket match,#Bengaluru,636,140,47,Hyderabad,Positive,823
4779,2026-09-25 15:59:00,user_318,Python project discussion,#Technology,66,170,71,Mumbai,Neutral,307
7537,2026-09-25 16:00:00,user_192,Terrible service,#AI,712,38,40,Mumbai,Negative,790
7077,2026-09-25 16:07:00,user_111,I am angry about this,#Trending,539,133,93,Delhi,Negative,765
9643,2026-09-25 16:14:00,user_183,Python project discussion,#Fitness,40,104,7,Mumbai,Neutral,151
4632,2026-09-25 16:15:00,user_142,I hate this problem,#AI,326,92,31,Pune,Negative,449
5031,2026-09-25 16:23:00,user_166,Python is really useful,#Trending,365,127,32,Mumbai,Neutral,524
9708,2026-09-25 16:25:00,user_207,Beautiful day in Bengaluru,#Technology,31,109,41,Hyderabad,Positive,181
5469,2026-09-25 16:27:00,user_61,Amazing fitness progress,#Python,690,71,15,Pune,Positive,776
423,2026-09-25 16:38:00,user_467,Cricket match scheduled today,#AI,374,80,32,Bengaluru,Neutral,486
5832,2026-09-25 16:41:00,user_426,Fitness workout completed,#DataAnalytics,234,165,25,Mumbai,Neutral,424
1126,2026-09-25 16:46:00,user_475,Amazing experience today,#Fitness,171,135,65,Chennai,Positive,371
8223,2026-09-25 16:50:00,user_287,Great work by the team,#Python,893,197,8,Delhi,Positive,1098
2559,2026-09-25 16:58:00,user_467,Data analytics session today,#Technology,177,23,91,Hyderabad,Neutral,291
2726,2026-09-25 17:04:00,user_66,I love this new AI tool,#AI,110,181,25,Mumbai,Positive,316
2251,2026-09-25 17:16:00,user_148,This failed again,#Bengaluru,709,106,99,Hyderabad,Negative,914
8541,2026-09-25 17:17:00,user_26,Excellent cricket match,#Cricket,622,38,42,Hyderabad,Positive,702
1051,2026-09-25 17:20:00,user_293,Poor performance today,#Fitness,809,160,66,Mumbai,Negative,1035
8242,2026-09-25 17:21:00,user_196,Technology update today,#Bengaluru,205,133,5,Hyderabad,Neutral,343
9366,2026-09-25 17:27:00,user_137,Amazing experience today,#AI,906,3,84,Chennai,Positive,993
8284,2026-09-25 17:31:00,user_88,Technology update today,#Fitness,174,39,56,Chennai,Neutral,269
2141,2026-09-25 17:34:00,user_128,Python is really useful,#AI,668,144,60,Bengaluru,Neutral,872
6132,2026-09-25 17:37:00,user_110,This failed again,#Trending,477,66,44,Hyderabad,Negative,587
2951,2026-09-25 17:43:00,user_176,Amazing fitness progress,#Fitness,209,72,41,Delhi,Positive,322
6811,2026-09-25 17:47:00,user_334,Technology update today,#Bengaluru,694,40,22,Bengaluru,Neutral,756
7242,2026-09-25 17:47:00,user_271,New information available,#Bengaluru,379,125,50,Pune,Neutral,554
7288,2026-09-25 17:52:00,user_96,Great work by the team,#Technology,851,155,52,Hyderabad,Positive,1058
7564,2026-09-25 17:58:00,user_438,Excellent cricket match,#DataAnalytics,201,41,47,Pune,Positive,289
8041,2026-09-25 18:04:00,user_24,This failed again,#Cricket,947,168,14,Pune,Negative,1129
5265,2026-09-25 18:13:00,user_334,Amazing experience today,#Trending,990,69,52,Hyderabad,Positive,1111
9290,2026-09-25 18:14:00,user_237,New information available,#Bengaluru,508,181,8,Delhi,Neutral,697
5961,2026-09-25 18:19:00,user_323,New information available,#Cricket,24,61,87,Mumbai,Neutral,172
5231,2026-09-25 18:27:00,user_163,Fitness workout completed,#Bengaluru,493,171,52,Delhi,Neutral,716
1258,2026-09-25 18:35:00,user_108,I am angry about this,#DataAnalytics,849,192,82,Hyderabad,Negative,1123
6869,2026-09-25 18:37:00,user_410,Beautiful day in Bengaluru,#Fitness,724,146,68,Chennai,Positive,938
9482,2026-09-25 18:41:00,user_191,Python is really useful,#Python,757,109,86,Bengaluru,Neutral,952
8879,2026-09-25 18:48:00,user_293,Terrible service,#Python,163,194,59,Delhi,Negative,416
4269,2026-09-25 18:53:00,user_275,Python project discussion,#Fitness,34,84,6,Bengaluru,Neutral,124
3895,2026-09-25 18:57:00,user_21,Fitness workout completed,#DataAnalytics,120,145,30,Pune,Neutral,295
9727,2026-09-25 18:57:00,user_455,I am angry about this,#Python,115,42,86,Mumbai,Negative,243
3263,2026-09-25 19:00:00,user_274,Data analytics session today,#DataAnalytics,356,13,16,Pune,Neutral,385
6789,2026-09-25 19:02:00,user_157,Python project discussion,#Technology,924,14,99,Delhi,Neutral,1037
9288,2026-09-25 19:02:00,user_203,I am angry about this,#Cricket,347,22,65,Bengaluru,Negative,434
2835,2026-09-25 19:12:00,user_323,Python project discussion,#Bengaluru,118,126,32,Delhi,Neutral,276
880,2026-09-25 19:19:00,user_224,Cricket match scheduled today,#DataAnalytics,906,45,46,Bengaluru,Neutral,997
4175,2026-09-25 19:32:00,user_270,Great technology update,#Python,468,76,50,Chennai,Positive,594
8241,2026-09-25 19:32:00,user_106,New information available,#Python,96,37,74,Chennai,Neutral,207
6082,2026-09-25 19:38:00,user_281,Very disappointing result,#Trending,654,21,85,Bengaluru,Neutral,760
6311,2026-09-25 19:41:00,user_255,Weather update from Bengaluru,#DataAnalytics,49,28,37,Bengaluru,Neutral,114
9636,2026-09-25 19:43:00,user_496,Poor performance today,#Trending,206,29,50,Hyderabad,Negative,285
3257,2026-09-25 19:44:00,user_137,I am angry about this,#Fitness,881,84,62,Hyderabad,Negative,1027
6502,2026-09-25 19:44:00,user_411,Cricket match scheduled today,#Bengaluru,229,32,25,Bengaluru,Neutral,286
2697,2026-09-25 19:46:00,user_362,Poor performance today,#Fitness,390,155,6,Delhi,Negative,551
3130,2026-09-25 19:47:00,user_177,I love this new AI tool,#Trending,101,164,31,Chennai,Positive,296
6212,2026-09-25 19:51:00,user_322,Technology update today,#DataAnalytics,779,11,57,Mumbai,Neutral,847
7974,2026-09-25 19:53:00,user_168,Amazing fitness progress,#DataAnalytics,898,36,24,Bengaluru,Positive,958
9518,2026-09-25 19:57:00,user_307,Fitness workout completed,#Fitness,737,167,4,Chennai,Neutral,908
9993,2026-09-25 19:58:00,user_349,Excellent cricket match,#Trending,818,166,56,Bengaluru,Positive,1040
367,2026-09-25 20:01:00,user_162,Python project discussion,#Bengaluru,26,88,87,Chennai,Neutral,201
5517,2026-09-25 20:07:00,user_393,I love this new AI tool,#Trending,133,197,19,Pune,Positive,349
4278,2026-09-25 20:12:00,user_89,I am angry about this,#Python,140,89,73,Hyderabad,Negative,302
5311,2026-09-25 20:16:00,user_60,I love this new AI tool,#Bengaluru,87,162,12,Mumbai,Positive,261
9965,2026-09-25 20:22:00,user_34,I am angry about this,#Trending,646,10,88,Chennai,Negative,744
3697,2026-09-25 20:40:00,user_292,Amazing fitness progress,#Trending,490,6,63,Chennai,Positive,559
2800,2026-09-25 20:43:00,user_86,Beautiful day in Bengaluru,#Bengaluru,917,51,39,Chennai,Positive,1007
4693,2026-09-25 20:46:00,user_399,AI news update,#AI,590,137,39,Hyderabad,Neutral,766
5612,2026-09-25 20:49:00,user_133,Fitness workout completed,#Fitness,478,39,88,Bengaluru,Neutral,605
545,2026-09-25 20:54:00,user_389,Technology update today,#DataAnalytics,645,129,99,Chennai,Neutral,873
8669,2026-09-25 21:03:00,user_432,Amazing experience today,#Trending,668,35,81,Bengaluru,Positive,784
3626,2026-09-25 21:12:00,user_367,Great work by the team,#AI,299,24,80,Hyderabad,Positive,403
8833,2026-09-25 21:12:00,user_245,Amazing fitness progress,#DataAnalytics,328,115,92,Mumbai,Positive,535
1501,2026-09-25 21:14:00,user_294,I love this new AI tool,#Fitness,52,164,23,Chennai,Positive,239
7610,2026-09-25 21:16:00,user_226,Great technology update,#AI,530,178,75,Pune,Positive,783
5063,2026-09-25 21:16:00,user_72,Very disappointing result,#DataAnalytics,489,5,57,Mumbai,Neutral,551
2636,2026-09-25 21:21:00,user_8,Cricket match scheduled today,#Fitness,43,174,17,Mumbai,Neutral,234
5629,2026-09-25 21:21:00,user_34,Amazing experience today,#Cricket,156,37,34,Mumbai,Positive,227
851,2026-09-25 21:33:00,user_458,Great work by the team,#Bengaluru,742,105,77,Hyderabad,Positive,924
8880,2026-09-25 21:49:00,user_261,Python is really useful,#AI,575,134,1,Delhi,Neutral,710
4398,2026-09-25 21:53:00,user_88,Amazing fitness progress,#AI,913,200,76,Chennai,Positive,1189
2148,2026-09-25 21:57:00,user_277,Python is really useful,#Trending,415,54,25,Pune,Neutral,494
3207,2026-09-25 22:06:00,user_194,Amazing fitness progress,#Technology,750,169,49,Delhi,Positive,968
4033,2026-09-25 22:07:00,user_27,AI news update,#Bengaluru,845,158,7,Chennai,Neutral,1010
9649,2026-09-25 22:11:00,user_181,Excellent cricket match,#AI,278,130,79,Hyderabad,Positive,487
7103,2026-09-25 22:20:00,user_173,Fitness workout completed,#Trending,154,77,35,Pune,Neutral,266
9777,2026-09-25 22:24:00,user_64,I love this new AI tool,#Bengaluru,730,116,36,Hyderabad,Positive,882
2762,2026-09-25 22:30:00,user_18,Great technology update,#DataAnalytics,471,142,50,Delhi,Positive,663
5438,2026-09-25 22:35:00,user_275,Terrible service,#DataAnalytics,403,88,79,Chennai,Negative,570
5462,2026-09-25 22:45:00,user_96,Great work by the team,#DataAnalytics,30,70,32,Bengaluru,Positive,132
3827,2026-09-25 22:46:00,user_70,Excellent cricket match,#Trending,404,172,43,Pune,Positive,619
6654,2026-09-25 23:02:00,user_372,Amazing fitness progress,#Bengaluru,593,183,21,Pune,Positive,797
6105,2026-09-25 23:06:00,user_145,Amazing fitness progress,#Bengaluru,15,90,67,Mumbai,Positive,172
3023,2026-09-25 23:09:00,user_233,Great work by the team,#Python,289,153,44,Pune,Positive,486
5096,2026-09-25 23:20:00,user_306,Amazing experience today,#Fitness,137,17,10,Chennai,Positive,164
5797,2026-09-25 23:30:00,user_139,Amazing experience today,#Bengaluru,302,53,92,Pune,Positive,447
8414,2026-09-25 23:32:00,user_348,Amazing fitness progress,#Python,549,39,16,Chennai,Positive,604
9562,2026-09-25 23:32:00,user_386,Excellent cricket match,#AI,636,36,28,Pune,Positive,700
458,2026-09-25 23:34:00,user_138,New information available,#AI,647,91,32,Chennai,Neutral,770
4076,2026-09-25 23:42:00,user_339,Python is really useful,#Fitness,606,36,16,Chennai,Neutral,658
8189,2026-09-25 23:43:00,user_134,Python project discussion,#Technology,81,34,76,Bengaluru,Neutral,191
1793,2026-09-25 23:46:00,user_375,Poor performance today,#Trending,127,98,68,Delhi,Negative,293
5569,2026-09-25 23:46:00,user_399,Technology update today,#Bengaluru,108,79,94,Pune,Neutral,281
6480,2026-09-25 23:50:00,user_150,Amazing fitness progress,#Cricket,511,123,61,Hyderabad,Positive,695
599,2026-09-26 00:02:00,user_103,Python is really useful,#Python,349,175,93,Hyderabad,Neutral,617
3576,2026-09-26 00:04:00,user_371,Very disappointing result,#Bengaluru,63,2,4,Pune,Neutral,69
8660,2026-09-26 00:06:00,user_58,Excellent cricket match,#Python,702,5,82,Delhi,Positive,789
8769,2026-09-26 00:17:00,user_316,Great technology update,#Python,48,174,15,Hyderabad,Positive,237
4515,2026-09-26 00:18:00,user_486,Amazing experience today,#Technology,479,193,95,Chennai,Positive,767
6765,2026-09-26 00:18:00,user_37,I am angry about this,#Cricket,260,169,61,Pune,Negative,490
6592,2026-09-26 00:30:00,user_442,Beautiful day in Bengaluru,#Fitness,80,75,40,Hyderabad,Positive,195
8490,2026-09-26 00:34:00,user_347,I love this new AI tool,#Bengaluru,13,160,43,Mumbai,Positive,216
1477,2026-09-26 00:36:00,user_324,New information available,#Cricket,312,74,36,Pune,Neutral,422
5335,2026-09-26 00:42:00,user_478,Very disappointing result,#Fitness,26,162,24,Pune,Neutral,212
6438,2026-09-26 00:44:00,user_213,AI news update,#Trending,31,53,97,Bengaluru,Neutral,181
7698,2026-09-26 00:44:00,user_394,I am angry about this,#Trending,628,110,67,Mumbai,Negative,805
6926,2026-09-26 00:51:00,user_308,Amazing fitness progress,#Cricket,782,164,98,Pune,Positive,1044
9850,2026-09-26 01:12:00,user_194,Amazing fitness progress,#AI,452,68,65,Bengaluru,Positive,585
3174,2026-09-26 01:17:00,user_388,Python is really useful,#Fitness,561,120,39,Delhi,Neutral,720
8888,2026-09-26 01:22:00,user_230,Amazing experience today,#DataAnalytics,787,84,44,Pune,Positive,915
6161,2026-09-26 01:22:00,user_459,Very disappointing result,#Python,307,29,63,Bengaluru,Neutral,399
4088,2026-09-26 01:26:00,user_75,Great work by the team,#Bengaluru,241,54,46,Hyderabad,Positive,341
1666,2026-09-26 01:32:00,user_9,Python is really useful,#Cricket,997,108,9,Hyderabad,Neutral,1114
819,2026-09-26 01:33:00,user_156,Amazing experience today,#Technology,115,92,88,Pune,Positive,295
5917,2026-09-26 01:39:00,user_338,I hate this problem,#Technology,351,28,77,Bengaluru,Negative,456
2744,2026-09-26 01:42:00,user_22,Weather update from Bengaluru,#Cricket,718,12,57,Hyderabad,Neutral,787
4904,2026-09-26 01:50:00,user_114,Great technology update,#DataAnalytics,840,179,37,Delhi,Positive,1056
2954,2026-09-26 01:54:00,user_85,Python project discussion,#DataAnalytics,209,8,20,Delhi,Neutral,237
9849,2026-09-26 01:54:00,user_73,I love this new AI tool,#Trending,837,195,12,Bengaluru,Positive,1044
1537,2026-09-26 01:55:00,user_447,AI news update,#Bengaluru,522,193,58,Chennai,Neutral,773
5983,2026-09-26 02:10:00,user_49,Great work by the team,#Cricket,790,43,4,Delhi,Positive,837
9811,2026-09-26 02:11:00,user_193,Technology update today,#AI,649,146,23,Bengaluru,Neutral,818
9393,2026-09-26 02:11:00,user_328,I am angry about this,#Fitness,456,22,3,Pune,Negative,481
9002,2026-09-26 02:20:00,user_24,Amazing experience today,#Python,964,157,57,Hyderabad,Positive,1178
1739,2026-09-26 02:33:00,user_56,Cricket match scheduled today,#AI,388,36,58,Mumbai,Neutral,482
2603,2026-09-26 02:35:00,user_393,Great work by the team,#Python,398,43,15,Chennai,Positive,456
476,2026-09-26 02:43:00,user_484,This failed again,#Python,850,93,30,Bengaluru,Negative,973
1075,2026-09-26 02:45:00,user_421,New information available,#Python,655,42,72,Chennai,Neutral,769
6746,2026-09-26 02:49:00,user_251,I love this new AI tool,#AI,671,4,57,Bengaluru,Positive,732
4722,2026-09-26 02:50:00,user_126,Cricket match scheduled today,#AI,25,104,35,Chennai,Neutral,164
7345,2026-09-26 02:53:00,user_374,Great work by the team,#DataAnalytics,62,156,38,Delhi,Positive,256
1165,2026-09-26 02:56:00,user_413,Amazing experience today,#Trending,739,188,58,Chennai,Positive,985
9707,2026-09-26 03:02:00,user_380,Great work by the team,#Technology,384,79,15,Delhi,Positive,478
7258,2026-09-26 03:03:00,user_331,I love this new AI tool,#AI,427,169,51,Hyderabad,Positive,647
6299,2026-09-26 03:06:00,user_326,Very disappointing result,#Bengaluru,835,136,50,Hyderabad,Neutral,1021
8606,2026-09-26 03:06:00,user_415,Beautiful day in Bengaluru,#Technology,81,130,85,Pune,Positive,296
8876,2026-09-26 03:11:00,user_439,Beautiful day in Bengaluru,#Bengaluru,613,152,24,Chennai,Positive,789
1593,2026-09-26 03:11:00,user_98,Beautiful day in Bengaluru,#AI,221,114,79,Pune,Positive,414
4057,2026-09-26 03:12:00,user_270,Data analytics session today,#DataAnalytics,959,50,74,Bengaluru,Neutral,1083
9872,2026-09-26 03:21:00,user_35,Amazing experience today,#Fitness,347,174,48,Hyderabad,Positive,569
5838,2026-09-26 03:22:00,user_178,Cricket match scheduled today,#Bengaluru,782,50,3,Pune,Neutral,835
1929,2026-09-26 03:30:00,user_266,Amazing experience today,#AI,616,83,34,Delhi,Positive,733
3442,2026-09-26 03:32:00,user_64,New information available,#Trending,553,179,31,Pune,Neutral,763
7632,2026-09-26 03:34:00,user_386,Bad experience today,#Cricket,526,194,86,Bengaluru,Negative,806
5843,2026-09-26 03:35:00,user_362,Amazing experience today,#Fitness,718,26,26,Pune,Positive,770
4814,2026-09-26 03:36:00,user_349,Python project discussion,#Python,479,115,4,Pune,Neutral,598
1520,2026-09-26 03:47:00,user_9,Worst experience ever,#AI,947,175,71,Mumbai,Negative,1193
8286,2026-09-26 03:49:00,user_109,Very disappointing result,#Cricket,152,75,15,Hyderabad,Neutral,242
5659,2026-09-26 03:49:00,user_488,Fitness workout completed,#Bengaluru,520,63,14,Delhi,Neutral,597
6641,2026-09-26 03:50:00,user_212,Python is really useful,#Python,196,106,11,Delhi,Neutral,313
8065,2026-09-26 03:53:00,user_299,Amazing fitness progress,#Python,186,174,56,Delhi,Positive,416
61,2026-09-26 03:57:00,user_335,Python is really useful,#Trending,104,170,79,Delhi,Neutral,353
5709,2026-09-26 03:59:00,user_103,Amazing experience today,#Bengaluru,395,151,97,Delhi,Positive,643
6865,2026-09-26 04:00:00,user_12,Amazing fitness progress,#Trending,394,60,16,Pune,Positive,470
2305,2026-09-26 04:02:00,user_145,Beautiful day in Bengaluru,#Python,254,93,46,Chennai,Positive,393
9027,2026-09-26 04:04:00,user_340,Great work by the team,#Cricket,12,157,67,Hyderabad,Positive,236
4801,2026-09-26 04:05:00,user_254,Data analytics session today,#Trending,303,107,37,Bengaluru,Neutral,447
3173,2026-09-26 04:06:00,user_437,Beautiful day in Bengaluru,#Cricket,665,2,88,Chennai,Positive,755
2485,2026-09-26 04:07:00,user_200,Amazing fitness progress,#Python,839,75,50,Pune,Positive,964
9279,2026-09-26 04:08:00,user_181,AI news update,#AI,442,167,83,Delhi,Neutral,692
6679,2026-09-26 04:08:00,user_165,Python is really useful,#Bengaluru,377,177,56,Bengaluru,Neutral,610
4604,2026-09-26 04:32:00,user_441,I love this new AI tool,#Technology,861,148,26,Delhi,Positive,1035
6961,2026-09-26 04:36:00,user_118,Cricket match scheduled today,#Fitness,143,114,11,Mumbai,Neutral,268
9995,2026-09-26 04:36:00,user_378,Python is really useful,#Trending,564,40,98,Bengaluru,Neutral,702
2521,2026-09-26 04:48:00,user_331,Terrible service,#Python,548,185,31,Bengaluru,Negative,764
7386,2026-09-26 04:51:00,user_474,Python is really useful,#Cricket,484,41,15,Chennai,Neutral,540
7724,2026-09-26 04:54:00,user_279,New information available,#DataAnalytics,13,166,16,Pune,Neutral,195
8668,2026-09-26 04:56:00,user_370,Poor performance today,#Trending,377,55,24,Pune,Negative,456
3733,2026-09-26 04:57:00,user_206,Beautiful day in Bengaluru,#AI,954,164,23,Chennai,Positive,1141
4871,2026-09-26 05:11:00,user_49,Fitness workout completed,#Cricket,53,101,96,Pune,Neutral,250
718,2026-09-26 05:11:00,user_18,Data analytics session today,#AI,969,167,95,Delhi,Neutral,1231
8817,2026-09-26 05:18:00,user_478,Cricket match scheduled today,#Bengaluru,233,70,58,Pune,Neutral,361
6967,2026-09-26 05:23:00,user_462,Great work by the team,#DataAnalytics,425,148,24,Chennai,Positive,597
2164,2026-09-26 05:30:00,user_88,Beautiful day in Bengaluru,#Bengaluru,542,60,77,Hyderabad,Positive,679
827,2026-09-26 05:33:00,user_107,Amazing experience today,#Fitness,34,2,70,Pune,Positive,106
9580,2026-09-26 05:37:00,user_41,I love this new AI tool,#Python,905,190,100,Pune,Positive,1195
5044,2026-09-26 05:39:00,user_208,Terrible service,#Trending,553,63,4,Mumbai,Negative,620
3638,2026-09-26 05:40:00,user_143,Excellent cricket match,#Bengaluru,263,76,3,Delhi,Positive,342
3989,2026-09-26 05:45:00,user_185,Python is really useful,#Cricket,224,38,4,Delhi,Neutral,266
2274,2026-09-26 05:51:00,user_298,Very disappointing result,#Technology,213,126,89,Bengaluru,Neutral,428
3273,2026-09-26 06:02:00,user_394,Terrible service,#Bengaluru,899,184,85,Bengaluru,Negative,1168
4908,2026-09-26 06:02:00,user_216,AI news update,#Bengaluru,124,92,68,Mumbai,Neutral,284
2672,2026-09-26 06:11:00,user_256,This failed again,#Technology,177,62,23,Hyderabad,Negative,262
388,2026-09-26 06:11:00,user_21,Python is really useful,#Trending,90,41,85,Mumbai,Neutral,216
5752,2026-09-26 06:11:00,user_423,Great work by the team,#DataAnalytics,500,144,93,Bengaluru,Positive,737
4309,2026-09-26 06:15:00,user_446,Data analytics session today,#Trending,305,153,54,Chennai,Neutral,512
8627,2026-09-26 06:20:00,user_115,Terrible service,#Technology,789,98,53,Hyderabad,Negative,940
2876,2026-09-26 06:30:00,user_237,AI news update,#Trending,937,154,62,Chennai,Neutral,1153
313,2026-09-26 06:36:00,user_458,Amazing fitness progress,#Python,635,63,88,Mumbai,Positive,786
887,2026-09-26 06:43:00,user_25,Great work by the team,#Cricket,303,100,37,Mumbai,Positive,440
9356,2026-09-26 06:54:00,user_89,Data analytics session today,#Technology,359,144,35,Pune,Neutral,538
6088,2026-09-26 06:58:00,user_23,Very disappointing result,#Fitness,517,138,46,Pune,Neutral,701
4492,2026-09-26 07:06:00,user_367,I love this new AI tool,#Python,399,168,51,Delhi,Positive,618
2988,2026-09-26 07:06:00,user_369,Amazing experience today,#Trending,438,5,20,Chennai,Positive,463
509,2026-09-26 07:08:00,user_407,This failed again,#AI,868,153,99,Delhi,Negative,1120
1936,2026-09-26 07:12:00,user_439,Python is really useful,#DataAnalytics,446,106,92,Bengaluru,Neutral,644
6347,2026-09-26 07:15:00,user_213,Excellent cricket match,#Python,368,40,25,Pune,Positive,433
4645,2026-09-26 07:18:00,user_355,Python is really useful,#AI,790,186,61,Hyderabad,Neutral,1037
8188,2026-09-26 07:20:00,user_153,Great work by the team,#Python,933,100,89,Bengaluru,Positive,1122
912,2026-09-26 07:26:00,user_380,Great work by the team,#Cricket,603,113,22,Bengaluru,Positive,738
7884,2026-09-26 07:32:00,user_476,Beautiful day in Bengaluru,#Python,624,125,48,Chennai,Positive,797
5381,2026-09-26 07:33:00,user_372,Bad experience today,#DataAnalytics,363,43,34,Delhi,Negative,440
9983,2026-09-26 07:36:00,user_333,This failed again,#Bengaluru,893,141,33,Delhi,Negative,1067
9567,2026-09-26 07:36:00,user_278,Data analytics session today,#Cricket,834,38,71,Bengaluru,Neutral,943
6211,2026-09-26 07:38:00,user_186,Worst experience ever,#DataAnalytics,876,108,47,Bengaluru,Negative,1031
5181,2026-09-26 07:38:00,user_37,New information available,#Trending,273,42,58,Delhi,Neutral,373
7936,2026-09-26 07:39:00,user_373,Great technology update,#Technology,150,44,69,Pune,Positive,263
3506,2026-09-26 07:45:00,user_63,Data analytics session today,#Python,327,176,92,Pune,Neutral,595
1168,2026-09-26 07:54:00,user_303,Very disappointing result,#Fitness,938,2,55,Hyderabad,Neutral,995
8123,2026-09-26 08:04:00,user_44,Amazing fitness progress,#Fitness,946,4,84,Pune,Positive,1034
3668,2026-09-26 08:07:00,user_114,Great work by the team,#Bengaluru,301,69,27,Chennai,Positive,397
1573,2026-09-26 08:10:00,user_473,I hate this problem,#DataAnalytics,611,170,71,Chennai,Negative,852
2382,2026-09-26 08:11:00,user_148,Python is really useful,#Bengaluru,487,176,14,Pune,Neutral,677
6903,2026-09-26 08:20:00,user_66,Beautiful day in Bengaluru,#Fitness,645,1,92,Delhi,Positive,738
2001,2026-09-26 08:22:00,user_394,Amazing experience today,#Technology,531,34,24,Delhi,Positive,589
6461,2026-09-26 08:26:00,user_387,Beautiful day in Bengaluru,#Trending,593,57,29,Pune,Positive,679
6244,2026-09-26 08:26:00,user_370,Great work by the team,#Cricket,886,146,53,Delhi,Positive,1085
1684,2026-09-26 08:43:00,user_440,Amazing fitness progress,#Technology,752,31,83,Hyderabad,Positive,866
7557,2026-09-26 08:43:00,user_314,Worst experience ever,#Fitness,322,199,39,Hyderabad,Negative,560
6175,2026-09-26 08:44:00,user_5,Terrible service,#AI,486,75,90,Bengaluru,Negative,651
173,2026-09-26 08:44:00,user_413,Beautiful day in Bengaluru,#AI,550,45,91,Bengaluru,Positive,686
2629,2026-09-26 08:48:00,user_384,Amazing fitness progress,#AI,297,192,65,Bengaluru,Positive,554
2236,2026-09-26 08:54:00,user_314,Great technology update,#Fitness,937,170,76,Pune,Positive,1183
8620,2026-09-26 08:56:00,user_48,Great technology update,#DataAnalytics,158,67,72,Hyderabad,Positive,297
2656,2026-09-26 08:59:00,user_436,Amazing fitness progress,#AI,686,179,78,Delhi,Positive,943
6831,2026-09-26 09:00:00,user_207,I love this new AI tool,#Cricket,625,112,76,Mumbai,Positive,813
1169,2026-09-26 09:05:00,user_433,Great technology update,#Trending,690,12,2,Chennai,Positive,704
4499,2026-09-26 09:06:00,user_229,Worst experience ever,#Cricket,364,191,38,Bengaluru,Negative,593
2101,2026-09-26 09:19:00,user_328,Data analytics session today,#Bengaluru,433,111,73,Delhi,Neutral,617
55,2026-09-26 09:24:00,user_81,Fitness workout completed,#Cricket,764,125,2,Mumbai,Neutral,891
8177,2026-09-26 09:24:00,user_127,New information available,#Bengaluru,532,190,85,Mumbai,Neutral,807
6797,2026-09-26 09:29:00,user_193,Amazing experience today,#Cricket,237,56,27,Pune,Positive,320
5812,2026-09-26 09:32:00,user_75,I am angry about this,#AI,24,164,37,Pune,Negative,225
45,2026-09-26 09:39:00,user_61,Great technology update,#AI,139,130,20,Bengaluru,Positive,289
8275,2026-09-26 09:41:00,user_51,Excellent cricket match,#AI,27,156,25,Mumbai,Positive,208
1701,2026-09-26 09:47:00,user_418,Great technology update,#Trending,176,194,99,Pune,Positive,469
6258,2026-09-26 09:50:00,user_171,This failed again,#Trending,694,144,91,Hyderabad,Negative,929
6060,2026-09-26 09:52:00,user_468,Cricket match scheduled today,#DataAnalytics,741,45,61,Pune,Neutral,847
2451,2026-09-26 09:53:00,user_408,Amazing experience today,#DataAnalytics,896,10,40,Hyderabad,Positive,946
3180,2026-09-26 10:01:00,user_343,I love this new AI tool,#AI,219,16,78,Pune,Positive,313
5051,2026-09-26 10:11:00,user_2,Poor performance today,#Technology,187,45,14,Hyderabad,Negative,246
8955,2026-09-26 10:11:00,user_56,Python is really useful,#Trending,761,101,15,Chennai,Neutral,877
678,2026-09-26 10:12:00,user_272,Data analytics session today,#Bengaluru,39,188,33,Pune,Neutral,260
9544,2026-09-26 10:17:00,user_238,Excellent cricket match,#AI,92,34,100,Bengaluru,Positive,226
4260,2026-09-26 10:25:00,user_311,Excellent cricket match,#AI,243,67,78,Delhi,Positive,388
2872,2026-09-26 10:28:00,user_218,AI news update,#Trending,310,179,14,Pune,Neutral,503
9003,2026-09-26 10:30:00,user_33,Amazing fitness progress,#Fitness,222,19,12,Hyderabad,Positive,253
4491,2026-09-26 10:33:00,user_310,Data analytics session today,#Trending,897,144,96,Chennai,Neutral,1137
3464,2026-09-26 10:33:00,user_495,Beautiful day in Bengaluru,#Bengaluru,893,93,62,Delhi,Positive,1048
4098,2026-09-26 10:34:00,user_452,Poor performance today,#Bengaluru,329,55,45,Pune,Negative,429
9958,2026-09-26 10:34:00,user_445,AI news update,#Cricket,153,183,3,Pune,Neutral,339
4581,2026-09-26 10:45:00,user_493,Amazing fitness progress,#Fitness,449,160,12,Bengaluru,Positive,621
1360,2026-09-26 10:46:00,user_66,Python is really useful,#Trending,495,190,31,Mumbai,Neutral,716
5924,2026-09-26 10:53:00,user_23,New information available,#Trending,554,29,7,Hyderabad,Neutral,590
478,2026-09-26 10:54:00,user_368,Great technology update,#Cricket,670,137,5,Mumbai,Positive,812
6419,2026-09-26 11:00:00,user_101,Python is really useful,#Python,792,37,99,Hyderabad,Neutral,928
6026,2026-09-26 11:02:00,user_127,Amazing experience today,#Trending,827,143,5,Chennai,Positive,975
9506,2026-09-26 11:04:00,user_457,Technology update today,#Cricket,353,26,71,Mumbai,Neutral,450
7672,2026-09-26 11:14:00,user_396,I hate this problem,#Cricket,927,190,28,Chennai,Negative,1145
514,2026-09-26 11:19:00,user_93,Python project discussion,#DataAnalytics,633,117,97,Bengaluru,Neutral,847
5263,2026-09-26 11:27:00,user_150,Great work by the team,#Cricket,286,144,59,Delhi,Positive,489
3937,2026-09-26 11:31:00,user_201,Python is really useful,#Fitness,421,127,32,Bengaluru,Neutral,580
1886,2026-09-26 11:43:00,user_113,I hate this problem,#AI,765,140,3,Mumbai,Negative,908
7197,2026-09-26 11:44:00,user_466,Amazing fitness progress,#Bengaluru,970,62,14,Mumbai,Positive,1046
1990,2026-09-26 11:50:00,user_145,Cricket match scheduled today,#AI,138,144,24,Pune,Neutral,306
594,2026-09-26 11:57:00,user_21,Amazing fitness progress,#Bengaluru,465,131,44,Hyderabad,Positive,640
9949,2026-09-26 12:03:00,user_425,Great work by the team,#Bengaluru,112,30,60,Pune,Positive,202
6305,2026-09-26 12:14:00,user_294,I love this new AI tool,#DataAnalytics,819,76,57,Bengaluru,Positive,952
108,2026-09-26 12:19:00,user_196,Great technology update,#Technology,281,17,28,Bengaluru,Positive,326
2860,2026-09-26 12:26:00,user_34,Great work by the team,#Fitness,989,57,53,Delhi,Positive,1099
3221,2026-09-26 12:26:00,user_100,I am angry about this,#AI,518,43,93,Bengaluru,Negative,654
907,2026-09-26 12:31:00,user_281,Poor performance today,#Trending,323,197,93,Bengaluru,Negative,613
3629,2026-09-26 12:32:00,user_332,Technology update today,#Cricket,46,195,75,Bengaluru,Neutral,316
4357,2026-09-26 12:35:00,user_85,I love this new AI tool,#Python,697,54,51,Bengaluru,Positive,802
8822,2026-09-26 12:43:00,user_26,Fitness workout completed,#AI,608,12,19,Chennai,Neutral,639
3915,2026-09-26 12:45:00,user_355,Excellent cricket match,#Cricket,107,131,21,Bengaluru,Positive,259
5880,2026-09-26 12:52:00,user_197,Beautiful day in Bengaluru,#Fitness,512,125,29,Hyderabad,Positive,666
8549,2026-09-26 12:54:00,user_445,Weather update from Bengaluru,#Trending,942,165,52,Hyderabad,Neutral,1159
8026,2026-09-26 12:55:00,user_280,Worst experience ever,#Python,202,153,49,Hyderabad,Negative,404
2712,2026-09-26 12:58:00,user_277,Technology update today,#DataAnalytics,826,147,99,Chennai,Neutral,1072
6538,2026-09-26 12:58:00,user_476,Fitness workout completed,#Trending,758,118,47,Hyderabad,Neutral,923
5481,2026-09-26 13:03:00,user_137,Amazing fitness progress,#Bengaluru,750,192,32,Mumbai,Positive,974
872,2026-09-26 13:06:00,user_184,Poor performance today,#Fitness,327,161,39,Chennai,Negative,527
2646,2026-09-26 13:08:00,user_396,Beautiful day in Bengaluru,#DataAnalytics,17,21,18,Bengaluru,Positive,56
8566,2026-09-26 13:11:00,user_119,Python is really useful,#Python,925,147,55,Hyderabad,Neutral,1127
7058,2026-09-26 13:17:00,user_273,Excellent cricket match,#Trending,14,192,95,Delhi,Positive,301
2218,2026-09-26 13:19:00,user_349,Fitness workout completed,#Fitness,937,167,69,Delhi,Neutral,1173
1542,2026-09-26 13:33:00,user_297,Great technology update,#Cricket,601,19,61,Mumbai,Positive,681
6658,2026-09-26 13:40:00,user_339,Poor performance today,#Python,332,135,91,Chennai,Negative,558
3558,2026-09-26 13:51:00,user_63,I love this new AI tool,#Technology,643,159,61,Pune,Positive,863
6007,2026-09-26 13:54:00,user_321,Weather update from Bengaluru,#Trending,989,68,33,Pune,Neutral,1090
1406,2026-09-26 13:54:00,user_133,Terrible service,#Fitness,848,147,18,Hyderabad,Negative,1013
1650,2026-09-26 13:57:00,user_390,Technology update today,#AI,520,134,83,Mumbai,Neutral,737
2647,2026-09-26 14:01:00,user_223,I hate this problem,#Fitness,508,19,34,Pune,Negative,561
4658,2026-09-26 14:02:00,user_374,Great technology update,#AI,493,25,17,Mumbai,Positive,535
7965,2026-09-26 14:06:00,user_164,Beautiful day in Bengaluru,#AI,518,180,67,Hyderabad,Positive,765
797,2026-09-26 14:13:00,user_287,Worst experience ever,#Bengaluru,316,74,45,Delhi,Negative,435
2609,2026-09-26 14:32:00,user_324,Python is really useful,#Technology,192,185,27,Chennai,Neutral,404
4458,2026-09-26 14:35:00,user_79,New information available,#Trending,130,13,11,Pune,Neutral,154
3019,2026-09-26 14:36:00,user_404,Amazing fitness progress,#Technology,511,77,68,Mumbai,Positive,656
8771,2026-09-26 14:39:00,user_409,Fitness workout completed,#Technology,757,37,8,Chennai,Neutral,802
3861,2026-09-26 14:39:00,user_490,Great work by the team,#Fitness,269,200,98,Hyderabad,Positive,567
9546,2026-09-26 14:41:00,user_378,Fitness workout completed,#Cricket,937,137,87,Chennai,Neutral,1161
3057,2026-09-26 14:41:00,user_431,This failed again,#Python,640,169,42,Delhi,Negative,851
5353,2026-09-26 14:47:00,user_85,Bad experience today,#DataAnalytics,110,179,67,Pune,Negative,356
448,2026-09-26 14:49:00,user_164,Beautiful day in Bengaluru,#Python,739,66,28,Chennai,Positive,833
6509,2026-09-26 14:50:00,user_160,Amazing fitness progress,#Technology,930,3,47,Pune,Positive,980
6183,2026-09-26 14:51:00,user_119,New information available,#Fitness,657,38,6,Pune,Neutral,701
8733,2026-09-26 15:03:00,user_206,Bad experience today,#AI,102,190,25,Hyderabad,Negative,317
6839,2026-09-26 15:15:00,user_214,Fitness workout completed,#Python,341,72,19,Hyderabad,Neutral,432
4697,2026-09-26 15:17:00,user_84,Python project discussion,#DataAnalytics,382,12,35,Pune,Neutral,429
2478,2026-09-26 15:18:00,user_456,I hate this problem,#Python,668,62,70,Chennai,Negative,800
9377,2026-09-26 15:19:00,user_140,Excellent cricket match,#Fitness,15,132,73,Delhi,Positive,220
3724,2026-09-26 15:22:00,user_364,Technology update today,#AI,948,55,78,Hyderabad,Neutral,1081
1745,2026-09-26 15:31:00,user_49,I hate this problem,#Python,339,79,62,Bengaluru,Negative,480
3790,2026-09-26 15:44:00,user_17,AI news update,#Python,210,164,35,Chennai,Neutral,409
7143,2026-09-26 15:46:00,user_64,Beautiful day in Bengaluru,#Fitness,433,130,5,Pune,Positive,568
9972,2026-09-26 15:46:00,user_380,Excellent cricket match,#Trending,749,93,79,Bengaluru,Positive,921
1252,2026-09-26 15:51:00,user_211,Weather update from Bengaluru,#Cricket,64,187,41,Chennai,Neutral,292
1654,2026-09-26 15:54:00,user_328,Fitness workout completed,#Python,653,104,48,Mumbai,Neutral,805
2006,2026-09-26 15:59:00,user_300,Great work by the team,#Technology,211,51,59,Pune,Positive,321
5732,2026-09-26 16:10:00,user_174,Amazing experience today,#Technology,685,138,34,Bengaluru,Positive,857
5589,2026-09-26 16:11:00,user_92,Technology update today,#Cricket,427,50,86,Bengaluru,Neutral,563
8007,2026-09-26 16:12:00,user_433,Weather update from Bengaluru,#Cricket,823,153,74,Chennai,Neutral,1050
1036,2026-09-26 16:12:00,user_275,Weather update from Bengaluru,#AI,243,12,45,Chennai,Neutral,300
5516,2026-09-26 16:35:00,user_69,I love this new AI tool,#Python,251,20,56,Hyderabad,Positive,327
4265,2026-09-26 16:44:00,user_116,Great work by the team,#Technology,37,82,51,Pune,Positive,170
5069,2026-09-26 17:05:00,user_110,Data analytics session today,#Bengaluru,214,101,43,Bengaluru,Neutral,358
1873,2026-09-26 17:23:00,user_341,Amazing fitness progress,#Bengaluru,268,183,62,Hyderabad,Positive,513
2179,2026-09-26 17:26:00,user_282,Amazing fitness progress,#AI,708,174,89,Mumbai,Positive,971
406,2026-09-26 17:32:00,user_445,Great technology update,#Trending,646,17,14,Hyderabad,Positive,677
4727,2026-09-26 17:44:00,user_326,Excellent cricket match,#DataAnalytics,429,71,61,Bengaluru,Positive,561
882,2026-09-26 17:48:00,user_9,Technology update today,#Cricket,428,189,17,Mumbai,Neutral,634
4540,2026-09-26 18:00:00,user_9,Amazing experience today,#Bengaluru,573,64,38,Hyderabad,Positive,675
5974,2026-09-26 18:00:00,user_52,AI news update,#DataAnalytics,354,155,3,Delhi,Neutral,512
1225,2026-09-26 18:02:00,user_437,Excellent cricket match,#DataAnalytics,899,44,39,Hyderabad,Positive,982
7446,2026-09-26 18:08:00,user_31,Amazing fitness progress,#AI,236,163,52,Mumbai,Positive,451
403,2026-09-26 18:10:00,user_204,Great work by the team,#Technology,246,95,72,Delhi,Positive,413
8505,2026-09-26 18:11:00,user_477,Excellent cricket match,#Fitness,515,17,4,Hyderabad,Positive,536
7821,2026-09-26 18:13:00,user_169,Amazing experience today,#Python,497,124,35,Delhi,Positive,656
8091,2026-09-26 18:14:00,user_223,Amazing fitness progress,#Cricket,679,90,34,Pune,Positive,803
5136,2026-09-26 18:14:00,user_349,Very disappointing result,#Trending,996,64,27,Delhi,Neutral,1087
1562,2026-09-26 18:17:00,user_144,Amazing experience today,#DataAnalytics,880,199,51,Hyderabad,Positive,1130
8310,2026-09-26 18:23:00,user_181,Beautiful day in Bengaluru,#Technology,64,53,13,Delhi,Positive,130
1504,2026-09-26 18:31:00,user_375,Data analytics session today,#Technology,788,57,14,Hyderabad,Neutral,859
4692,2026-09-26 18:31:00,user_431,Fitness workout completed,#Fitness,880,42,7,Mumbai,Neutral,929
6810,2026-09-26 18:37:00,user_168,New information available,#Python,370,69,36,Delhi,Neutral,475
3288,2026-09-26 18:38:00,user_369,Poor performance today,#DataAnalytics,890,116,32,Delhi,Negative,1038
9784,2026-09-26 18:43:00,user_79,Fitness workout completed,#AI,926,109,62,Hyderabad,Neutral,1097
1134,2026-09-26 18:46:00,user_420,Very disappointing result,#Cricket,763,167,59,Hyderabad,Neutral,989
1690,2026-09-26 18:47:00,user_216,Python is really useful,#Fitness,760,119,35,Bengaluru,Neutral,914
2202,2026-09-26 18:50:00,user_149,Bad experience today,#Cricket,501,41,97,Hyderabad,Negative,639
2430,2026-09-26 18:51:00,user_265,I love this new AI tool,#Bengaluru,65,183,28,Pune,Positive,276
1152,2026-09-26 18:53:00,user_329,This failed again,#Fitness,426,148,45,Mumbai,Negative,619
7686,2026-09-26 19:08:00,user_200,Poor performance today,#Cricket,711,104,80,Pune,Negative,895
3618,2026-09-26 19:09:00,user_377,Excellent cricket match,#Fitness,358,80,62,Pune,Positive,500
8441,2026-09-26 19:10:00,user_359,Worst experience ever,#Cricket,966,52,51,Chennai,Negative,1069
3079,2026-09-26 19:17:00,user_144,Great technology update,#Cricket,346,55,24,Mumbai,Positive,425
9503,2026-09-26 19:17:00,user_70,I love this new AI tool,#Fitness,619,110,12,Bengaluru,Positive,741
765,2026-09-26 19:18:00,user_406,Python project discussion,#Cricket,81,73,38,Hyderabad,Neutral,192
7925,2026-09-26 19:24:00,user_100,Excellent cricket match,#Trending,138,135,23,Pune,Positive,296
8548,2026-09-26 19:25:00,user_74,Amazing experience today,#DataAnalytics,169,45,34,Bengaluru,Positive,248
6726,2026-09-26 19:25:00,user_467,Amazing experience today,#AI,564,165,44,Delhi,Positive,773
4787,2026-09-26 19:26:00,user_285,I hate this problem,#Technology,547,6,93,Bengaluru,Negative,646
6827,2026-09-26 19:27:00,user_88,Amazing experience today,#AI,694,161,56,Delhi,Positive,911
7076,2026-09-26 19:29:00,user_429,Data analytics session today,#Cricket,591,193,86,Mumbai,Neutral,870
3248,2026-09-26 19:30:00,user_326,Great work by the team,#Technology,699,36,5,Mumbai,Positive,740
3789,2026-09-26 19:31:00,user_169,Excellent cricket match,#Cricket,678,154,74,Chennai,Positive,906
6340,2026-09-26 19:34:00,user_497,Great work by the team,#Technology,910,173,98,Bengaluru,Positive,1181
635,2026-09-26 19:37:00,user_128,Amazing experience today,#DataAnalytics,533,44,58,Bengaluru,Positive,635
3519,2026-09-26 19:38:00,user_94,Beautiful day in Bengaluru,#Trending,333,115,69,Delhi,Positive,517
6908,2026-09-26 19:40:00,user_16,Python project discussion,#AI,870,42,93,Chennai,Neutral,1005
2027,2026-09-26 19:45:00,user_57,Technology update today,#Bengaluru,968,98,60,Delhi,Neutral,1126
8712,2026-09-26 19:46:00,user_381,This failed again,#AI,250,49,57,Mumbai,Negative,356
799,2026-09-26 19:58:00,user_35,Beautiful day in Bengaluru,#Cricket,879,175,1,Chennai,Positive,1055
9066,2026-09-26 20:08:00,user_479,New information available,#AI,445,102,39,Chennai,Neutral,586
5207,2026-09-26 20:09:00,user_340,Technology update today,#AI,817,71,75,Mumbai,Neutral,963
739,2026-09-26 20:12:00,user_293,New information available,#Technology,406,22,33,Chennai,Neutral,461
9468,2026-09-26 20:14:00,user_291,This failed again,#Bengaluru,833,93,34,Chennai,Negative,960
5193,2026-09-26 20:16:00,user_362,Bad experience today,#Python,695,10,4,Bengaluru,Negative,709
868,2026-09-26 20:23:00,user_443,New information available,#Trending,137,174,27,Mumbai,Neutral,338
4756,2026-09-26 20:23:00,user_253,Python is really useful,#Cricket,474,66,68,Mumbai,Neutral,608
9826,2026-09-26 20:24:00,user_29,Great work by the team,#Fitness,675,180,17,Chennai,Positive,872
3397,2026-09-26 20:29:00,user_457,Amazing fitness progress,#Bengaluru,472,103,88,Hyderabad,Positive,663
5018,2026-09-26 20:30:00,user_9,Great work by the team,#Technology,674,175,52,Delhi,Positive,901
2053,2026-09-26 20:32:00,user_457,AI news update,#Python,596,21,40,Bengaluru,Neutral,657
7778,2026-09-26 20:41:00,user_451,Beautiful day in Bengaluru,#Fitness,880,24,7,Bengaluru,Positive,911
3234,2026-09-26 20:47:00,user_320,Great work by the team,#Technology,263,76,88,Chennai,Positive,427
2854,2026-09-26 20:55:00,user_360,Python project discussion,#Bengaluru,942,49,7,Pune,Neutral,998
7563,2026-09-26 20:56:00,user_433,Python project discussion,#Trending,241,34,56,Mumbai,Neutral,331
3416,2026-09-26 20:57:00,user_285,Amazing experience today,#Python,366,1,40,Bengaluru,Positive,407
1960,2026-09-26 21:00:00,user_495,Amazing experience today,#DataAnalytics,735,104,10,Pune,Positive,849
7717,2026-09-26 21:00:00,user_43,Beautiful day in Bengaluru,#Technology,474,48,33,Chennai,Positive,555
7061,2026-09-26 21:03:00,user_78,Poor performance today,#Trending,504,159,55,Mumbai,Negative,718
9186,2026-09-26 21:06:00,user_412,Very disappointing result,#Technology,34,54,20,Bengaluru,Neutral,108
9987,2026-09-26 21:06:00,user_164,I hate this problem,#Trending,106,122,59,Delhi,Negative,287
9521,2026-09-26 21:26:00,user_253,Excellent cricket match,#Python,606,102,90,Mumbai,Positive,798
2089,2026-09-26 21:33:00,user_121,Fitness workout completed,#Technology,139,182,21,Mumbai,Neutral,342
2467,2026-09-26 21:37:00,user_382,Cricket match scheduled today,#Fitness,519,180,94,Mumbai,Neutral,793
2147,2026-09-26 21:45:00,user_246,Great technology update,#Bengaluru,62,90,76,Hyderabad,Positive,228
1243,2026-09-26 21:47:00,user_262,Beautiful day in Bengaluru,#Cricket,294,89,1,Delhi,Positive,384
2815,2026-09-26 21:51:00,user_55,Worst experience ever,#Python,758,195,94,Bengaluru,Negative,1047
1898,2026-09-26 21:56:00,user_285,Great technology update,#Fitness,410,76,11,Delhi,Positive,497
2410,2026-09-26 21:58:00,user_495,Excellent cricket match,#Bengaluru,355,101,9,Pune,Positive,465
1848,2026-09-26 22:04:00,user_290,Fitness workout completed,#Bengaluru,793,183,100,Pune,Neutral,1076
5619,2026-09-26 22:13:00,user_301,Data analytics session today,#Python,228,166,92,Delhi,Neutral,486
9876,2026-09-26 22:19:00,user_478,Amazing experience today,#Bengaluru,355,40,82,Delhi,Positive,477
8759,2026-09-26 22:22:00,user_158,Fitness workout completed,#Technology,324,61,72,Hyderabad,Neutral,457
5407,2026-09-26 22:37:00,user_215,Great technology update,#Technology,865,170,81,Delhi,Positive,1116
9345,2026-09-26 22:38:00,user_391,Excellent cricket match,#AI,424,173,14,Mumbai,Positive,611
781,2026-09-26 22:40:00,user_353,Excellent cricket match,#Trending,159,157,2,Chennai,Positive,318
7789,2026-09-26 22:43:00,user_477,Weather update from Bengaluru,#Fitness,793,157,49,Delhi,Neutral,999
3614,2026-09-26 22:45:00,user_443,Cricket match scheduled today,#Bengaluru,681,5,5,Mumbai,Neutral,691
6378,2026-09-26 22:49:00,user_247,Excellent cricket match,#Cricket,265,70,57,Hyderabad,Positive,392
6851,2026-09-26 22:49:00,user_110,Beautiful day in Bengaluru,#Fitness,772,123,29,Bengaluru,Positive,924
5697,2026-09-26 22:50:00,user_474,I love this new AI tool,#DataAnalytics,379,112,85,Bengaluru,Positive,576
7822,2026-09-26 22:54:00,user_212,Weather update from Bengaluru,#Technology,278,126,81,Hyderabad,Neutral,485
7420,2026-09-26 22:55:00,user_364,Terrible service,#DataAnalytics,111,182,37,Mumbai,Negative,330
7040,2026-09-26 23:02:00,user_154,I am angry about this,#Python,861,44,20,Delhi,Negative,925
9399,2026-09-26 23:09:00,user_246,New information available,#Python,189,42,9,Chennai,Neutral,240
8885,2026-09-26 23:12:00,user_128,This failed again,#Trending,950,10,82,Bengaluru,Negative,1042
8714,2026-09-26 23:12:00,user_264,Excellent cricket match,#AI,442,2,34,Delhi,Positive,478
9556,2026-09-26 23:15:00,user_147,Great technology update,#Python,78,192,66,Delhi,Positive,336
5149,2026-09-26 23:20:00,user_190,Amazing experience today,#Fitness,798,119,87,Mumbai,Positive,1004
8689,2026-09-26 23:21:00,user_374,Weather update from Bengaluru,#Python,544,31,81,Delhi,Neutral,656
6283,2026-09-26 23:32:00,user_420,Excellent cricket match,#Cricket,122,26,64,Mumbai,Positive,212
8443,2026-09-26 23:33:00,user_243,Excellent cricket match,#Technology,547,7,24,Bengaluru,Positive,578
7566,2026-09-26 23:34:00,user_346,Beautiful day in Bengaluru,#Fitness,827,28,26,Chennai,Positive,881
6285,2026-09-26 23:35:00,user_413,Great work by the team,#Python,878,118,89,Hyderabad,Positive,1085
8722,2026-09-26 23:39:00,user_442,Great technology update,#Fitness,265,30,28,Chennai,Positive,323
4472,2026-09-26 23:46:00,user_123,Cricket match scheduled today,#DataAnalytics,617,165,83,Chennai,Neutral,865
6092,2026-09-26 23:53:00,user_323,AI news update,#AI,69,17,17,Bengaluru,Neutral,103
1586,2026-09-26 23:56:00,user_343,Data analytics session today,#Fitness,114,129,76,Pune,Neutral,319
4867,2026-09-26 23:56:00,user_50,This failed again,#Python,302,12,67,Pune,Negative,381
5056,2026-09-27 00:11:00,user_1,Weather update from Bengaluru,#AI,271,42,76,Chennai,Neutral,389
8431,2026-09-27 00:11:00,user_82,Very disappointing result,#Technology,63,46,36,Mumbai,Neutral,145
2855,2026-09-27 00:11:00,user_358,Data analytics session today,#Cricket,607,50,97,Hyderabad,Neutral,754
1686,2026-09-27 00:16:00,user_330,Python is really useful,#Fitness,883,41,7,Bengaluru,Neutral,931
377,2026-09-27 00:21:00,user_195,Great technology update,#AI,184,65,1,Mumbai,Positive,250
1297,2026-09-27 00:21:00,user_426,Excellent cricket match,#Trending,655,154,16,Delhi,Positive,825
5674,2026-09-27 00:25:00,user_439,Beautiful day in Bengaluru,#Trending,591,179,47,Pune,Positive,817
9908,2026-09-27 00:30:00,user_224,AI news update,#Trending,972,155,6,Chennai,Neutral,1133
9055,2026-09-27 00:33:00,user_275,Great technology update,#Bengaluru,14,69,74,Bengaluru,Positive,157
1106,2026-09-27 00:43:00,user_411,I hate this problem,#Fitness,924,68,83,Pune,Negative,1075
8691,2026-09-27 00:43:00,user_259,Terrible service,#Fitness,124,23,50,Bengaluru,Negative,197
7219,2026-09-27 00:51:00,user_15,Python is really useful,#Python,528,40,56,Pune,Neutral,624
8051,2026-09-27 00:52:00,user_349,New information available,#Cricket,559,21,54,Hyderabad,Neutral,634
8665,2026-09-27 00:56:00,user_106,Worst experience ever,#DataAnalytics,559,35,35,Hyderabad,Negative,629
5823,2026-09-27 00:57:00,user_445,This failed again,#Bengaluru,152,172,29,Hyderabad,Negative,353
5757,2026-09-27 00:59:00,user_81,Cricket match scheduled today,#Python,873,50,58,Delhi,Neutral,981
8567,2026-09-27 01:02:00,user_219,Weather update from Bengaluru,#Cricket,688,160,81,Pune,Neutral,929
7062,2026-09-27 01:05:00,user_388,Python is really useful,#Technology,611,119,63,Bengaluru,Neutral,793
8599,2026-09-27 01:11:00,user_100,Great technology update,#DataAnalytics,58,74,30,Bengaluru,Positive,162
9341,2026-09-27 01:11:00,user_131,Great work by the team,#Bengaluru,886,110,1,Pune,Positive,997
8144,2026-09-27 01:15:00,user_35,This failed again,#AI,430,43,38,Pune,Negative,511
4862,2026-09-27 01:15:00,user_339,Terrible service,#Python,444,109,25,Hyderabad,Negative,578
8172,2026-09-27 01:26:00,user_1,Great work by the team,#Fitness,249,55,1,Bengaluru,Positive,305
7428,2026-09-27 01:30:00,user_234,Amazing fitness progress,#Cricket,843,102,16,Mumbai,Positive,961
660,2026-09-27 01:32:00,user_421,Great work by the team,#Cricket,506,172,98,Chennai,Positive,776
788,2026-09-27 01:39:00,user_123,Beautiful day in Bengaluru,#AI,491,173,45,Delhi,Positive,709
2914,2026-09-27 01:46:00,user_206,Python is really useful,#Fitness,581,142,35,Delhi,Neutral,758
6417,2026-09-27 01:46:00,user_471,Worst experience ever,#AI,552,32,73,Chennai,Negative,657
3771,2026-09-27 01:48:00,user_201,Great work by the team,#Python,311,45,42,Chennai,Positive,398
9979,2026-09-27 02:08:00,user_457,Data analytics session today,#Python,636,15,47,Delhi,Neutral,698
701,2026-09-27 02:09:00,user_191,Amazing fitness progress,#Bengaluru,655,159,39,Delhi,Positive,853
4761,2026-09-27 02:15:00,user_118,Data analytics session today,#Technology,684,96,82,Delhi,Neutral,862
5835,2026-09-27 02:16:00,user_453,Technology update today,#Trending,337,88,84,Delhi,Neutral,509
1784,2026-09-27 02:17:00,user_443,I am angry about this,#Cricket,109,92,17,Bengaluru,Negative,218
3616,2026-09-27 02:18:00,user_43,Python is really useful,#DataAnalytics,993,58,61,Bengaluru,Neutral,1112
8455,2026-09-27 02:19:00,user_181,Beautiful day in Bengaluru,#Fitness,676,43,84,Delhi,Positive,803
7919,2026-09-27 02:21:00,user_381,I love this new AI tool,#Fitness,999,118,29,Bengaluru,Positive,1146
4418,2026-09-27 02:33:00,user_265,Technology update today,#Python,964,187,49,Chennai,Neutral,1200
1912,2026-09-27 02:34:00,user_184,Great technology update,#Bengaluru,969,94,66,Bengaluru,Positive,1129
6718,2026-09-27 02:35:00,user_314,Amazing fitness progress,#DataAnalytics,714,151,21,Hyderabad,Positive,886
3095,2026-09-27 02:41:00,user_340,AI news update,#Python,912,103,33,Mumbai,Neutral,1048
2033,2026-09-27 02:48:00,user_179,Great technology update,#Python,449,192,14,Delhi,Positive,655
7943,2026-09-27 02:49:00,user_86,Poor performance today,#Python,606,108,88,Delhi,Negative,802
5552,2026-09-27 02:50:00,user_254,Data analytics session today,#Bengaluru,173,103,70,Chennai,Neutral,346
4615,2026-09-27 02:54:00,user_350,Python is really useful,#Technology,625,139,63,Delhi,Neutral,827
4466,2026-09-27 02:56:00,user_389,Great technology update,#DataAnalytics,117,10,99,Bengaluru,Positive,226
5803,2026-09-27 02:57:00,user_316,This failed again,#Fitness,516,90,29,Delhi,Negative,635
405,2026-09-27 02:58:00,user_268,Great work by the team,#Python,928,115,21,Bengaluru,Positive,1064
3637,2026-09-27 03:01:00,user_76,New information available,#Technology,15,77,18,Chennai,Neutral,110
2019,2026-09-27 03:02:00,user_275,Cricket match scheduled today,#Technology,528,167,9,Hyderabad,Neutral,704
9434,2026-09-27 03:09:00,user_217,Python is really useful,#Bengaluru,989,131,6,Pune,Neutral,1126
4734,2026-09-27 03:12:00,user_299,Excellent cricket match,#Trending,290,105,39,Pune,Positive,434
4843,2026-09-27 03:34:00,user_412,I am angry about this,#Cricket,873,153,4,Hyderabad,Negative,1030
988,2026-09-27 03:34:00,user_204,Terrible service,#DataAnalytics,452,159,4,Hyderabad,Negative,615
6237,2026-09-27 03:39:00,user_180,Very disappointing result,#Bengaluru,563,81,47,Mumbai,Neutral,691
8749,2026-09-27 03:40:00,user_84,Great technology update,#Cricket,328,37,1,Chennai,Positive,366
3434,2026-09-27 03:45:00,user_211,Terrible service,#Fitness,538,168,70,Pune,Negative,776
2329,2026-09-27 03:45:00,user_61,Amazing experience today,#Fitness,47,63,31,Chennai,Positive,141
1395,2026-09-27 03:55:00,user_151,Weather update from Bengaluru,#DataAnalytics,15,176,11,Pune,Neutral,202
1669,2026-09-27 03:56:00,user_78,Terrible service,#Technology,678,72,14,Bengaluru,Negative,764
9267,2026-09-27 03:59:00,user_307,Weather update from Bengaluru,#Bengaluru,28,197,68,Pune,Neutral,293
1005,2026-09-27 04:05:00,user_180,I hate this problem,#Python,500,67,53,Hyderabad,Negative,620
1535,2026-09-27 04:15:00,user_56,Python is really useful,#DataAnalytics,372,82,26,Delhi,Neutral,480
1097,2026-09-27 04:25:00,user_4,Amazing experience today,#Trending,960,36,97,Chennai,Positive,1093
9899,2026-09-27 04:30:00,user_381,Great technology update,#Fitness,606,44,2,Chennai,Positive,652
6427,2026-09-27 04:33:00,user_105,Python is really useful,#Trending,385,183,6,Delhi,Neutral,574
4708,2026-09-27 04:37:00,user_330,Python is really useful,#Bengaluru,590,124,1,Chennai,Neutral,715
6338,2026-09-27 04:37:00,user_342,Amazing experience today,#Bengaluru,66,26,13,Chennai,Positive,105
5147,2026-09-27 04:39:00,user_112,Excellent cricket match,#DataAnalytics,518,117,18,Pune,Positive,653
3696,2026-09-27 04:49:00,user_457,Amazing fitness progress,#Fitness,984,59,47,Mumbai,Positive,1090
3299,2026-09-27 04:50:00,user_35,Data analytics session today,#Trending,857,37,72,Pune,Neutral,966
6713,2026-09-27 04:52:00,user_411,Amazing experience today,#Trending,295,34,48,Delhi,Positive,377
8809,2026-09-27 04:53:00,user_356,Great technology update,#Bengaluru,725,147,100,Bengaluru,Positive,972
7551,2026-09-27 04:54:00,user_365,Great work by the team,#Trending,527,149,41,Delhi,Positive,717
8462,2026-09-27 04:56:00,user_172,Very disappointing result,#Fitness,77,46,70,Chennai,Neutral,193
6970,2026-09-27 04:57:00,user_124,Fitness workout completed,#Python,119,110,88,Delhi,Neutral,317
8024,2026-09-27 05:03:00,user_380,Great work by the team,#DataAnalytics,298,4,23,Mumbai,Positive,325
7620,2026-09-27 05:11:00,user_213,Weather update from Bengaluru,#Python,641,75,21,Chennai,Neutral,737
4180,2026-09-27 05:11:00,user_334,Beautiful day in Bengaluru,#AI,531,109,23,Chennai,Positive,663
9121,2026-09-27 05:13:00,user_258,Fitness workout completed,#DataAnalytics,397,36,89,Hyderabad,Neutral,522
3798,2026-09-27 05:16:00,user_334,Terrible service,#Fitness,300,5,54,Chennai,Negative,359
1366,2026-09-27 05:20:00,user_253,Great technology update,#Technology,791,195,95,Chennai,Positive,1081
3479,2026-09-27 05:21:00,user_85,AI news update,#Python,223,165,44,Pune,Neutral,432
4184,2026-09-27 05:22:00,user_421,Worst experience ever,#AI,579,183,76,Delhi,Negative,838
1319,2026-09-27 05:24:00,user_346,Poor performance today,#Technology,492,92,46,Chennai,Negative,630
7203,2026-09-27 05:35:00,user_36,Fitness workout completed,#AI,114,73,94,Bengaluru,Neutral,281
9484,2026-09-27 05:40:00,user_10,New information available,#Bengaluru,368,118,37,Chennai,Neutral,523
783,2026-09-27 05:41:00,user_96,Data analytics session today,#Bengaluru,109,18,73,Chennai,Neutral,200
8283,2026-09-27 05:44:00,user_413,Python is really useful,#Python,988,96,12,Mumbai,Neutral,1096
8900,2026-09-27 05:45:00,user_112,I am angry about this,#Bengaluru,98,178,99,Chennai,Negative,375
5463,2026-09-27 05:50:00,user_91,Beautiful day in Bengaluru,#Bengaluru,857,165,5,Hyderabad,Positive,1027
1891,2026-09-27 05:51:00,user_423,Python project discussion,#Cricket,279,86,90,Hyderabad,Neutral,455
3817,2026-09-27 05:55:00,user_473,Terrible service,#DataAnalytics,28,91,81,Hyderabad,Negative,200
3466,2026-09-27 05:57:00,user_316,Python is really useful,#AI,212,2,28,Bengaluru,Neutral,242
3983,2026-09-27 05:58:00,user_499,AI news update,#Bengaluru,866,72,57,Mumbai,Neutral,995
84,2026-09-27 06:02:00,user_252,Amazing fitness progress,#Trending,464,36,22,Bengaluru,Positive,522
6460,2026-09-27 06:07:00,user_170,Python project discussion,#Cricket,290,20,68,Pune,Neutral,378
4291,2026-09-27 06:09:00,user_293,Data analytics session today,#Trending,684,47,70,Mumbai,Neutral,801
7213,2026-09-27 06:19:00,user_252,Excellent cricket match,#Python,457,171,59,Delhi,Positive,687
7588,2026-09-27 06:21:00,user_427,Python is really useful,#Bengaluru,835,53,38,Pune,Neutral,926
706,2026-09-27 06:25:00,user_379,Python is really useful,#Python,202,120,37,Chennai,Neutral,359
6199,2026-09-27 06:31:00,user_204,Fitness workout completed,#Technology,175,98,7,Chennai,Neutral,280
9145,2026-09-27 06:33:00,user_135,AI news update,#Trending,979,96,33,Mumbai,Neutral,1108
7666,2026-09-27 06:37:00,user_272,Poor performance today,#Technology,710,193,31,Hyderabad,Negative,934
6692,2026-09-27 06:38:00,user_261,Beautiful day in Bengaluru,#Bengaluru,919,39,36,Pune,Positive,994
1189,2026-09-27 06:39:00,user_228,AI news update,#Python,181,43,28,Chennai,Neutral,252
4018,2026-09-27 06:45:00,user_64,New information available,#Technology,141,188,1,Chennai,Neutral,330
9396,2026-09-27 06:46:00,user_272,Worst experience ever,#Technology,799,194,45,Hyderabad,Negative,1038
5436,2026-09-27 06:51:00,user_24,I love this new AI tool,#Trending,589,119,22,Pune,Positive,730
1639,2026-09-27 06:53:00,user_8,Python project discussion,#Technology,887,163,100,Mumbai,Neutral,1150
3808,2026-09-27 06:56:00,user_205,Very disappointing result,#DataAnalytics,981,29,1,Chennai,Neutral,1011
7503,2026-09-27 06:58:00,user_2,I love this new AI tool,#Bengaluru,134,92,94,Mumbai,Positive,320
4688,2026-09-27 07:03:00,user_160,Weather update from Bengaluru,#Fitness,200,5,26,Hyderabad,Neutral,231
1659,2026-09-27 07:09:00,user_323,Fitness workout completed,#Technology,748,111,7,Mumbai,Neutral,866
6610,2026-09-27 07:10:00,user_407,New information available,#Fitness,377,179,75,Hyderabad,Neutral,631
4556,2026-09-27 07:15:00,user_483,Great work by the team,#Python,876,193,28,Bengaluru,Positive,1097
1110,2026-09-27 07:20:00,user_67,Amazing experience today,#Python,381,183,18,Delhi,Positive,582
1025,2026-09-27 07:26:00,user_405,Excellent cricket match,#Fitness,157,188,28,Bengaluru,Positive,373
1141,2026-09-27 07:32:00,user_164,Great technology update,#Python,92,129,49,Chennai,Positive,270
262,2026-09-27 07:49:00,user_57,Fitness workout completed,#Technology,18,189,49,Delhi,Neutral,256
6835,2026-09-27 07:51:00,user_170,New information available,#Trending,403,68,38,Delhi,Neutral,509
4228,2026-09-27 07:56:00,user_453,Data analytics session today,#Python,368,39,53,Chennai,Neutral,460
655,2026-09-27 07:59:00,user_180,Great technology update,#Fitness,343,17,83,Hyderabad,Positive,443
8132,2026-09-27 08:07:00,user_401,Python project discussion,#Technology,407,47,90,Mumbai,Neutral,544
7575,2026-09-27 08:07:00,user_43,I hate this problem,#Technology,671,74,40,Hyderabad,Negative,785
6998,2026-09-27 08:08:00,user_156,Excellent cricket match,#AI,189,123,94,Chennai,Positive,406
9854,2026-09-27 08:08:00,user_230,Excellent cricket match,#Technology,478,186,70,Bengaluru,Positive,734
1906,2026-09-27 08:12:00,user_199,Weather update from Bengaluru,#AI,767,98,25,Chennai,Neutral,890
1098,2026-09-27 08:15:00,user_349,Bad experience today,#Trending,352,181,89,Pune,Negative,622
1512,2026-09-27 08:18:00,user_162,Terrible service,#DataAnalytics,356,139,59,Bengaluru,Negative,554
6202,2026-09-27 08:19:00,user_299,Technology update today,#Python,177,88,69,Delhi,Neutral,334
5484,2026-09-27 08:19:00,user_309,Amazing fitness progress,#Cricket,651,12,46,Mumbai,Positive,709
7877,2026-09-27 08:20:00,user_353,Data analytics session today,#Technology,450,87,82,Delhi,Neutral,619
8709,2026-09-27 08:25:00,user_192,Amazing experience today,#Trending,926,167,49,Delhi,Positive,1142
9370,2026-09-27 08:27:00,user_218,Fitness workout completed,#Trending,713,184,22,Chennai,Neutral,919
5165,2026-09-27 08:30:00,user_373,Data analytics session today,#Technology,925,146,8,Chennai,Neutral,1079
3384,2026-09-27 08:34:00,user_13,Beautiful day in Bengaluru,#Technology,110,173,95,Hyderabad,Positive,378
1640,2026-09-27 08:38:00,user_497,Great technology update,#Cricket,443,18,23,Bengaluru,Positive,484
4621,2026-09-27 08:48:00,user_365,Python is really useful,#Technology,341,194,92,Pune,Neutral,627
3517,2026-09-27 08:50:00,user_234,Amazing fitness progress,#Bengaluru,352,76,84,Delhi,Positive,512
3924,2026-09-27 08:52:00,user_8,Data analytics session today,#Fitness,861,24,46,Mumbai,Neutral,931
2962,2026-09-27 08:52:00,user_14,Amazing fitness progress,#Bengaluru,358,79,39,Hyderabad,Positive,476
6589,2026-09-27 08:58:00,user_273,Python is really useful,#Fitness,348,77,87,Hyderabad,Neutral,512
8860,2026-09-27 09:17:00,user_323,I love this new AI tool,#Cricket,411,100,81,Hyderabad,Positive,592
6561,2026-09-27 09:18:00,user_48,Beautiful day in Bengaluru,#Trending,217,97,45,Mumbai,Positive,359
5614,2026-09-27 09:24:00,user_292,I love this new AI tool,#DataAnalytics,176,90,40,Pune,Positive,306
7992,2026-09-27 09:31:00,user_19,Fitness workout completed,#Cricket,32,146,77,Chennai,Neutral,255
4750,2026-09-27 09:35:00,user_221,Technology update today,#AI,390,18,30,Pune,Neutral,438
4112,2026-09-27 09:36:00,user_299,Python is really useful,#Technology,335,34,41,Pune,Neutral,410
784,2026-09-27 09:38:00,user_179,Amazing fitness progress,#Fitness,534,37,82,Delhi,Positive,653
6295,2026-09-27 09:42:00,user_146,Excellent cricket match,#Trending,937,8,28,Mumbai,Positive,973
6995,2026-09-27 09:43:00,user_202,Amazing experience today,#Fitness,26,181,20,Bengaluru,Positive,227
1863,2026-09-27 09:51:00,user_5,Bad experience today,#Cricket,907,196,32,Hyderabad,Negative,1135
1130,2026-09-27 09:54:00,user_173,I love this new AI tool,#Cricket,74,57,10,Pune,Positive,141
3485,2026-09-27 10:04:00,user_493,I love this new AI tool,#Cricket,275,117,44,Mumbai,Positive,436
5112,2026-09-27 10:11:00,user_379,Weather update from Bengaluru,#Technology,441,13,46,Chennai,Neutral,500
7614,2026-09-27 10:20:00,user_78,Bad experience today,#DataAnalytics,432,5,55,Mumbai,Negative,492
5048,2026-09-27 10:21:00,user_202,Poor performance today,#Technology,366,85,8,Bengaluru,Negative,459
5520,2026-09-27 10:26:00,user_127,Fitness workout completed,#DataAnalytics,651,10,73,Pune,Neutral,734
4823,2026-09-27 10:37:00,user_96,Bad experience today,#Cricket,277,198,64,Pune,Negative,539
833,2026-09-27 10:38:00,user_172,Python project discussion,#Cricket,352,128,33,Delhi,Neutral,513
5483,2026-09-27 10:43:00,user_246,Excellent cricket match,#Bengaluru,590,106,26,Delhi,Positive,722
2103,2026-09-27 10:54:00,user_245,Amazing fitness progress,#Bengaluru,985,145,9,Chennai,Positive,1139
5544,2026-09-27 10:56:00,user_193,Great work by the team,#DataAnalytics,335,185,15,Mumbai,Positive,535
8094,2026-09-27 10:59:00,user_71,Great technology update,#Cricket,595,128,69,Hyderabad,Positive,792
6913,2026-09-27 11:02:00,user_361,New information available,#Trending,793,117,39,Chennai,Neutral,949
4272,2026-09-27 11:09:00,user_110,Amazing fitness progress,#Python,23,162,72,Hyderabad,Positive,257
9790,2026-09-27 11:09:00,user_32,I am angry about this,#AI,740,119,38,Mumbai,Negative,897
7074,2026-09-27 11:13:00,user_465,This failed again,#Python,313,139,50,Chennai,Negative,502
3364,2026-09-27 11:15:00,user_96,Weather update from Bengaluru,#Fitness,752,180,92,Chennai,Neutral,1024
6856,2026-09-27 11:18:00,user_253,Beautiful day in Bengaluru,#Technology,500,8,70,Hyderabad,Positive,578
4600,2026-09-27 11:22:00,user_393,Data analytics session today,#AI,432,98,43,Mumbai,Neutral,573
253,2026-09-27 11:27:00,user_257,Excellent cricket match,#Cricket,916,130,86,Bengaluru,Positive,1132
675,2026-09-27 11:37:00,user_455,Bad experience today,#DataAnalytics,992,6,69,Pune,Negative,1067
9045,2026-09-27 11:41:00,user_436,Great technology update,#Trending,849,81,57,Pune,Positive,987
9400,2026-09-27 11:43:00,user_352,Python project discussion,#DataAnalytics,173,108,38,Mumbai,Neutral,319
6862,2026-09-27 11:44:00,user_467,Amazing experience today,#DataAnalytics,417,18,68,Bengaluru,Positive,503
3128,2026-09-27 11:50:00,user_116,Worst experience ever,#Technology,204,31,50,Chennai,Negative,285
2903,2026-09-27 11:51:00,user_450,New information available,#Cricket,866,32,6,Pune,Neutral,904
2367,2026-09-27 11:55:00,user_146,Technology update today,#Python,391,105,25,Delhi,Neutral,521
9845,2026-09-27 11:59:00,user_369,Cricket match scheduled today,#DataAnalytics,388,74,69,Delhi,Neutral,531
4611,2026-09-27 12:00:00,user_238,Python is really useful,#DataAnalytics,830,11,77,Bengaluru,Neutral,918
3633,2026-09-27 12:04:00,user_464,AI news update,#Bengaluru,627,111,45,Hyderabad,Neutral,783
8456,2026-09-27 12:06:00,user_271,Amazing fitness progress,#Cricket,439,183,35,Pune,Positive,657
677,2026-09-27 12:19:00,user_97,Great technology update,#Fitness,218,137,24,Delhi,Positive,379
7595,2026-09-27 12:22:00,user_77,Amazing experience today,#AI,993,12,94,Delhi,Positive,1099
1815,2026-09-27 12:36:00,user_459,Great work by the team,#Trending,106,33,25,Delhi,Positive,164
4965,2026-09-27 12:46:00,user_374,Data analytics session today,#Python,711,11,20,Chennai,Neutral,742
8965,2026-09-27 12:51:00,user_468,Python project discussion,#Python,596,137,53,Mumbai,Neutral,786
9300,2026-09-27 13:02:00,user_331,Fitness workout completed,#DataAnalytics,22,130,61,Hyderabad,Neutral,213
5669,2026-09-27 13:04:00,user_208,Very disappointing result,#Trending,930,141,53,Mumbai,Neutral,1124
183,2026-09-27 13:16:00,user_49,Python project discussion,#Python,954,126,84,Mumbai,Neutral,1164
1545,2026-09-27 13:17:00,user_376,Data analytics session today,#AI,651,69,61,Bengaluru,Neutral,781
803,2026-09-27 13:20:00,user_175,Amazing fitness progress,#Technology,536,132,63,Bengaluru,Positive,731
9408,2026-09-27 13:29:00,user_329,Technology update today,#Bengaluru,256,122,42,Mumbai,Neutral,420
8767,2026-09-27 13:33:00,user_427,Python is really useful,#AI,564,90,78,Pune,Neutral,732
9717,2026-09-27 13:38:00,user_295,Python is really useful,#Bengaluru,103,144,71,Pune,Neutral,318
7639,2026-09-27 13:40:00,user_87,Amazing experience today,#Fitness,237,176,94,Mumbai,Positive,507
9773,2026-09-27 13:40:00,user_278,Weather update from Bengaluru,#AI,384,151,63,Bengaluru,Neutral,598
7353,2026-09-27 13:40:00,user_201,This failed again,#Python,974,102,58,Bengaluru,Negative,1134
2069,2026-09-27 13:42:00,user_140,Python is really useful,#Python,686,188,45,Delhi,Neutral,919
2635,2026-09-27 13:53:00,user_78,Bad experience today,#Technology,698,179,61,Chennai,Negative,938
3393,2026-09-27 13:56:00,user_130,Excellent cricket match,#Cricket,258,189,30,Mumbai,Positive,477
6248,2026-09-27 13:56:00,user_312,Cricket match scheduled today,#Technology,314,12,59,Chennai,Neutral,385
101,2026-09-27 13:59:00,user_384,Weather update from Bengaluru,#Python,16,40,60,Hyderabad,Neutral,116
4813,2026-09-27 13:59:00,user_456,Terrible service,#DataAnalytics,469,200,78,Delhi,Negative,747
7743,2026-09-27 14:00:00,user_36,Bad experience today,#Cricket,262,37,12,Bengaluru,Negative,311
4005,2026-09-27 14:04:00,user_98,I love this new AI tool,#Technology,553,160,18,Hyderabad,Positive,731
4837,2026-09-27 14:05:00,user_153,Very disappointing result,#Fitness,914,72,99,Chennai,Neutral,1085
9887,2026-09-27 14:11:00,user_115,Cricket match scheduled today,#Cricket,700,182,32,Pune,Neutral,914
2219,2026-09-27 14:15:00,user_5,Poor performance today,#Fitness,905,153,96,Bengaluru,Negative,1154
8196,2026-09-27 14:20:00,user_444,AI news update,#Bengaluru,296,15,72,Mumbai,Neutral,383
4684,2026-09-27 14:22:00,user_197,AI news update,#DataAnalytics,582,195,55,Pune,Neutral,832
5255,2026-09-27 14:27:00,user_73,Amazing fitness progress,#Fitness,266,23,49,Hyderabad,Positive,338
1975,2026-09-27 14:27:00,user_4,Great technology update,#Cricket,488,106,19,Bengaluru,Positive,613
6745,2026-09-27 14:35:00,user_353,Weather update from Bengaluru,#DataAnalytics,396,184,26,Bengaluru,Neutral,606
9931,2026-09-27 14:44:00,user_336,Great technology update,#Trending,26,8,82,Chennai,Positive,116
1980,2026-09-27 14:46:00,user_56,I am angry about this,#Fitness,558,40,49,Bengaluru,Negative,647
510,2026-09-27 14:52:00,user_177,Beautiful day in Bengaluru,#Fitness,254,101,89,Chennai,Positive,444
9703,2026-09-27 14:53:00,user_338,Great work by the team,#Bengaluru,373,33,20,Pune,Positive,426
2891,2026-09-27 14:54:00,user_308,I love this new AI tool,#DataAnalytics,20,131,13,Mumbai,Positive,164
2310,2026-09-27 14:57:00,user_174,Weather update from Bengaluru,#DataAnalytics,616,180,8,Hyderabad,Neutral,804
7209,2026-09-27 15:00:00,user_138,This failed again,#Fitness,116,147,56,Delhi,Negative,319
8016,2026-09-27 15:04:00,user_190,This failed again,#Trending,968,90,14,Hyderabad,Negative,1072
1850,2026-09-27 15:10:00,user_109,Beautiful day in Bengaluru,#DataAnalytics,186,68,55,Pune,Positive,309
9606,2026-09-27 15:11:00,user_60,I am angry about this,#AI,750,114,11,Hyderabad,Negative,875
3846,2026-09-27 15:14:00,user_487,Python is really useful,#Technology,453,176,22,Delhi,Neutral,651
3256,2026-09-27 15:16:00,user_298,Worst experience ever,#Python,662,18,58,Mumbai,Negative,738
7191,2026-09-27 15:25:00,user_294,Technology update today,#Python,473,79,76,Hyderabad,Neutral,628
2292,2026-09-27 15:34:00,user_149,Great technology update,#Fitness,301,191,20,Hyderabad,Positive,512
7968,2026-09-27 15:35:00,user_215,New information available,#Python,500,143,23,Pune,Neutral,666
3450,2026-09-27 15:42:00,user_466,AI news update,#Cricket,131,102,97,Chennai,Neutral,330
8351,2026-09-27 15:43:00,user_10,Great work by the team,#Technology,879,73,74,Pune,Positive,1026
3165,2026-09-27 15:47:00,user_393,Technology update today,#DataAnalytics,503,141,42,Delhi,Neutral,686
5332,2026-09-27 15:53:00,user_74,I love this new AI tool,#Technology,412,174,87,Bengaluru,Positive,673
6114,2026-09-27 15:57:00,user_33,Amazing experience today,#AI,425,85,81,Mumbai,Positive,591
946,2026-09-27 16:07:00,user_360,Great technology update,#DataAnalytics,668,20,1,Bengaluru,Positive,689
4046,2026-09-27 16:08:00,user_205,Beautiful day in Bengaluru,#Fitness,190,172,35,Bengaluru,Positive,397
8944,2026-09-27 16:11:00,user_477,Technology update today,#Fitness,402,169,97,Delhi,Neutral,668
8198,2026-09-27 16:20:00,user_139,Beautiful day in Bengaluru,#AI,576,35,14,Delhi,Positive,625
3030,2026-09-27 16:22:00,user_461,Technology update today,#Cricket,733,95,99,Pune,Neutral,927
1272,2026-09-27 16:25:00,user_472,AI news update,#Python,223,34,75,Pune,Neutral,332
7421,2026-09-27 16:41:00,user_305,Beautiful day in Bengaluru,#Fitness,521,119,23,Delhi,Positive,663
9743,2026-09-27 16:48:00,user_100,Python is really useful,#Python,876,38,79,Chennai,Neutral,993
6406,2026-09-27 16:57:00,user_273,Amazing fitness progress,#Bengaluru,905,81,67,Bengaluru,Positive,1053
8220,2026-09-27 17:01:00,user_301,Beautiful day in Bengaluru,#AI,229,94,10,Mumbai,Positive,333
6932,2026-09-27 17:06:00,user_267,I love this new AI tool,#Trending,389,56,53,Hyderabad,Positive,498
8387,2026-09-27 17:10:00,user_389,I love this new AI tool,#Fitness,575,6,27,Mumbai,Positive,608
4288,2026-09-27 17:12:00,user_197,I love this new AI tool,#Fitness,434,97,83,Pune,Positive,614
1691,2026-09-27 17:12:00,user_123,Python is really useful,#Bengaluru,184,189,9,Pune,Neutral,382
4830,2026-09-27 17:13:00,user_128,I hate this problem,#Python,356,155,96,Hyderabad,Negative,607
5689,2026-09-27 17:13:00,user_64,Terrible service,#DataAnalytics,617,125,9,Bengaluru,Negative,751
8285,2026-09-27 17:20:00,user_287,Weather update from Bengaluru,#Cricket,727,85,59,Delhi,Neutral,871
3468,2026-09-27 17:24:00,user_294,Data analytics session today,#Trending,304,120,78,Hyderabad,Neutral,502
6115,2026-09-27 17:29:00,user_197,Great technology update,#Python,228,117,24,Pune,Positive,369
6513,2026-09-27 17:31:00,user_33,I love this new AI tool,#Cricket,50,18,93,Hyderabad,Positive,161
7135,2026-09-27 17:31:00,user_366,Great technology update,#Cricket,23,73,18,Pune,Positive,114
3595,2026-09-27 17:49:00,user_129,Python is really useful,#Trending,844,180,47,Delhi,Neutral,1071
395,2026-09-27 17:51:00,user_15,New information available,#Trending,990,115,9,Bengaluru,Neutral,1114
6609,2026-09-27 17:55:00,user_78,This failed again,#Fitness,342,23,61,Mumbai,Negative,426
811,2026-09-27 18:00:00,user_186,Poor performance today,#Trending,654,113,49,Pune,Negative,816
1147,2026-09-27 18:09:00,user_58,Python is really useful,#Fitness,109,15,59,Mumbai,Neutral,183
8752,2026-09-27 18:18:00,user_109,Great technology update,#Bengaluru,747,144,12,Mumbai,Positive,903
3602,2026-09-27 18:25:00,user_57,Beautiful day in Bengaluru,#AI,274,111,6,Delhi,Positive,391
7928,2026-09-27 18:31:00,user_154,Terrible service,#Python,710,171,65,Chennai,Negative,946
606,2026-09-27 18:47:00,user_34,Python project discussion,#AI,706,56,40,Mumbai,Neutral,802
8379,2026-09-27 18:47:00,user_43,Data analytics session today,#DataAnalytics,615,98,14,Delhi,Neutral,727
2223,2026-09-27 18:48:00,user_244,Data analytics session today,#AI,29,70,89,Hyderabad,Neutral,188
898,2026-09-27 18:51:00,user_160,New information available,#Python,416,10,89,Hyderabad,Neutral,515
8015,2026-09-27 19:07:00,user_304,Python project discussion,#Trending,972,114,9,Bengaluru,Neutral,1095
8446,2026-09-27 19:11:00,user_229,Excellent cricket match,#Cricket,229,150,41,Pune,Positive,420
5011,2026-09-27 19:20:00,user_258,Cricket match scheduled today,#Fitness,191,81,56,Pune,Neutral,328
3730,2026-09-27 19:30:00,user_335,Very disappointing result,#Bengaluru,193,180,4,Hyderabad,Neutral,377
7989,2026-09-27 19:38:00,user_205,Great work by the team,#Trending,948,26,100,Chennai,Positive,1074
920,2026-09-27 19:42:00,user_123,Worst experience ever,#Fitness,887,119,98,Delhi,Negative,1104
5017,2026-09-27 19:55:00,user_493,Great work by the team,#Trending,557,51,85,Delhi,Positive,693
9363,2026-09-27 19:58:00,user_439,Worst experience ever,#Trending,637,57,3,Hyderabad,Negative,697
1385,2026-09-27 20:01:00,user_377,Excellent cricket match,#Trending,243,33,12,Hyderabad,Positive,288
822,2026-09-27 20:06:00,user_421,Beautiful day in Bengaluru,#Technology,911,88,16,Chennai,Positive,1015
205,2026-09-27 20:09:00,user_271,Amazing experience today,#Python,400,135,54,Hyderabad,Positive,589
9169,2026-09-27 20:15:00,user_152,Amazing experience today,#Bengaluru,151,23,28,Mumbai,Positive,202
5918,2026-09-27 20:16:00,user_378,Python project discussion,#Trending,686,9,5,Hyderabad,Neutral,700
6834,2026-09-27 20:17:00,user_27,New information available,#Trending,937,177,9,Pune,Neutral,1123
86,2026-09-27 20:20:00,user_185,Data analytics session today,#Technology,285,160,63,Hyderabad,Neutral,508
5228,2026-09-27 20:26:00,user_248,Amazing experience today,#Technology,585,196,54,Delhi,Positive,835
4868,2026-09-27 20:26:00,user_231,Excellent cricket match,#AI,263,27,50,Bengaluru,Positive,340
3089,2026-09-27 20:33:00,user_73,Great technology update,#Fitness,361,49,76,Pune,Positive,486
8484,2026-09-27 20:37:00,user_21,Python is really useful,#AI,679,151,21,Delhi,Neutral,851
2280,2026-09-27 20:39:00,user_418,I am angry about this,#AI,105,8,52,Mumbai,Negative,165
3333,2026-09-27 20:42:00,user_108,Fitness workout completed,#Cricket,310,11,19,Mumbai,Neutral,340
5902,2026-09-27 20:45:00,user_231,Bad experience today,#Technology,72,164,6,Chennai,Negative,242
1838,2026-09-27 21:01:00,user_419,I am angry about this,#Bengaluru,696,100,59,Delhi,Negative,855
216,2026-09-27 21:06:00,user_494,Amazing experience today,#Bengaluru,694,170,34,Delhi,Positive,898
8602,2026-09-27 21:14:00,user_456,Amazing experience today,#Cricket,90,82,100,Pune,Positive,272
323,2026-09-27 21:15:00,user_451,Amazing fitness progress,#Cricket,915,52,20,Chennai,Positive,987
1200,2026-09-27 21:23:00,user_461,Technology update today,#Fitness,743,146,43,Mumbai,Neutral,932
3381,2026-09-27 21:28:00,user_22,Fitness workout completed,#Bengaluru,460,129,39,Delhi,Neutral,628
9786,2026-09-27 21:38:00,user_127,Great work by the team,#AI,316,198,64,Bengaluru,Positive,578
9235,2026-09-27 21:44:00,user_233,Great work by the team,#DataAnalytics,594,87,55,Delhi,Positive,736
7355,2026-09-27 21:48:00,user_25,Amazing fitness progress,#DataAnalytics,346,97,75,Delhi,Positive,518
7837,2026-09-27 21:57:00,user_107,Data analytics session today,#Trending,253,91,84,Hyderabad,Neutral,428
4219,2026-09-27 21:59:00,user_155,Cricket match scheduled today,#DataAnalytics,417,184,39,Mumbai,Neutral,640
3631,2026-09-27 22:00:00,user_113,Great technology update,#Python,918,102,28,Pune,Positive,1048
8386,2026-09-27 22:09:00,user_45,Beautiful day in Bengaluru,#Python,378,15,69,Chennai,Positive,462
536,2026-09-27 22:13:00,user_230,Fitness workout completed,#Bengaluru,709,99,9,Bengaluru,Neutral,817
8777,2026-09-27 22:18:00,user_329,AI news update,#Python,594,38,13,Mumbai,Neutral,645
9802,2026-09-27 22:19:00,user_351,Fitness workout completed,#Trending,582,190,61,Pune,Neutral,833
452,2026-09-27 22:20:00,user_149,Data analytics session today,#Fitness,291,154,20,Bengaluru,Neutral,465
118,2026-09-27 22:21:00,user_118,Amazing fitness progress,#AI,413,37,52,Mumbai,Positive,502
2253,2026-09-27 22:42:00,user_58,Excellent cricket match,#DataAnalytics,960,138,96,Mumbai,Positive,1194
7397,2026-09-27 22:42:00,user_292,This failed again,#Python,400,71,50,Mumbai,Negative,521
2641,2026-09-27 22:51:00,user_407,Great technology update,#Fitness,528,69,34,Pune,Positive,631
7432,2026-09-27 22:54:00,user_12,I love this new AI tool,#Technology,877,53,4,Delhi,Positive,934
3441,2026-09-27 22:58:00,user_249,Great work by the team,#Trending,124,190,2,Pune,Positive,316
5587,2026-09-27 23:02:00,user_140,This failed again,#Trending,861,162,39,Hyderabad,Negative,1062
4623,2026-09-27 23:08:00,user_141,Beautiful day in Bengaluru,#Fitness,97,119,6,Delhi,Positive,222
4085,2026-09-27 23:12:00,user_164,Great work by the team,#Cricket,180,49,6,Mumbai,Positive,235
8772,2026-09-27 23:13:00,user_102,This failed again,#DataAnalytics,115,127,53,Pune,Negative,295
7946,2026-09-27 23:15:00,user_403,Great technology update,#Bengaluru,307,170,14,Chennai,Positive,491
9605,2026-09-27 23:17:00,user_310,Python is really useful,#Python,427,154,71,Mumbai,Neutral,652
8494,2026-09-27 23:27:00,user_154,I love this new AI tool,#AI,222,66,54,Hyderabad,Positive,342
6640,2026-09-27 23:29:00,user_413,I love this new AI tool,#Trending,138,144,30,Bengaluru,Positive,312
475,2026-09-27 23:30:00,user_413,Very disappointing result,#Cricket,90,148,62,Bengaluru,Neutral,300
2928,2026-09-27 23:31:00,user_424,Python project discussion,#Trending,565,135,41,Delhi,Neutral,741
7018,2026-09-27 23:32:00,user_235,Amazing fitness progress,#Bengaluru,692,17,94,Chennai,Positive,803
5704,2026-09-27 23:38:00,user_24,Technology update today,#Bengaluru,281,99,12,Delhi,Neutral,392
6148,2026-09-27 23:40:00,user_33,Great technology update,#DataAnalytics,511,165,94,Pune,Positive,770
3235,2026-09-27 23:40:00,user_300,New information available,#Python,734,121,96,Pune,Neutral,951
2681,2026-09-27 23:45:00,user_274,Fitness workout completed,#Cricket,611,33,26,Pune,Neutral,670
8778,2026-09-27 23:47:00,user_167,Python is really useful,#Fitness,992,49,100,Chennai,Neutral,1141
2458,2026-09-27 23:48:00,user_231,Python project discussion,#Trending,747,74,99,Hyderabad,Neutral,920
2711,2026-09-27 23:50:00,user_203,I love this new AI tool,#DataAnalytics,951,73,75,Bengaluru,Positive,1099
5088,2026-09-27 23:55:00,user_412,Amazing fitness progress,#Python,445,88,40,Delhi,Positive,573
6825,2026-09-27 23:55:00,user_334,AI news update,#Fitness,323,94,58,Mumbai,Neutral,475
5828,2026-09-27 23:56:00,user_460,Worst experience ever,#DataAnalytics,909,5,95,Bengaluru,Negative,1009
4182,2026-09-28 00:00:00,user_472,Great technology update,#Python,227,82,22,Pune,Positive,331
6230,2026-09-28 00:05:00,user_490,I am angry about this,#Fitness,561,168,3,Chennai,Negative,732
9113,2026-09-28 00:07:00,user_320,Great work by the team,#Technology,788,178,16,Pune,Positive,982
9403,2026-09-28 00:13:00,user_247,AI news update,#Fitness,185,81,10,Bengaluru,Neutral,276
8868,2026-09-28 00:14:00,user_406,Great work by the team,#DataAnalytics,531,125,14,Delhi,Positive,670
8367,2026-09-28 00:30:00,user_177,Amazing fitness progress,#AI,763,182,50,Delhi,Positive,995
3609,2026-09-28 00:37:00,user_46,Python is really useful,#Bengaluru,429,40,60,Mumbai,Neutral,529
1624,2026-09-28 00:38:00,user_370,Python project discussion,#Python,510,117,45,Delhi,Neutral,672
8560,2026-09-28 00:42:00,user_126,Bad experience today,#Cricket,284,118,14,Pune,Negative,416
7212,2026-09-28 00:44:00,user_470,Python project discussion,#Fitness,117,189,60,Delhi,Neutral,366
5718,2026-09-28 00:45:00,user_165,Great technology update,#Bengaluru,886,160,4,Delhi,Positive,1050
1973,2026-09-28 00:47:00,user_410,I love this new AI tool,#DataAnalytics,670,29,61,Mumbai,Positive,760
117,2026-09-28 00:49:00,user_57,Great work by the team,#Python,143,37,4,Bengaluru,Positive,184
2324,2026-09-28 00:52:00,user_443,New information available,#AI,945,163,62,Chennai,Neutral,1170
1329,2026-09-28 00:53:00,user_415,Worst experience ever,#Python,452,198,63,Chennai,Negative,713
3720,2026-09-28 00:54:00,user_486,Great technology update,#Technology,560,44,18,Hyderabad,Positive,622
3085,2026-09-28 00:54:00,user_281,Fitness workout completed,#AI,935,128,95,Delhi,Neutral,1158
2030,2026-09-28 01:05:00,user_118,Data analytics session today,#Technology,368,17,52,Pune,Neutral,437
2766,2026-09-28 01:06:00,user_1,I hate this problem,#Python,387,29,94,Pune,Negative,510
6821,2026-09-28 01:11:00,user_327,Python project discussion,#AI,250,172,64,Mumbai,Neutral,486
6921,2026-09-28 01:15:00,user_37,Amazing experience today,#AI,379,185,24,Hyderabad,Positive,588
9226,2026-09-28 01:16:00,user_46,Great work by the team,#Trending,933,162,88,Bengaluru,Positive,1183
2411,2026-09-28 01:18:00,user_271,Fitness workout completed,#DataAnalytics,601,118,50,Hyderabad,Neutral,769
6491,2026-09-28 01:21:00,user_398,Fitness workout completed,#AI,84,46,2,Delhi,Neutral,132
2282,2026-09-28 01:24:00,user_292,Excellent cricket match,#Fitness,658,58,63,Chennai,Positive,779
2674,2026-09-28 01:33:00,user_292,Python project discussion,#AI,792,160,59,Chennai,Neutral,1011
6858,2026-09-28 01:43:00,user_377,Amazing experience today,#Trending,441,37,98,Pune,Positive,576
445,2026-09-28 01:47:00,user_73,Great work by the team,#Bengaluru,397,192,71,Hyderabad,Positive,660
5600,2026-09-28 01:52:00,user_436,This failed again,#Bengaluru,434,178,35,Hyderabad,Negative,647
9321,2026-09-28 01:58:00,user_234,Great work by the team,#Python,428,134,92,Delhi,Positive,654
537,2026-09-28 02:01:00,user_404,Cricket match scheduled today,#Technology,787,124,28,Mumbai,Neutral,939
6673,2026-09-28 02:06:00,user_414,AI news update,#Technology,197,41,94,Pune,Neutral,332
6830,2026-09-28 02:06:00,user_171,Excellent cricket match,#Python,340,38,5,Delhi,Positive,383
2269,2026-09-28 02:10:00,user_209,Bad experience today,#Python,429,184,86,Mumbai,Negative,699
4818,2026-09-28 02:11:00,user_81,Worst experience ever,#Trending,876,182,94,Delhi,Negative,1152
5413,2026-09-28 02:17:00,user_177,I hate this problem,#Bengaluru,151,94,40,Pune,Negative,285
114,2026-09-28 02:21:00,user_212,New information available,#Cricket,762,81,83,Pune,Neutral,926
1217,2026-09-28 02:34:00,user_375,Python project discussion,#Trending,766,37,11,Chennai,Neutral,814
3473,2026-09-28 02:35:00,user_428,Amazing fitness progress,#Python,583,5,71,Pune,Positive,659
1139,2026-09-28 02:37:00,user_12,AI news update,#AI,89,67,41,Delhi,Neutral,197
5004,2026-09-28 02:38:00,user_329,Amazing fitness progress,#Bengaluru,88,101,88,Hyderabad,Positive,277
1668,2026-09-28 02:42:00,user_298,I love this new AI tool,#Trending,964,157,91,Pune,Positive,1212
8073,2026-09-28 02:43:00,user_130,Amazing experience today,#AI,625,83,75,Hyderabad,Positive,783
5277,2026-09-28 02:43:00,user_298,AI news update,#Python,949,68,12,Bengaluru,Neutral,1029
5584,2026-09-28 02:47:00,user_372,Beautiful day in Bengaluru,#Technology,669,170,16,Chennai,Positive,855
2958,2026-09-28 02:48:00,user_222,Data analytics session today,#Fitness,936,155,65,Bengaluru,Neutral,1156
9197,2026-09-28 02:58:00,user_322,Worst experience ever,#DataAnalytics,877,156,36,Bengaluru,Negative,1069
2352,2026-09-28 03:10:00,user_295,I hate this problem,#Technology,855,168,35,Pune,Negative,1058
1429,2026-09-28 03:14:00,user_19,Poor performance today,#AI,274,111,53,Mumbai,Negative,438
2820,2026-09-28 03:21:00,user_69,New information available,#Python,239,108,90,Mumbai,Neutral,437
1642,2026-09-28 03:22:00,user_381,Great technology update,#Fitness,765,76,73,Hyderabad,Positive,914
6275,2026-09-28 03:23:00,user_306,Worst experience ever,#DataAnalytics,175,16,60,Pune,Negative,251
7850,2026-09-28 03:23:00,user_121,Very disappointing result,#Cricket,134,161,19,Pune,Neutral,314
840,2026-09-28 03:30:00,user_52,Terrible service,#Fitness,848,76,42,Bengaluru,Negative,966
477,2026-09-28 03:30:00,user_369,Excellent cricket match,#Trending,377,165,96,Bengaluru,Positive,638
1947,2026-09-28 03:30:00,user_302,I hate this problem,#Trending,566,116,91,Delhi,Negative,773
8731,2026-09-28 03:31:00,user_268,Great technology update,#Fitness,277,100,100,Pune,Positive,477
2381,2026-09-28 03:31:00,user_221,Poor performance today,#Python,872,49,40,Mumbai,Negative,961
7866,2026-09-28 03:38:00,user_76,Great technology update,#Trending,277,179,72,Mumbai,Positive,528
7129,2026-09-28 03:45:00,user_257,Great work by the team,#Cricket,97,93,35,Delhi,Positive,225
1844,2026-09-28 04:04:00,user_349,Amazing fitness progress,#Python,204,39,4,Chennai,Positive,247
5769,2026-09-28 04:28:00,user_65,Weather update from Bengaluru,#Bengaluru,849,102,18,Delhi,Neutral,969
6614,2026-09-28 04:34:00,user_74,Amazing fitness progress,#Technology,299,18,48,Pune,Positive,365
9211,2026-09-28 04:38:00,user_268,Terrible service,#Python,459,173,32,Pune,Negative,664
7228,2026-09-28 04:41:00,user_120,I hate this problem,#Bengaluru,395,110,28,Hyderabad,Negative,533
2948,2026-09-28 04:42:00,user_2,Cricket match scheduled today,#Technology,819,16,1,Mumbai,Neutral,836
1138,2026-09-28 04:42:00,user_116,Fitness workout completed,#Fitness,724,102,11,Chennai,Neutral,837
4042,2026-09-28 04:44:00,user_155,Beautiful day in Bengaluru,#Technology,179,183,86,Hyderabad,Positive,448
7603,2026-09-28 04:47:00,user_437,Python is really useful,#Cricket,941,175,44,Chennai,Neutral,1160
3894,2026-09-28 04:47:00,user_277,This failed again,#Python,427,43,20,Bengaluru,Negative,490
4619,2026-09-28 04:51:00,user_195,Amazing fitness progress,#Technology,739,109,80,Mumbai,Positive,928
5251,2026-09-28 04:53:00,user_340,I am angry about this,#Python,370,131,60,Hyderabad,Negative,561
906,2026-09-28 04:55:00,user_363,Great work by the team,#Fitness,514,167,84,Pune,Positive,765
3172,2026-09-28 05:01:00,user_296,Excellent cricket match,#DataAnalytics,80,117,38,Pune,Positive,235
779,2026-09-28 05:02:00,user_74,I hate this problem,#AI,59,102,30,Bengaluru,Negative,191
9315,2026-09-28 05:04:00,user_274,I hate this problem,#Python,967,76,62,Pune,Negative,1105
1455,2026-09-28 05:06:00,user_368,Amazing fitness progress,#AI,906,66,73,Mumbai,Positive,1045
6256,2026-09-28 05:15:00,user_184,I hate this problem,#DataAnalytics,156,163,40,Hyderabad,Negative,359
6652,2026-09-28 05:16:00,user_94,Amazing experience today,#Cricket,532,13,70,Chennai,Positive,615
7718,2026-09-28 05:22:00,user_175,Cricket match scheduled today,#Technology,932,69,54,Hyderabad,Neutral,1055
4582,2026-09-28 05:26:00,user_460,Fitness workout completed,#Bengaluru,187,169,42,Delhi,Neutral,398
5132,2026-09-28 05:26:00,user_191,I am angry about this,#Bengaluru,93,77,51,Hyderabad,Negative,221
6787,2026-09-28 05:33:00,user_308,Great work by the team,#Bengaluru,913,133,5,Hyderabad,Positive,1051
4400,2026-09-28 05:35:00,user_96,Data analytics session today,#AI,601,89,48,Chennai,Neutral,738
62,2026-09-28 05:38:00,user_143,Poor performance today,#Bengaluru,76,110,15,Pune,Negative,201
9359,2026-09-28 05:40:00,user_380,Very disappointing result,#Python,566,195,20,Bengaluru,Neutral,781
6763,2026-09-28 05:44:00,user_167,I am angry about this,#Python,832,5,16,Delhi,Negative,853
6587,2026-09-28 05:50:00,user_158,New information available,#Cricket,605,67,89,Delhi,Neutral,761
2664,2026-09-28 05:58:00,user_47,Python is really useful,#Fitness,491,183,5,Bengaluru,Neutral,679
3901,2026-09-28 06:01:00,user_308,Weather update from Bengaluru,#DataAnalytics,357,16,42,Bengaluru,Neutral,415
9405,2026-09-28 06:01:00,user_446,AI news update,#Cricket,451,23,65,Pune,Neutral,539
2238,2026-09-28 06:01:00,user_24,Data analytics session today,#Cricket,938,28,52,Pune,Neutral,1018
5087,2026-09-28 06:13:00,user_366,Amazing fitness progress,#Fitness,945,180,98,Mumbai,Positive,1223
9623,2026-09-28 06:24:00,user_196,Amazing experience today,#Cricket,961,7,12,Hyderabad,Positive,980
2765,2026-09-28 06:26:00,user_56,Fitness workout completed,#Technology,735,33,70,Mumbai,Neutral,838
3583,2026-09-28 06:29:00,user_403,Python project discussion,#Fitness,523,55,37,Mumbai,Neutral,615
6459,2026-09-28 06:35:00,user_463,Great technology update,#Technology,938,79,17,Hyderabad,Positive,1034
3314,2026-09-28 06:38:00,user_35,This failed again,#DataAnalytics,647,79,62,Hyderabad,Negative,788
4946,2026-09-28 06:44:00,user_203,Python project discussion,#Fitness,994,126,9,Hyderabad,Neutral,1129
8229,2026-09-28 06:46:00,user_430,Great technology update,#Fitness,604,56,12,Delhi,Positive,672
4699,2026-09-28 06:50:00,user_245,Beautiful day in Bengaluru,#Technology,882,133,24,Bengaluru,Positive,1039
4647,2026-09-28 06:52:00,user_3,New information available,#DataAnalytics,839,188,38,Hyderabad,Neutral,1065
1854,2026-09-28 06:52:00,user_401,Python project discussion,#AI,847,177,39,Chennai,Neutral,1063
486,2026-09-28 06:52:00,user_284,Excellent cricket match,#Technology,992,135,31,Pune,Positive,1158
3366,2026-09-28 06:59:00,user_266,Poor performance today,#Technology,72,177,52,Pune,Negative,301
5192,2026-09-28 07:02:00,user_320,Weather update from Bengaluru,#AI,974,116,7,Delhi,Neutral,1097
4899,2026-09-28 07:03:00,user_143,Amazing experience today,#Trending,182,131,56,Mumbai,Positive,369
2536,2026-09-28 07:09:00,user_127,Bad experience today,#Technology,878,197,6,Bengaluru,Negative,1081
1822,2026-09-28 07:15:00,user_265,Very disappointing result,#AI,13,56,82,Chennai,Neutral,151
7705,2026-09-28 07:18:00,user_126,Python is really useful,#Bengaluru,900,9,82,Pune,Neutral,991
5920,2026-09-28 07:23:00,user_203,Data analytics session today,#Technology,946,173,17,Pune,Neutral,1136
375,2026-09-28 07:28:00,user_77,Excellent cricket match,#Fitness,584,172,42,Hyderabad,Positive,798
7346,2026-09-28 07:30:00,user_335,Worst experience ever,#Cricket,418,165,89,Pune,Negative,672
4019,2026-09-28 07:31:00,user_118,Great work by the team,#DataAnalytics,515,80,22,Bengaluru,Positive,617
1059,2026-09-28 07:34:00,user_125,Very disappointing result,#Python,466,115,64,Hyderabad,Neutral,645
4179,2026-09-28 07:34:00,user_180,Amazing experience today,#Technology,178,107,35,Pune,Positive,320
6573,2026-09-28 07:40:00,user_454,Amazing experience today,#Python,181,37,85,Mumbai,Positive,303
8881,2026-09-28 07:49:00,user_119,Amazing fitness progress,#Cricket,429,53,82,Bengaluru,Positive,564
9318,2026-09-28 07:52:00,user_290,Python project discussion,#Technology,562,142,75,Delhi,Neutral,779
4920,2026-09-28 07:55:00,user_181,Fitness workout completed,#Cricket,610,23,28,Pune,Neutral,661
691,2026-09-28 07:56:00,user_439,Fitness workout completed,#Python,141,19,50,Bengaluru,Neutral,210
6920,2026-09-28 07:56:00,user_25,Cricket match scheduled today,#Cricket,717,106,16,Chennai,Neutral,839
1892,2026-09-28 08:01:00,user_169,I hate this problem,#AI,136,130,69,Mumbai,Negative,335
7613,2026-09-28 08:07:00,user_361,Great technology update,#Python,301,164,55,Delhi,Positive,520
7671,2026-09-28 08:09:00,user_207,Amazing fitness progress,#Technology,831,182,66,Delhi,Positive,1079
6847,2026-09-28 08:17:00,user_35,Python project discussion,#DataAnalytics,849,90,88,Mumbai,Neutral,1027
905,2026-09-28 08:30:00,user_254,I love this new AI tool,#Trending,377,75,24,Delhi,Positive,476
8406,2026-09-28 08:34:00,user_218,Fitness workout completed,#DataAnalytics,92,93,58,Bengaluru,Neutral,243
7137,2026-09-28 08:36:00,user_85,Weather update from Bengaluru,#Bengaluru,292,98,36,Mumbai,Neutral,426
3642,2026-09-28 08:38:00,user_411,Very disappointing result,#Cricket,359,187,62,Hyderabad,Neutral,608
2284,2026-09-28 08:39:00,user_430,Great work by the team,#Cricket,751,100,65,Bengaluru,Positive,916
3690,2026-09-28 08:40:00,user_485,This failed again,#Bengaluru,18,193,55,Pune,Negative,266
246,2026-09-28 08:42:00,user_92,Python project discussion,#AI,322,8,98,Pune,Neutral,428
1725,2026-09-28 08:46:00,user_256,Great technology update,#Python,23,69,58,Pune,Positive,150
4242,2026-09-28 08:50:00,user_263,I love this new AI tool,#Bengaluru,788,80,28,Hyderabad,Positive,896
149,2026-09-28 08:51:00,user_476,I am angry about this,#AI,947,53,27,Hyderabad,Negative,1027
5703,2026-09-28 08:54:00,user_490,Poor performance today,#Trending,421,55,89,Chennai,Negative,565
6868,2026-09-28 09:00:00,user_283,Fitness workout completed,#Bengaluru,310,22,51,Chennai,Neutral,383
64,2026-09-28 09:03:00,user_474,Excellent cricket match,#Trending,435,194,77,Mumbai,Positive,706
787,2026-09-28 09:03:00,user_181,Python is really useful,#Bengaluru,425,52,6,Hyderabad,Neutral,483
3521,2026-09-28 09:06:00,user_67,This failed again,#Bengaluru,706,19,55,Mumbai,Negative,780
7756,2026-09-28 09:14:00,user_359,Data analytics session today,#Python,744,34,68,Hyderabad,Neutral,846
3569,2026-09-28 09:15:00,user_270,I love this new AI tool,#DataAnalytics,991,171,58,Bengaluru,Positive,1220
4156,2026-09-28 09:18:00,user_188,Python project discussion,#Technology,188,169,7,Pune,Neutral,364
5343,2026-09-28 09:48:00,user_391,AI news update,#Trending,294,161,6,Bengaluru,Neutral,461
3545,2026-09-28 10:01:00,user_476,Worst experience ever,#Trending,734,197,19,Hyderabad,Negative,950
5616,2026-09-28 10:05:00,user_52,Bad experience today,#Technology,85,162,19,Mumbai,Negative,266
5944,2026-09-28 10:06:00,user_172,Poor performance today,#DataAnalytics,519,154,47,Bengaluru,Negative,720
9831,2026-09-28 10:08:00,user_250,Amazing fitness progress,#AI,182,57,40,Bengaluru,Positive,279
6057,2026-09-28 10:19:00,user_253,I hate this problem,#Bengaluru,777,164,51,Chennai,Negative,992
7848,2026-09-28 10:19:00,user_303,Great work by the team,#Fitness,85,177,25,Mumbai,Positive,287
3589,2026-09-28 10:23:00,user_417,New information available,#AI,101,76,41,Bengaluru,Neutral,218
111,2026-09-28 10:27:00,user_251,I hate this problem,#AI,558,25,74,Mumbai,Negative,657
713,2026-09-28 10:27:00,user_227,I am angry about this,#Fitness,387,48,18,Hyderabad,Negative,453
1583,2026-09-28 10:31:00,user_378,I love this new AI tool,#Bengaluru,407,163,30,Delhi,Positive,600
6266,2026-09-28 10:40:00,user_431,Worst experience ever,#AI,842,116,71,Mumbai,Negative,1029
379,2026-09-28 10:41:00,user_240,Bad experience today,#Bengaluru,564,63,98,Chennai,Negative,725
670,2026-09-28 10:42:00,user_116,Python project discussion,#AI,501,138,47,Mumbai,Neutral,686
3607,2026-09-28 10:45:00,user_461,Cricket match scheduled today,#Fitness,162,153,20,Chennai,Neutral,335
9283,2026-09-28 10:51:00,user_429,Amazing experience today,#Fitness,975,55,85,Delhi,Positive,1115
7372,2026-09-28 10:55:00,user_201,Cricket match scheduled today,#Trending,585,74,68,Mumbai,Neutral,727
4096,2026-09-28 11:02:00,user_8,Fitness workout completed,#Technology,123,145,95,Pune,Neutral,363
3274,2026-09-28 11:03:00,user_212,Amazing experience today,#Fitness,503,17,7,Chennai,Positive,527
9536,2026-09-28 11:04:00,user_443,Amazing experience today,#Fitness,294,106,88,Delhi,Positive,488
1487,2026-09-28 11:16:00,user_235,Beautiful day in Bengaluru,#DataAnalytics,278,1,87,Delhi,Positive,366
995,2026-09-28 11:26:00,user_240,Data analytics session today,#Trending,453,33,70,Chennai,Neutral,556
1460,2026-09-28 11:32:00,user_59,Data analytics session today,#Trending,817,115,83,Hyderabad,Neutral,1015
767,2026-09-28 11:37:00,user_69,Great work by the team,#Python,514,173,14,Chennai,Positive,701
4764,2026-09-28 11:42:00,user_20,Very disappointing result,#DataAnalytics,55,75,50,Mumbai,Neutral,180
6159,2026-09-28 12:02:00,user_271,I love this new AI tool,#AI,595,158,29,Mumbai,Positive,782
3045,2026-09-28 12:02:00,user_13,Python project discussion,#Trending,69,97,42,Delhi,Neutral,208
9105,2026-09-28 12:03:00,user_95,Python project discussion,#Technology,943,56,42,Pune,Neutral,1041
6568,2026-09-28 12:13:00,user_113,Python project discussion,#Trending,779,65,63,Pune,Neutral,907
4863,2026-09-28 12:16:00,user_226,Great work by the team,#Trending,653,98,49,Delhi,Positive,800
2114,2026-09-28 12:16:00,user_143,Excellent cricket match,#AI,228,169,70,Mumbai,Positive,467
2801,2026-09-28 12:20:00,user_295,Cricket match scheduled today,#AI,656,167,87,Chennai,Neutral,910
7452,2026-09-28 12:22:00,user_397,Python is really useful,#Fitness,164,41,33,Pune,Neutral,238
7338,2026-09-28 12:26:00,user_205,Python is really useful,#Trending,60,200,83,Hyderabad,Neutral,343
3407,2026-09-28 12:29:00,user_441,Great work by the team,#Fitness,611,37,13,Chennai,Positive,661
3011,2026-09-28 12:32:00,user_98,I hate this problem,#DataAnalytics,341,97,30,Delhi,Negative,468
8562,2026-09-28 12:46:00,user_259,Weather update from Bengaluru,#Trending,289,134,9,Hyderabad,Neutral,432
5380,2026-09-28 12:52:00,user_434,Bad experience today,#Bengaluru,572,75,72,Delhi,Negative,719
5909,2026-09-28 13:10:00,user_21,Worst experience ever,#Bengaluru,46,10,85,Bengaluru,Negative,141
7859,2026-09-28 13:13:00,user_298,I love this new AI tool,#Bengaluru,769,54,7,Pune,Positive,830
8807,2026-09-28 13:14:00,user_450,Great work by the team,#Bengaluru,366,150,42,Pune,Positive,558
2747,2026-09-28 13:15:00,user_101,I am angry about this,#Python,762,196,77,Bengaluru,Negative,1035
7636,2026-09-28 13:15:00,user_492,Weather update from Bengaluru,#AI,634,178,98,Hyderabad,Neutral,910
1286,2026-09-28 13:31:00,user_255,Poor performance today,#Trending,336,174,95,Pune,Negative,605
2792,2026-09-28 13:32:00,user_343,Technology update today,#Fitness,739,177,1,Mumbai,Neutral,917
3713,2026-09-28 13:32:00,user_390,Fitness workout completed,#AI,699,186,69,Mumbai,Neutral,954
6445,2026-09-28 13:32:00,user_210,Great technology update,#Technology,374,20,94,Hyderabad,Positive,488
5495,2026-09-28 13:33:00,user_327,Data analytics session today,#Cricket,382,118,8,Pune,Neutral,508
5519,2026-09-28 13:35:00,user_274,Python project discussion,#Fitness,19,195,64,Hyderabad,Neutral,278
5449,2026-09-28 13:44:00,user_285,Beautiful day in Bengaluru,#Bengaluru,434,171,35,Mumbai,Positive,640
602,2026-09-28 13:51:00,user_308,Python is really useful,#Bengaluru,185,31,100,Bengaluru,Neutral,316
9714,2026-09-28 13:53:00,user_499,I love this new AI tool,#Technology,978,172,9,Bengaluru,Positive,1159
2259,2026-09-28 13:55:00,user_13,Beautiful day in Bengaluru,#Python,123,78,4,Pune,Positive,205
4408,2026-09-28 14:07:00,user_278,Amazing experience today,#DataAnalytics,579,120,82,Mumbai,Positive,781
4665,2026-09-28 14:14:00,user_75,AI news update,#Cricket,832,147,93,Delhi,Neutral,1072
9891,2026-09-28 14:19:00,user_218,Technology update today,#Trending,873,110,98,Mumbai,Neutral,1081
5723,2026-09-28 14:22:00,user_405,Great work by the team,#AI,85,165,4,Chennai,Positive,254
8800,2026-09-28 14:30:00,user_311,Bad experience today,#Trending,764,112,58,Delhi,Negative,934
245,2026-09-28 14:36:00,user_242,I love this new AI tool,#Bengaluru,169,159,42,Delhi,Positive,370
3427,2026-09-28 14:37:00,user_47,Excellent cricket match,#Technology,831,49,15,Chennai,Positive,895
8964,2026-09-28 14:38:00,user_418,Fitness workout completed,#Fitness,580,151,100,Mumbai,Neutral,831
2431,2026-09-28 14:48:00,user_454,Excellent cricket match,#Technology,938,90,45,Hyderabad,Positive,1073
1057,2026-09-28 14:54:00,user_183,Great technology update,#Bengaluru,220,116,19,Mumbai,Positive,355
4119,2026-09-28 15:02:00,user_71,AI news update,#Trending,803,54,61,Pune,Neutral,918
4721,2026-09-28 15:12:00,user_427,This failed again,#Bengaluru,33,170,42,Chennai,Negative,245
3371,2026-09-28 15:14:00,user_457,Excellent cricket match,#Cricket,937,55,34,Chennai,Positive,1026
4259,2026-09-28 15:15:00,user_481,Weather update from Bengaluru,#Trending,773,18,75,Delhi,Neutral,866
7169,2026-09-28 15:23:00,user_443,Data analytics session today,#Technology,17,105,16,Hyderabad,Neutral,138
8978,2026-09-28 15:25:00,user_178,Python project discussion,#Bengaluru,867,23,83,Hyderabad,Neutral,973
5641,2026-09-28 15:29:00,user_41,Great technology update,#Bengaluru,399,129,88,Bengaluru,Positive,616
9620,2026-09-28 15:33:00,user_134,Great work by the team,#Bengaluru,992,64,34,Pune,Positive,1090
7729,2026-09-28 15:37:00,user_109,Excellent cricket match,#Python,661,54,15,Mumbai,Positive,730
318,2026-09-28 15:41:00,user_42,Beautiful day in Bengaluru,#Cricket,771,20,97,Bengaluru,Positive,888
3728,2026-09-28 15:44:00,user_188,Excellent cricket match,#Cricket,458,118,78,Delhi,Positive,654
7530,2026-09-28 15:45:00,user_139,Cricket match scheduled today,#Bengaluru,772,113,40,Bengaluru,Neutral,925
6268,2026-09-28 15:52:00,user_495,Fitness workout completed,#Trending,24,173,65,Chennai,Neutral,262
8618,2026-09-28 16:02:00,user_381,Weather update from Bengaluru,#Fitness,19,70,15,Hyderabad,Neutral,104
628,2026-09-28 16:06:00,user_73,Fitness workout completed,#Python,504,71,75,Mumbai,Neutral,650
1418,2026-09-28 16:09:00,user_195,I hate this problem,#Trending,204,39,24,Hyderabad,Negative,267
2640,2026-09-28 16:10:00,user_30,Amazing fitness progress,#Bengaluru,977,144,79,Bengaluru,Positive,1200
1359,2026-09-28 16:11:00,user_292,Excellent cricket match,#Technology,380,142,12,Chennai,Positive,534
4401,2026-09-28 16:19:00,user_493,Amazing experience today,#Trending,185,51,70,Pune,Positive,306
842,2026-09-28 16:19:00,user_457,I love this new AI tool,#Fitness,533,37,80,Chennai,Positive,650
4910,2026-09-28 16:26:00,user_379,This failed again,#Trending,321,34,59,Mumbai,Negative,414
7238,2026-09-28 16:33:00,user_361,Weather update from Bengaluru,#Cricket,973,137,50,Delhi,Neutral,1160
200,2026-09-28 16:34:00,user_471,Python is really useful,#DataAnalytics,937,193,50,Hyderabad,Neutral,1180
4563,2026-09-28 16:36:00,user_334,Weather update from Bengaluru,#Fitness,799,110,96,Chennai,Neutral,1005
9336,2026-09-28 16:37:00,user_115,I love this new AI tool,#AI,280,120,74,Bengaluru,Positive,474
9326,2026-09-28 16:56:00,user_38,Beautiful day in Bengaluru,#Fitness,707,4,25,Mumbai,Positive,736
5169,2026-09-28 17:07:00,user_428,Fitness workout completed,#AI,152,171,5,Delhi,Neutral,328
9185,2026-09-28 17:13:00,user_203,Technology update today,#Fitness,159,188,85,Pune,Neutral,432
3842,2026-09-28 17:13:00,user_239,Amazing fitness progress,#DataAnalytics,74,89,70,Chennai,Positive,233
1579,2026-09-28 17:22:00,user_13,Cricket match scheduled today,#Fitness,186,180,24,Mumbai,Neutral,390
6523,2026-09-28 17:28:00,user_274,Excellent cricket match,#Cricket,532,137,22,Chennai,Positive,691
4959,2026-09-28 17:29:00,user_173,Amazing fitness progress,#Bengaluru,988,37,95,Delhi,Positive,1120
4993,2026-09-28 17:39:00,user_420,Data analytics session today,#Bengaluru,143,96,53,Chennai,Neutral,292
263,2026-09-28 17:40:00,user_215,Amazing fitness progress,#Fitness,218,60,24,Delhi,Positive,302
5110,2026-09-28 17:50:00,user_35,Data analytics session today,#Fitness,686,67,67,Mumbai,Neutral,820
6879,2026-09-28 17:51:00,user_401,Weather update from Bengaluru,#DataAnalytics,372,66,2,Mumbai,Neutral,440
543,2026-09-28 17:53:00,user_357,Great technology update,#Bengaluru,720,134,61,Bengaluru,Positive,915
4552,2026-09-28 17:54:00,user_245,Amazing fitness progress,#Technology,685,150,69,Chennai,Positive,904
1352,2026-09-28 18:00:00,user_241,I hate this problem,#DataAnalytics,109,77,77,Mumbai,Negative,263
7973,2026-09-28 18:14:00,user_395,Technology update today,#DataAnalytics,575,133,66,Chennai,Neutral,774
9244,2026-09-28 18:23:00,user_189,Amazing fitness progress,#Fitness,872,85,61,Bengaluru,Positive,1018
8363,2026-09-28 18:34:00,user_66,Beautiful day in Bengaluru,#AI,774,177,46,Hyderabad,Positive,997
7652,2026-09-28 18:35:00,user_409,Great technology update,#Bengaluru,419,144,91,Chennai,Positive,654
1884,2026-09-28 18:44:00,user_54,Poor performance today,#DataAnalytics,951,74,23,Mumbai,Negative,1048
389,2026-09-28 18:49:00,user_493,AI news update,#Python,479,35,67,Delhi,Neutral,581
750,2026-09-28 18:49:00,user_197,Python is really useful,#Technology,772,2,17,Pune,Neutral,791
1719,2026-09-28 18:51:00,user_35,Python is really useful,#Cricket,79,113,21,Bengaluru,Neutral,213
9243,2026-09-28 19:04:00,user_210,Amazing experience today,#Cricket,993,165,5,Delhi,Positive,1163
6751,2026-09-28 19:09:00,user_395,Cricket match scheduled today,#Python,790,71,60,Bengaluru,Neutral,921
3417,2026-09-28 19:12:00,user_33,Amazing experience today,#Python,453,163,48,Hyderabad,Positive,664
7447,2026-09-28 19:18:00,user_126,Great work by the team,#Trending,82,166,27,Chennai,Positive,275
9489,2026-09-28 19:18:00,user_20,New information available,#Cricket,100,117,48,Pune,Neutral,265
4464,2026-09-28 19:18:00,user_470,Excellent cricket match,#Python,396,84,69,Mumbai,Positive,549
1835,2026-09-28 19:25:00,user_345,Poor performance today,#DataAnalytics,317,21,36,Chennai,Negative,374
4289,2026-09-28 19:27:00,user_18,Fitness workout completed,#Technology,524,87,64,Mumbai,Neutral,675
7544,2026-09-28 19:41:00,user_362,Technology update today,#Fitness,138,177,61,Pune,Neutral,376
8289,2026-09-28 19:44:00,user_307,AI news update,#Trending,672,161,28,Mumbai,Neutral,861
5601,2026-09-28 19:51:00,user_123,Worst experience ever,#Python,755,151,71,Mumbai,Negative,977
6425,2026-09-28 19:53:00,user_37,Beautiful day in Bengaluru,#Technology,687,4,50,Hyderabad,Positive,741
4864,2026-09-28 20:02:00,user_183,Data analytics session today,#Fitness,529,4,31,Mumbai,Neutral,564
5446,2026-09-28 20:05:00,user_475,Amazing fitness progress,#Cricket,141,30,39,Delhi,Positive,210
4038,2026-09-28 20:06:00,user_364,Amazing experience today,#Bengaluru,298,144,20,Pune,Positive,462
7926,2026-09-28 20:09:00,user_152,I am angry about this,#AI,573,178,13,Chennai,Negative,764
42,2026-09-28 20:11:00,user_72,Great work by the team,#Python,276,98,17,Pune,Positive,391
2051,2026-09-28 20:16:00,user_136,Python is really useful,#AI,618,74,17,Chennai,Neutral,709
6185,2026-09-28 20:17:00,user_348,Python is really useful,#Technology,67,3,87,Bengaluru,Neutral,157
1550,2026-09-28 20:21:00,user_412,This failed again,#Fitness,862,155,5,Hyderabad,Negative,1022
6125,2026-09-28 20:32:00,user_84,Amazing fitness progress,#Python,983,191,72,Mumbai,Positive,1246
1361,2026-09-28 20:40:00,user_178,Terrible service,#DataAnalytics,503,123,21,Pune,Negative,647
9174,2026-09-28 20:41:00,user_86,Very disappointing result,#DataAnalytics,501,135,72,Pune,Neutral,708
1443,2026-09-28 20:43:00,user_66,Cricket match scheduled today,#Fitness,176,34,86,Bengaluru,Neutral,296
9865,2026-09-28 20:47:00,user_227,Weather update from Bengaluru,#Python,291,160,9,Hyderabad,Neutral,460
1142,2026-09-28 20:50:00,user_454,Great technology update,#Cricket,245,172,76,Chennai,Positive,493
9660,2026-09-28 20:52:00,user_330,Great technology update,#Technology,819,52,54,Pune,Positive,925
4372,2026-09-28 20:58:00,user_319,Amazing experience today,#DataAnalytics,355,136,9,Chennai,Positive,500
9070,2026-09-28 21:06:00,user_372,Worst experience ever,#Bengaluru,708,113,46,Mumbai,Negative,867
9056,2026-09-28 21:11:00,user_113,I hate this problem,#Technology,230,13,45,Hyderabad,Negative,288
7114,2026-09-28 21:16:00,user_114,Fitness workout completed,#Bengaluru,539,169,2,Bengaluru,Neutral,710
9545,2026-09-28 21:16:00,user_323,Great work by the team,#Python,152,34,28,Hyderabad,Positive,214
6707,2026-09-28 21:18:00,user_406,New information available,#Technology,919,121,97,Delhi,Neutral,1137
7155,2026-09-28 21:21:00,user_101,Very disappointing result,#AI,848,195,7,Hyderabad,Neutral,1050
5992,2026-09-28 21:24:00,user_478,Python project discussion,#DataAnalytics,122,158,41,Chennai,Neutral,321
2810,2026-09-28 21:54:00,user_163,Great work by the team,#Python,568,27,92,Bengaluru,Positive,687
4333,2026-09-28 22:03:00,user_22,Python is really useful,#Trending,637,155,20,Bengaluru,Neutral,812
1855,2026-09-28 22:04:00,user_211,I love this new AI tool,#Technology,991,144,19,Pune,Positive,1154
1038,2026-09-28 22:10:00,user_196,Cricket match scheduled today,#Trending,76,113,35,Pune,Neutral,224
3403,2026-09-28 22:22:00,user_41,Beautiful day in Bengaluru,#Fitness,349,153,2,Bengaluru,Positive,504
7625,2026-09-28 22:31:00,user_324,Cricket match scheduled today,#Cricket,290,15,36,Pune,Neutral,341
1367,2026-09-28 22:34:00,user_284,Bad experience today,#Technology,522,70,9,Chennai,Negative,601
8448,2026-09-28 22:36:00,user_53,Great work by the team,#AI,309,31,15,Chennai,Positive,355
4990,2026-09-28 22:53:00,user_381,I am angry about this,#Trending,460,153,39,Bengaluru,Negative,652
5954,2026-09-28 22:56:00,user_247,Weather update from Bengaluru,#DataAnalytics,89,40,7,Bengaluru,Neutral,136
3210,2026-09-28 22:59:00,user_463,Great technology update,#DataAnalytics,441,172,24,Hyderabad,Positive,637
1066,2026-09-28 23:06:00,user_397,Terrible service,#Cricket,359,112,77,Mumbai,Negative,548
2091,2026-09-28 23:13:00,user_88,Amazing fitness progress,#DataAnalytics,658,93,75,Hyderabad,Positive,826
3316,2026-09-28 23:17:00,user_84,Python project discussion,#Bengaluru,717,51,19,Chennai,Neutral,787
6388,2026-09-28 23:19:00,user_440,I love this new AI tool,#Cricket,974,68,56,Pune,Positive,1098
996,2026-09-28 23:20:00,user_175,Amazing experience today,#Technology,223,4,26,Hyderabad,Positive,253
5306,2026-09-28 23:28:00,user_394,New information available,#Bengaluru,95,17,14,Hyderabad,Neutral,126
7939,2026-09-28 23:41:00,user_233,Technology update today,#Bengaluru,468,159,48,Bengaluru,Neutral,675
5538,2026-09-28 23:44:00,user_466,AI news update,#DataAnalytics,715,189,3,Mumbai,Neutral,907
1566,2026-09-28 23:47:00,user_442,Technology update today,#Fitness,102,20,17,Delhi,Neutral,139
4094,2026-09-28 23:51:00,user_396,Weather update from Bengaluru,#Trending,899,107,19,Pune,Neutral,1025
1336,2026-09-28 23:56:00,user_381,AI news update,#Bengaluru,537,170,29,Pune,Neutral,736
1184,2026-09-28 23:57:00,user_105,Beautiful day in Bengaluru,#Fitness,685,78,3,Chennai,Positive,766
5827,2026-09-28 23:58:00,user_7,Beautiful day in Bengaluru,#Bengaluru,766,72,78,Pune,Positive,916
7571,2026-09-29 00:04:00,user_244,Great work by the team,#Technology,569,127,62,Pune,Positive,758
4953,2026-09-29 00:06:00,user_9,Python is really useful,#Fitness,448,145,92,Bengaluru,Neutral,685
5298,2026-09-29 00:13:00,user_72,Amazing experience today,#Fitness,733,189,10,Chennai,Positive,932
1321,2026-09-29 00:17:00,user_295,Amazing fitness progress,#Technology,779,176,64,Pune,Positive,1019
2746,2026-09-29 00:22:00,user_238,Amazing fitness progress,#DataAnalytics,363,45,21,Pune,Positive,429
9867,2026-09-29 00:24:00,user_167,Terrible service,#Technology,782,58,96,Hyderabad,Negative,936
4084,2026-09-29 00:32:00,user_475,Technology update today,#AI,103,58,14,Mumbai,Neutral,175
7806,2026-09-29 00:36:00,user_133,Cricket match scheduled today,#Cricket,154,55,71,Delhi,Neutral,280
9094,2026-09-29 00:36:00,user_443,Bad experience today,#Fitness,244,70,11,Pune,Negative,325
9497,2026-09-29 00:40:00,user_63,Excellent cricket match,#Cricket,80,64,96,Delhi,Positive,240
4323,2026-09-29 00:46:00,user_310,Python is really useful,#Technology,576,81,8,Bengaluru,Neutral,665
1202,2026-09-29 00:49:00,user_403,Excellent cricket match,#DataAnalytics,820,163,70,Delhi,Positive,1053
4848,2026-09-29 00:55:00,user_126,Terrible service,#Bengaluru,161,131,40,Pune,Negative,332
7470,2026-09-29 01:01:00,user_211,Great work by the team,#Technology,87,196,56,Chennai,Positive,339
3523,2026-09-29 01:05:00,user_236,Excellent cricket match,#Trending,446,11,40,Bengaluru,Positive,497
7333,2026-09-29 01:18:00,user_74,Technology update today,#DataAnalytics,259,7,19,Mumbai,Neutral,285
2138,2026-09-29 01:32:00,user_224,Amazing experience today,#Trending,632,51,63,Pune,Positive,746
1858,2026-09-29 01:33:00,user_13,Python is really useful,#Technology,614,87,16,Chennai,Neutral,717
1346,2026-09-29 01:34:00,user_353,New information available,#Cricket,929,144,21,Delhi,Neutral,1094
6964,2026-09-29 01:46:00,user_388,Python is really useful,#Cricket,897,188,41,Delhi,Neutral,1126
631,2026-09-29 01:46:00,user_159,Cricket match scheduled today,#Bengaluru,321,114,23,Delhi,Neutral,458
3639,2026-09-29 01:56:00,user_189,Python is really useful,#Technology,776,66,58,Bengaluru,Neutral,900
3392,2026-09-29 02:01:00,user_446,Amazing fitness progress,#Cricket,712,63,96,Bengaluru,Positive,871
9946,2026-09-29 02:08:00,user_21,Data analytics session today,#Trending,191,153,84,Chennai,Neutral,428
3454,2026-09-29 02:11:00,user_73,Beautiful day in Bengaluru,#Cricket,807,194,5,Hyderabad,Positive,1006
8538,2026-09-29 02:14:00,user_172,Excellent cricket match,#Technology,371,105,42,Chennai,Positive,518
5141,2026-09-29 02:33:00,user_363,Weather update from Bengaluru,#Technology,759,120,98,Delhi,Neutral,977
2025,2026-09-29 02:35:00,user_143,Beautiful day in Bengaluru,#Technology,555,34,17,Delhi,Positive,606
9885,2026-09-29 02:37:00,user_481,Python is really useful,#Trending,510,74,52,Chennai,Neutral,636
6203,2026-09-29 02:59:00,user_369,Excellent cricket match,#Fitness,916,151,22,Chennai,Positive,1089
4223,2026-09-29 03:02:00,user_248,Fitness workout completed,#Technology,850,105,31,Chennai,Neutral,986
1125,2026-09-29 03:08:00,user_65,New information available,#DataAnalytics,795,9,71,Bengaluru,Neutral,875
7063,2026-09-29 03:10:00,user_22,Amazing experience today,#Technology,349,84,53,Bengaluru,Positive,486
2424,2026-09-29 03:13:00,user_332,Amazing fitness progress,#Trending,965,75,66,Mumbai,Positive,1106
5212,2026-09-29 03:17:00,user_203,I love this new AI tool,#Cricket,208,19,66,Delhi,Positive,293
9194,2026-09-29 03:21:00,user_366,Beautiful day in Bengaluru,#Python,229,52,76,Hyderabad,Positive,357
3754,2026-09-29 03:24:00,user_49,Excellent cricket match,#Trending,222,76,99,Delhi,Positive,397
4952,2026-09-29 03:25:00,user_461,Great technology update,#Python,458,160,95,Mumbai,Positive,713
353,2026-09-29 03:37:00,user_377,Weather update from Bengaluru,#AI,559,14,67,Pune,Neutral,640
9664,2026-09-29 03:38:00,user_243,Worst experience ever,#AI,623,129,91,Mumbai,Negative,843
8385,2026-09-29 03:39:00,user_406,Python is really useful,#Bengaluru,725,198,68,Chennai,Neutral,991
1826,2026-09-29 03:45:00,user_440,Worst experience ever,#Cricket,300,22,41,Hyderabad,Negative,363
3787,2026-09-29 03:48:00,user_330,Python project discussion,#Python,96,69,12,Mumbai,Neutral,177
9075,2026-09-29 03:49:00,user_183,Technology update today,#DataAnalytics,788,134,36,Pune,Neutral,958
187,2026-09-29 03:54:00,user_316,Excellent cricket match,#Technology,989,75,84,Pune,Positive,1148
2943,2026-09-29 04:01:00,user_422,Python project discussion,#Technology,423,100,36,Hyderabad,Neutral,559
7044,2026-09-29 04:09:00,user_190,Amazing fitness progress,#Cricket,171,187,6,Bengaluru,Positive,364
3643,2026-09-29 04:24:00,user_292,I love this new AI tool,#Cricket,80,91,50,Mumbai,Positive,221
6216,2026-09-29 04:26:00,user_25,Python is really useful,#Bengaluru,479,34,84,Chennai,Neutral,597
4151,2026-09-29 04:27:00,user_448,New information available,#AI,674,36,88,Bengaluru,Neutral,798
3340,2026-09-29 04:30:00,user_125,Cricket match scheduled today,#DataAnalytics,82,14,4,Mumbai,Neutral,100
8740,2026-09-29 04:31:00,user_425,Bad experience today,#Cricket,568,90,97,Chennai,Negative,755
5316,2026-09-29 04:33:00,user_378,Amazing experience today,#DataAnalytics,866,124,16,Bengaluru,Positive,1006
229,2026-09-29 04:36:00,user_269,Worst experience ever,#Bengaluru,211,129,14,Hyderabad,Negative,354
6542,2026-09-29 04:38:00,user_109,I hate this problem,#Trending,44,139,15,Chennai,Negative,198
7491,2026-09-29 04:40:00,user_119,Data analytics session today,#Technology,758,25,39,Pune,Neutral,822
8151,2026-09-29 04:43:00,user_209,I am angry about this,#Fitness,946,117,71,Mumbai,Negative,1134
4078,2026-09-29 04:46:00,user_285,I love this new AI tool,#Python,629,21,18,Chennai,Positive,668
4894,2026-09-29 04:47:00,user_318,Bad experience today,#Fitness,455,75,2,Delhi,Negative,532
9939,2026-09-29 04:51:00,user_436,I am angry about this,#Technology,488,44,93,Pune,Negative,625
301,2026-09-29 05:00:00,user_31,Cricket match scheduled today,#AI,773,145,83,Bengaluru,Neutral,1001
1722,2026-09-29 05:06:00,user_38,Technology update today,#Cricket,43,53,13,Hyderabad,Neutral,109
8604,2026-09-29 05:10:00,user_196,I love this new AI tool,#Bengaluru,610,38,47,Mumbai,Positive,695
392,2026-09-29 05:13:00,user_393,Great technology update,#AI,925,163,62,Mumbai,Positive,1150
5654,2026-09-29 05:14:00,user_86,Amazing fitness progress,#Cricket,403,22,81,Hyderabad,Positive,506
3284,2026-09-29 05:16:00,user_456,Data analytics session today,#DataAnalytics,284,81,47,Mumbai,Neutral,412
863,2026-09-29 05:18:00,user_28,Amazing experience today,#Fitness,275,181,14,Chennai,Positive,470
6885,2026-09-29 05:26:00,user_118,Great technology update,#DataAnalytics,363,81,38,Bengaluru,Positive,482
2175,2026-09-29 05:27:00,user_320,Python project discussion,#DataAnalytics,528,9,67,Delhi,Neutral,604
4477,2026-09-29 05:31:00,user_321,I love this new AI tool,#Bengaluru,537,47,14,Pune,Positive,598
8163,2026-09-29 05:43:00,user_243,Bad experience today,#DataAnalytics,790,100,94,Chennai,Negative,984
704,2026-09-29 05:44:00,user_386,Beautiful day in Bengaluru,#Trending,175,200,86,Pune,Positive,461
755,2026-09-29 05:45:00,user_140,Amazing experience today,#AI,36,149,25,Bengaluru,Positive,210
2083,2026-09-29 05:49:00,user_5,Fitness workout completed,#DataAnalytics,442,11,82,Mumbai,Neutral,535
9529,2026-09-29 05:49:00,user_31,Beautiful day in Bengaluru,#DataAnalytics,959,186,71,Hyderabad,Positive,1216
8040,2026-09-29 05:50:00,user_447,Python project discussion,#Fitness,186,101,48,Hyderabad,Neutral,335
3188,2026-09-29 05:52:00,user_311,This failed again,#Bengaluru,10,152,4,Mumbai,Negative,166
3746,2026-09-29 05:59:00,user_496,Cricket match scheduled today,#Fitness,224,105,77,Delhi,Neutral,406
2579,2026-09-29 06:00:00,user_233,New information available,#DataAnalytics,269,73,91,Pune,Neutral,433
329,2026-09-29 06:12:00,user_491,Great work by the team,#Trending,990,45,7,Delhi,Positive,1042
9821,2026-09-29 06:18:00,user_457,Fitness workout completed,#Python,511,1,86,Mumbai,Neutral,598
249,2026-09-29 06:34:00,user_458,Great technology update,#Technology,658,101,73,Hyderabad,Positive,832
8506,2026-09-29 06:36:00,user_463,Technology update today,#AI,210,17,20,Chennai,Neutral,247
2773,2026-09-29 06:39:00,user_326,Beautiful day in Bengaluru,#AI,790,16,37,Hyderabad,Positive,843
3952,2026-09-29 06:47:00,user_353,New information available,#Bengaluru,190,74,26,Hyderabad,Neutral,290
6213,2026-09-29 06:54:00,user_242,Excellent cricket match,#Trending,333,86,47,Bengaluru,Positive,466
2239,2026-09-29 06:54:00,user_264,I love this new AI tool,#Fitness,453,136,6,Chennai,Positive,595
2732,2026-09-29 07:11:00,user_251,Weather update from Bengaluru,#Fitness,302,165,55,Delhi,Neutral,522
289,2026-09-29 07:23:00,user_148,Amazing fitness progress,#Fitness,365,148,5,Mumbai,Positive,518
9894,2026-09-29 07:25:00,user_424,Cricket match scheduled today,#DataAnalytics,922,82,56,Bengaluru,Neutral,1060
432,2026-09-29 07:30:00,user_51,Weather update from Bengaluru,#AI,490,192,47,Bengaluru,Neutral,729
2637,2026-09-29 07:32:00,user_15,AI news update,#Bengaluru,747,6,46,Mumbai,Neutral,799
8111,2026-09-29 07:34:00,user_202,Excellent cricket match,#Trending,891,76,20,Pune,Positive,987
8020,2026-09-29 07:35:00,user_454,Amazing experience today,#AI,184,173,12,Delhi,Positive,369
5889,2026-09-29 07:35:00,user_258,Python is really useful,#Fitness,580,107,5,Pune,Neutral,692
1128,2026-09-29 07:36:00,user_164,New information available,#DataAnalytics,707,1,12,Pune,Neutral,720
9443,2026-09-29 07:37:00,user_90,Python is really useful,#DataAnalytics,333,14,22,Pune,Neutral,369
6372,2026-09-29 07:39:00,user_474,Cricket match scheduled today,#DataAnalytics,226,196,100,Hyderabad,Neutral,522
7689,2026-09-29 07:39:00,user_160,Excellent cricket match,#Fitness,508,75,33,Pune,Positive,616
8507,2026-09-29 07:46:00,user_6,Great technology update,#Fitness,257,99,84,Bengaluru,Positive,440
4402,2026-09-29 07:59:00,user_285,Great work by the team,#Technology,578,51,3,Chennai,Positive,632
8781,2026-09-29 08:07:00,user_181,Poor performance today,#AI,664,50,43,Mumbai,Negative,757
5385,2026-09-29 08:11:00,user_402,Cricket match scheduled today,#Python,744,118,22,Bengaluru,Neutral,884
1376,2026-09-29 08:16:00,user_65,New information available,#DataAnalytics,792,21,80,Bengaluru,Neutral,893
2299,2026-09-29 08:20:00,user_475,I love this new AI tool,#Technology,368,194,69,Delhi,Positive,631
6079,2026-09-29 08:22:00,user_262,Amazing fitness progress,#Bengaluru,735,121,33,Delhi,Positive,889
9630,2026-09-29 08:25:00,user_217,Amazing experience today,#Cricket,809,73,1,Chennai,Positive,883
5694,2026-09-29 08:31:00,user_187,Amazing experience today,#DataAnalytics,902,3,97,Delhi,Positive,1002
4891,2026-09-29 08:32:00,user_347,Amazing experience today,#Trending,599,32,87,Bengaluru,Positive,718
8043,2026-09-29 08:37:00,user_33,Fitness workout completed,#Python,706,55,78,Bengaluru,Neutral,839
326,2026-09-29 08:41:00,user_122,Worst experience ever,#DataAnalytics,48,11,23,Bengaluru,Negative,82
3712,2026-09-29 08:46:00,user_316,Weather update from Bengaluru,#AI,553,1,9,Bengaluru,Neutral,563
9508,2026-09-29 08:51:00,user_467,Excellent cricket match,#Cricket,471,64,66,Mumbai,Positive,601
6253,2026-09-29 08:54:00,user_13,Very disappointing result,#Trending,981,54,61,Chennai,Neutral,1096
1229,2026-09-29 09:00:00,user_12,I love this new AI tool,#Python,880,105,87,Pune,Positive,1072
2385,2026-09-29 09:01:00,user_377,Weather update from Bengaluru,#Bengaluru,708,23,71,Mumbai,Neutral,802
9651,2026-09-29 09:02:00,user_220,Technology update today,#Technology,137,153,44,Mumbai,Neutral,334
6807,2026-09-29 09:02:00,user_249,Amazing fitness progress,#Fitness,813,13,91,Mumbai,Positive,917
54,2026-09-29 09:16:00,user_108,Amazing fitness progress,#Technology,42,13,40,Mumbai,Positive,95
9183,2026-09-29 09:20:00,user_184,Beautiful day in Bengaluru,#Cricket,809,84,56,Mumbai,Positive,949
9746,2026-09-29 09:52:00,user_454,Excellent cricket match,#Trending,668,107,11,Chennai,Positive,786
489,2026-09-29 09:52:00,user_458,This failed again,#Python,781,170,18,Mumbai,Negative,969
6977,2026-09-29 09:54:00,user_160,Excellent cricket match,#Fitness,666,76,35,Hyderabad,Positive,777
8937,2026-09-29 09:54:00,user_301,Amazing experience today,#Python,990,133,20,Chennai,Positive,1143
1353,2026-09-29 10:02:00,user_449,Amazing fitness progress,#Fitness,333,57,2,Delhi,Positive,392
5221,2026-09-29 10:10:00,user_73,Amazing fitness progress,#Python,694,52,82,Delhi,Positive,828
5535,2026-09-29 10:10:00,user_420,Beautiful day in Bengaluru,#Cricket,151,19,67,Pune,Positive,237
1735,2026-09-29 10:10:00,user_375,New information available,#Python,696,100,51,Delhi,Neutral,847
1503,2026-09-29 10:13:00,user_122,I love this new AI tool,#DataAnalytics,274,84,42,Delhi,Positive,400
7368,2026-09-29 10:13:00,user_150,Great technology update,#Technology,981,170,45,Hyderabad,Positive,1196
9667,2026-09-29 10:19:00,user_48,Python project discussion,#Fitness,617,84,92,Mumbai,Neutral,793
9217,2026-09-29 10:30:00,user_25,This failed again,#Cricket,243,133,83,Mumbai,Negative,459
6969,2026-09-29 10:35:00,user_463,Python is really useful,#Python,567,57,50,Hyderabad,Neutral,674
1151,2026-09-29 10:37:00,user_279,Python project discussion,#AI,976,94,16,Pune,Neutral,1086
2245,2026-09-29 10:42:00,user_309,Beautiful day in Bengaluru,#Bengaluru,550,47,78,Hyderabad,Positive,675
9935,2026-09-29 10:46:00,user_122,Great work by the team,#Python,41,191,29,Pune,Positive,261
256,2026-09-29 10:53:00,user_368,Technology update today,#Technology,426,168,37,Hyderabad,Neutral,631
8675,2026-09-29 10:54:00,user_220,I love this new AI tool,#Trending,303,193,16,Mumbai,Positive,512
158,2026-09-29 11:07:00,user_347,AI news update,#Technology,579,141,15,Hyderabad,Neutral,735
2587,2026-09-29 11:10:00,user_56,Excellent cricket match,#Trending,795,70,79,Bengaluru,Positive,944
3497,2026-09-29 11:22:00,user_347,Excellent cricket match,#Python,787,17,89,Pune,Positive,893
6483,2026-09-29 11:25:00,user_344,Great technology update,#Trending,505,170,4,Pune,Positive,679
3934,2026-09-29 11:27:00,user_124,Amazing fitness progress,#Technology,919,123,6,Bengaluru,Positive,1048
344,2026-09-29 11:32:00,user_172,Python is really useful,#Fitness,337,42,92,Chennai,Neutral,471
1870,2026-09-29 11:35:00,user_92,Python project discussion,#Fitness,247,199,60,Chennai,Neutral,506
9218,2026-09-29 11:35:00,user_66,Python project discussion,#Bengaluru,15,15,61,Pune,Neutral,91
4205,2026-09-29 11:40:00,user_384,Amazing fitness progress,#AI,752,28,30,Chennai,Positive,810
9140,2026-09-29 11:43:00,user_148,Python is really useful,#Fitness,688,59,75,Mumbai,Neutral,822
7755,2026-09-29 11:45:00,user_141,Python is really useful,#AI,710,95,13,Chennai,Neutral,818
598,2026-09-29 11:48:00,user_411,Beautiful day in Bengaluru,#Cricket,959,71,11,Pune,Positive,1041
6053,2026-09-29 11:49:00,user_468,Very disappointing result,#Fitness,530,45,9,Delhi,Neutral,584
1198,2026-09-29 11:53:00,user_475,Amazing experience today,#Technology,269,140,59,Bengaluru,Positive,468
9450,2026-09-29 11:53:00,user_354,Amazing experience today,#DataAnalytics,33,90,95,Bengaluru,Positive,218
8206,2026-09-29 11:58:00,user_50,Great work by the team,#Cricket,159,20,55,Mumbai,Positive,234
4588,2026-09-29 12:06:00,user_302,Weather update from Bengaluru,#Cricket,241,70,61,Chennai,Neutral,372
336,2026-09-29 12:11:00,user_367,Data analytics session today,#Bengaluru,231,54,13,Mumbai,Neutral,298
7798,2026-09-29 12:14:00,user_11,Worst experience ever,#Technology,46,5,27,Chennai,Negative,78
911,2026-09-29 12:15:00,user_83,Terrible service,#Python,473,172,54,Bengaluru,Negative,699
8950,2026-09-29 12:18:00,user_216,Great work by the team,#Python,881,126,75,Delhi,Positive,1082
5937,2026-09-29 12:19:00,user_282,Amazing fitness progress,#DataAnalytics,763,56,77,Pune,Positive,896
60,2026-09-29 12:20:00,user_452,Fitness workout completed,#Python,138,158,48,Mumbai,Neutral,344
4479,2026-09-29 12:32:00,user_151,Terrible service,#Fitness,512,104,86,Bengaluru,Negative,702
3926,2026-09-29 12:33:00,user_310,Python is really useful,#Python,747,91,12,Pune,Neutral,850
4638,2026-09-29 12:47:00,user_442,Excellent cricket match,#Bengaluru,862,34,95,Bengaluru,Positive,991
5665,2026-09-29 12:50:00,user_47,Amazing experience today,#AI,115,131,59,Hyderabad,Positive,305
6130,2026-09-29 12:50:00,user_201,Great work by the team,#Technology,631,59,20,Bengaluru,Positive,710
1646,2026-09-29 12:51:00,user_275,Beautiful day in Bengaluru,#Technology,797,200,73,Delhi,Positive,1070
2394,2026-09-29 13:04:00,user_312,Python project discussion,#Trending,73,195,66,Hyderabad,Neutral,334
1510,2026-09-29 13:08:00,user_469,Bad experience today,#DataAnalytics,446,80,58,Pune,Negative,584
2339,2026-09-29 13:13:00,user_172,AI news update,#Technology,107,23,48,Hyderabad,Neutral,178
6943,2026-09-29 13:14:00,user_264,Great technology update,#Bengaluru,200,109,86,Delhi,Positive,395
2120,2026-09-29 13:14:00,user_293,Amazing experience today,#Technology,295,14,89,Chennai,Positive,398
4776,2026-09-29 13:25:00,user_70,Excellent cricket match,#Fitness,945,53,16,Hyderabad,Positive,1014
4748,2026-09-29 13:33:00,user_146,Amazing fitness progress,#AI,964,194,56,Chennai,Positive,1214
5367,2026-09-29 13:34:00,user_107,Great work by the team,#Technology,364,164,48,Delhi,Positive,576
3330,2026-09-29 13:34:00,user_443,Great work by the team,#Trending,795,154,50,Delhi,Positive,999
4324,2026-09-29 13:41:00,user_23,Great work by the team,#Fitness,530,82,20,Hyderabad,Positive,632
2936,2026-09-29 13:43:00,user_144,Technology update today,#Cricket,200,99,91,Bengaluru,Neutral,390
6481,2026-09-29 13:45:00,user_40,Amazing experience today,#Python,507,156,50,Chennai,Positive,713
6200,2026-09-29 13:47:00,user_153,I love this new AI tool,#Trending,75,20,45,Mumbai,Positive,140
7389,2026-09-29 13:47:00,user_268,Python project discussion,#Technology,468,166,100,Bengaluru,Neutral,734
4950,2026-09-29 13:48:00,user_40,Amazing fitness progress,#Python,126,70,66,Chennai,Positive,262
8636,2026-09-29 13:52:00,user_416,Beautiful day in Bengaluru,#Bengaluru,470,75,43,Chennai,Positive,588
4528,2026-09-29 13:54:00,user_98,Fitness workout completed,#AI,543,100,61,Delhi,Neutral,704
8279,2026-09-29 13:56:00,user_403,Poor performance today,#Technology,248,9,50,Pune,Negative,307
7751,2026-09-29 13:59:00,user_433,Great work by the team,#Technology,156,161,33,Bengaluru,Positive,350
4527,2026-09-29 14:11:00,user_89,Python is really useful,#DataAnalytics,238,89,81,Mumbai,Neutral,408
1681,2026-09-29 14:16:00,user_485,I love this new AI tool,#DataAnalytics,590,15,27,Chennai,Positive,632
5109,2026-09-29 14:21:00,user_26,Cricket match scheduled today,#Python,290,32,59,Delhi,Neutral,381
3296,2026-09-29 14:37:00,user_195,Weather update from Bengaluru,#Fitness,459,16,35,Chennai,Neutral,510
2784,2026-09-29 14:39:00,user_25,Amazing fitness progress,#AI,117,181,36,Pune,Positive,334
6255,2026-09-29 14:46:00,user_383,This failed again,#Trending,255,181,74,Bengaluru,Negative,510
5647,2026-09-29 14:51:00,user_1,Amazing fitness progress,#Technology,117,51,20,Mumbai,Positive,188
4804,2026-09-29 14:52:00,user_441,Data analytics session today,#Fitness,260,109,94,Bengaluru,Neutral,463
4841,2026-09-29 14:52:00,user_186,Data analytics session today,#Technology,416,68,34,Delhi,Neutral,518
5164,2026-09-29 14:53:00,user_322,Great technology update,#Cricket,411,163,77,Bengaluru,Positive,651
3317,2026-09-29 15:03:00,user_165,Amazing fitness progress,#Bengaluru,915,79,6,Hyderabad,Positive,1000
5960,2026-09-29 15:06:00,user_356,Very disappointing result,#Trending,318,15,66,Chennai,Neutral,399
2420,2026-09-29 15:09:00,user_379,I love this new AI tool,#Bengaluru,932,157,44,Bengaluru,Positive,1133
2263,2026-09-29 15:14:00,user_95,New information available,#Cricket,231,53,48,Hyderabad,Neutral,332
4106,2026-09-29 15:17:00,user_137,Amazing experience today,#Bengaluru,317,38,46,Bengaluru,Positive,401
7069,2026-09-29 15:17:00,user_73,Amazing fitness progress,#AI,690,192,35,Pune,Positive,917
2768,2026-09-29 15:21:00,user_62,Fitness workout completed,#Cricket,736,77,63,Delhi,Neutral,876
7391,2026-09-29 15:44:00,user_276,Excellent cricket match,#DataAnalytics,316,140,35,Delhi,Positive,491
4039,2026-09-29 15:47:00,user_381,I am angry about this,#Cricket,490,83,99,Hyderabad,Negative,672
9483,2026-09-29 15:54:00,user_472,Amazing experience today,#Technology,34,72,2,Bengaluru,Positive,108
6764,2026-09-29 15:54:00,user_230,Great work by the team,#DataAnalytics,493,14,51,Delhi,Positive,558
4284,2026-09-29 15:55:00,user_323,Python is really useful,#Trending,764,53,100,Pune,Neutral,917
4374,2026-09-29 15:56:00,user_249,Great work by the team,#Bengaluru,718,153,55,Delhi,Positive,926
7763,2026-09-29 15:59:00,user_263,Cricket match scheduled today,#AI,35,128,40,Pune,Neutral,203
5986,2026-09-29 16:00:00,user_157,Weather update from Bengaluru,#DataAnalytics,82,194,99,Chennai,Neutral,375
9494,2026-09-29 16:00:00,user_384,Bad experience today,#AI,463,22,47,Pune,Negative,532
992,2026-09-29 16:05:00,user_193,I love this new AI tool,#Fitness,438,189,47,Bengaluru,Positive,674
2751,2026-09-29 16:05:00,user_169,Fitness workout completed,#Technology,38,5,84,Bengaluru,Neutral,127
3722,2026-09-29 16:06:00,user_10,Great technology update,#Technology,617,88,23,Delhi,Positive,728
4074,2026-09-29 16:07:00,user_106,I love this new AI tool,#Cricket,710,175,16,Bengaluru,Positive,901
1699,2026-09-29 16:07:00,user_491,Great work by the team,#Bengaluru,968,8,30,Hyderabad,Positive,1006
8850,2026-09-29 16:13:00,user_259,Python is really useful,#Python,676,103,57,Mumbai,Neutral,836
5468,2026-09-29 16:13:00,user_68,Python project discussion,#Python,129,43,53,Bengaluru,Neutral,225
3929,2026-09-29 16:18:00,user_330,Weather update from Bengaluru,#Bengaluru,687,30,30,Delhi,Neutral,747
8076,2026-09-29 16:20:00,user_211,Python is really useful,#Technology,381,90,6,Bengaluru,Neutral,477
4239,2026-09-29 16:23:00,user_456,Bad experience today,#Technology,184,70,78,Hyderabad,Negative,332
7388,2026-09-29 16:26:00,user_83,Python project discussion,#Technology,809,2,97,Mumbai,Neutral,908
9788,2026-09-29 16:27:00,user_490,Bad experience today,#AI,308,115,64,Hyderabad,Negative,487
5882,2026-09-29 16:34:00,user_492,Amazing experience today,#DataAnalytics,226,120,76,Delhi,Positive,422
963,2026-09-29 16:36:00,user_61,New information available,#Bengaluru,674,56,34,Bengaluru,Neutral,764
6364,2026-09-29 16:37:00,user_32,Python is really useful,#DataAnalytics,525,160,80,Chennai,Neutral,765
7964,2026-09-29 16:43:00,user_144,Excellent cricket match,#Trending,121,5,47,Chennai,Positive,173
8207,2026-09-29 16:48:00,user_180,Cricket match scheduled today,#Python,767,186,5,Bengaluru,Neutral,958
6366,2026-09-29 16:52:00,user_212,This failed again,#Trending,387,94,31,Pune,Negative,512
7282,2026-09-29 17:00:00,user_339,Data analytics session today,#Bengaluru,781,80,29,Mumbai,Neutral,890
869,2026-09-29 17:03:00,user_204,AI news update,#Fitness,25,8,35,Chennai,Neutral,68
6264,2026-09-29 17:06:00,user_51,Great technology update,#Technology,819,179,72,Mumbai,Positive,1070
363,2026-09-29 17:06:00,user_325,Weather update from Bengaluru,#Technology,129,96,77,Delhi,Neutral,302
5676,2026-09-29 17:08:00,user_125,Data analytics session today,#Bengaluru,497,108,90,Pune,Neutral,695
5010,2026-09-29 17:08:00,user_232,Data analytics session today,#Trending,950,76,70,Chennai,Neutral,1096
257,2026-09-29 17:11:00,user_338,I hate this problem,#Python,832,173,78,Mumbai,Negative,1083
932,2026-09-29 17:16:00,user_129,I love this new AI tool,#AI,493,130,3,Hyderabad,Positive,626
1197,2026-09-29 17:18:00,user_120,Technology update today,#Cricket,432,117,59,Pune,Neutral,608
1589,2026-09-29 17:19:00,user_162,Python is really useful,#Fitness,821,142,92,Mumbai,Neutral,1055
240,2026-09-29 17:24:00,user_425,Terrible service,#DataAnalytics,692,39,99,Mumbai,Negative,830
9678,2026-09-29 17:26:00,user_4,Great technology update,#Technology,337,194,42,Delhi,Positive,573
9270,2026-09-29 17:30:00,user_108,Worst experience ever,#Technology,423,59,70,Hyderabad,Negative,552
2366,2026-09-29 17:32:00,user_230,Fitness workout completed,#Cricket,11,46,33,Chennai,Neutral,90
761,2026-09-29 17:45:00,user_104,Great technology update,#Python,653,142,28,Chennai,Positive,823
8998,2026-09-29 17:46:00,user_312,Great work by the team,#Bengaluru,248,193,49,Mumbai,Positive,490
831,2026-09-29 17:49:00,user_361,Terrible service,#Fitness,564,107,33,Delhi,Negative,704
768,2026-09-29 17:51:00,user_194,Terrible service,#Python,87,142,11,Hyderabad,Negative,240
743,2026-09-29 17:55:00,user_262,Amazing experience today,#AI,170,111,94,Delhi,Positive,375
3799,2026-09-29 18:01:00,user_43,Fitness workout completed,#Trending,511,161,65,Delhi,Neutral,737
9716,2026-09-29 18:06:00,user_31,Great work by the team,#AI,435,29,65,Delhi,Positive,529
1400,2026-09-29 18:11:00,user_26,Python is really useful,#Bengaluru,329,195,57,Hyderabad,Neutral,581
1601,2026-09-29 18:11:00,user_303,Great technology update,#DataAnalytics,551,23,49,Pune,Positive,623
1265,2026-09-29 18:34:00,user_107,This failed again,#Fitness,316,184,43,Delhi,Negative,543
9375,2026-09-29 18:34:00,user_167,Fitness workout completed,#Technology,903,30,59,Mumbai,Neutral,992
3820,2026-09-29 18:39:00,user_186,Terrible service,#Python,325,171,12,Delhi,Negative,508
7827,2026-09-29 18:53:00,user_90,I love this new AI tool,#Trending,240,110,1,Chennai,Positive,351
3869,2026-09-29 18:54:00,user_231,Great work by the team,#Cricket,204,114,94,Mumbai,Positive,412
9205,2026-09-29 18:55:00,user_5,Excellent cricket match,#DataAnalytics,596,67,72,Pune,Positive,735
4024,2026-09-29 19:03:00,user_261,I am angry about this,#DataAnalytics,373,27,62,Chennai,Negative,462
5868,2026-09-29 19:08:00,user_175,I love this new AI tool,#Fitness,470,96,1,Hyderabad,Positive,567
2770,2026-09-29 19:08:00,user_343,Amazing experience today,#Technology,375,19,42,Mumbai,Positive,436
3354,2026-09-29 19:11:00,user_156,Excellent cricket match,#Python,401,154,26,Mumbai,Positive,581
1441,2026-09-29 19:16:00,user_490,Worst experience ever,#AI,239,129,53,Delhi,Negative,421
3462,2026-09-29 19:17:00,user_171,Bad experience today,#AI,163,91,38,Bengaluru,Negative,292
4092,2026-09-29 19:20:00,user_473,Very disappointing result,#Bengaluru,721,160,70,Mumbai,Neutral,951
9676,2026-09-29 19:26:00,user_473,Great work by the team,#DataAnalytics,960,114,2,Bengaluru,Positive,1076
9782,2026-09-29 19:31:00,user_185,Python is really useful,#Fitness,704,54,54,Mumbai,Neutral,812
4948,2026-09-29 19:42:00,user_50,Beautiful day in Bengaluru,#Fitness,32,127,14,Pune,Positive,173
5648,2026-09-29 19:49:00,user_175,Amazing fitness progress,#DataAnalytics,453,73,98,Mumbai,Positive,624
776,2026-09-29 19:50:00,user_175,New information available,#Cricket,583,11,63,Bengaluru,Neutral,657
4351,2026-09-29 19:51:00,user_170,This failed again,#DataAnalytics,464,134,38,Mumbai,Negative,636
2187,2026-09-29 19:59:00,user_14,Cricket match scheduled today,#Cricket,747,139,73,Mumbai,Neutral,959
9909,2026-09-29 20:03:00,user_432,Poor performance today,#Technology,236,114,14,Pune,Negative,364
7907,2026-09-29 20:04:00,user_493,AI news update,#Bengaluru,149,29,59,Delhi,Neutral,237
3852,2026-09-29 20:04:00,user_35,Excellent cricket match,#DataAnalytics,464,151,57,Hyderabad,Positive,672
2727,2026-09-29 20:06:00,user_160,Python is really useful,#Python,791,86,16,Hyderabad,Neutral,893
4366,2026-09-29 20:14:00,user_255,Amazing experience today,#Fitness,821,73,24,Delhi,Positive,918
3543,2026-09-29 20:17:00,user_23,Worst experience ever,#Technology,419,48,53,Hyderabad,Negative,520
651,2026-09-29 20:17:00,user_271,Worst experience ever,#Cricket,591,116,17,Chennai,Negative,724
6653,2026-09-29 20:20:00,user_267,I love this new AI tool,#AI,369,137,44,Mumbai,Positive,550
3676,2026-09-29 20:24:00,user_152,Terrible service,#Bengaluru,162,113,52,Pune,Negative,327
1637,2026-09-29 20:25:00,user_417,New information available,#Technology,216,198,32,Mumbai,Neutral,446
5609,2026-09-29 20:29:00,user_378,I love this new AI tool,#Cricket,806,79,36,Pune,Positive,921
1523,2026-09-29 20:29:00,user_158,New information available,#DataAnalytics,324,121,62,Hyderabad,Neutral,507
5372,2026-09-29 20:41:00,user_171,Data analytics session today,#Bengaluru,708,47,67,Bengaluru,Neutral,822
7473,2026-09-29 20:48:00,user_391,Cricket match scheduled today,#Python,477,17,84,Pune,Neutral,578
2588,2026-09-29 20:49:00,user_85,Fitness workout completed,#Technology,19,32,35,Delhi,Neutral,86
1952,2026-09-29 20:55:00,user_173,Beautiful day in Bengaluru,#Trending,349,110,43,Delhi,Positive,502
795,2026-09-29 20:56:00,user_15,This failed again,#Technology,805,68,85,Bengaluru,Negative,958
7738,2026-09-29 21:04:00,user_351,Great technology update,#Python,15,85,27,Mumbai,Positive,127
640,2026-09-29 21:07:00,user_178,AI news update,#Technology,433,136,94,Bengaluru,Neutral,663
9269,2026-09-29 21:12:00,user_99,New information available,#AI,936,11,27,Mumbai,Neutral,974
236,2026-09-29 21:20:00,user_248,Excellent cricket match,#Technology,902,169,74,Delhi,Positive,1145
6574,2026-09-29 21:24:00,user_239,Beautiful day in Bengaluru,#Technology,385,83,40,Pune,Positive,508
1732,2026-09-29 21:31:00,user_115,Beautiful day in Bengaluru,#Technology,67,41,3,Chennai,Positive,111
673,2026-09-29 21:46:00,user_399,Bad experience today,#Bengaluru,674,44,9,Pune,Negative,727
3737,2026-09-29 21:48:00,user_411,Great work by the team,#Bengaluru,564,158,76,Chennai,Positive,798
4851,2026-09-29 21:48:00,user_80,I love this new AI tool,#Fitness,201,5,49,Delhi,Positive,255
2058,2026-09-29 21:55:00,user_106,Amazing experience today,#Trending,16,160,45,Chennai,Positive,221
9927,2026-09-29 21:58:00,user_227,AI news update,#Fitness,493,164,61,Hyderabad,Neutral,718
5249,2026-09-29 22:10:00,user_484,Great work by the team,#Technology,92,154,94,Chennai,Positive,340
6387,2026-09-29 22:11:00,user_283,I am angry about this,#DataAnalytics,931,187,1,Chennai,Negative,1119
8031,2026-09-29 22:13:00,user_382,Worst experience ever,#Python,10,44,33,Hyderabad,Negative,87
3341,2026-09-29 22:14:00,user_157,I love this new AI tool,#Python,856,59,19,Bengaluru,Positive,934
7607,2026-09-29 22:36:00,user_164,AI news update,#Cricket,718,126,59,Delhi,Neutral,903
9834,2026-09-29 22:39:00,user_257,Amazing fitness progress,#DataAnalytics,883,87,84,Bengaluru,Positive,1054
5425,2026-09-29 22:40:00,user_141,Python project discussion,#Fitness,239,113,12,Bengaluru,Neutral,364
8933,2026-09-29 22:46:00,user_181,New information available,#Fitness,118,105,5,Bengaluru,Neutral,228
2533,2026-09-29 22:50:00,user_48,Technology update today,#Trending,367,25,44,Delhi,Neutral,436
558,2026-09-29 22:52:00,user_420,AI news update,#Technology,910,131,58,Bengaluru,Neutral,1099
2540,2026-09-29 22:54:00,user_335,Terrible service,#Trending,402,68,97,Pune,Negative,567
3259,2026-09-29 23:02:00,user_250,Technology update today,#Technology,721,131,8,Delhi,Neutral,860
6832,2026-09-29 23:04:00,user_375,Great work by the team,#Python,25,6,19,Bengaluru,Positive,50
8698,2026-09-29 23:06:00,user_90,Great technology update,#Technology,952,180,18,Chennai,Positive,1150
3283,2026-09-29 23:18:00,user_388,Amazing fitness progress,#Fitness,540,85,64,Mumbai,Positive,689
3941,2026-09-29 23:25:00,user_282,Amazing fitness progress,#Trending,242,53,65,Pune,Positive,360
8053,2026-09-29 23:34:00,user_494,Amazing experience today,#Bengaluru,928,73,71,Bengaluru,Positive,1072
373,2026-09-29 23:37:00,user_479,Python project discussion,#Bengaluru,997,127,73,Mumbai,Neutral,1197
6482,2026-09-29 23:42:00,user_240,Great technology update,#Fitness,390,159,42,Bengaluru,Positive,591
9597,2026-09-29 23:54:00,user_394,Amazing fitness progress,#Technology,987,182,66,Bengaluru,Positive,1235
570,2026-09-29 23:56:00,user_128,Great technology update,#Python,355,12,59,Pune,Positive,426
8971,2026-09-29 23:59:00,user_245,Poor performance today,#Python,717,74,62,Delhi,Negative,853
7611,2026-09-30 00:08:00,user_10,Amazing fitness progress,#Fitness,487,60,49,Delhi,Positive,596
8339,2026-09-30 00:11:00,user_369,Amazing fitness progress,#Trending,71,82,43,Bengaluru,Positive,196
9131,2026-09-30 00:14:00,user_397,Beautiful day in Bengaluru,#Cricket,158,95,78,Hyderabad,Positive,331
5114,2026-09-30 00:22:00,user_356,Excellent cricket match,#Bengaluru,37,176,92,Hyderabad,Positive,305
4188,2026-09-30 00:23:00,user_160,Cricket match scheduled today,#Fitness,954,41,63,Delhi,Neutral,1058
4855,2026-09-30 00:25:00,user_491,I am angry about this,#Trending,120,175,99,Mumbai,Negative,394
6172,2026-09-30 00:26:00,user_296,Excellent cricket match,#Trending,445,67,22,Pune,Positive,534
6743,2026-09-30 00:31:00,user_164,Amazing fitness progress,#Python,301,65,7,Delhi,Positive,373
6648,2026-09-30 00:34:00,user_276,Fitness workout completed,#AI,900,176,19,Mumbai,Neutral,1095
5971,2026-09-30 00:39:00,user_443,Worst experience ever,#Python,168,35,58,Pune,Negative,261
3525,2026-09-30 00:40:00,user_470,Great work by the team,#Bengaluru,210,56,58,Hyderabad,Positive,324
6360,2026-09-30 00:40:00,user_478,Beautiful day in Bengaluru,#Fitness,64,137,42,Mumbai,Positive,243
8139,2026-09-30 00:45:00,user_286,Beautiful day in Bengaluru,#DataAnalytics,208,50,42,Chennai,Positive,300
7891,2026-09-30 00:56:00,user_469,Weather update from Bengaluru,#AI,616,89,58,Hyderabad,Neutral,763
1853,2026-09-30 00:56:00,user_73,Worst experience ever,#DataAnalytics,123,29,49,Bengaluru,Negative,201
4550,2026-09-30 00:57:00,user_133,Python project discussion,#Trending,612,153,28,Chennai,Neutral,793
5719,2026-09-30 00:57:00,user_25,Python project discussion,#AI,66,138,74,Bengaluru,Neutral,278
74,2026-09-30 01:00:00,user_272,Very disappointing result,#Trending,106,79,40,Pune,Neutral,225
4371,2026-09-30 01:00:00,user_195,Excellent cricket match,#Bengaluru,907,55,13,Delhi,Positive,975
3727,2026-09-30 01:02:00,user_298,I love this new AI tool,#Technology,38,122,67,Delhi,Positive,227
2982,2026-09-30 01:07:00,user_127,Terrible service,#DataAnalytics,856,55,60,Mumbai,Negative,971
6510,2026-09-30 01:08:00,user_223,Fitness workout completed,#Cricket,54,49,3,Hyderabad,Neutral,106
8862,2026-09-30 01:12:00,user_422,Amazing experience today,#Cricket,291,150,80,Pune,Positive,521
8003,2026-09-30 01:24:00,user_88,Cricket match scheduled today,#Python,550,112,40,Mumbai,Neutral,702
8232,2026-09-30 01:25:00,user_29,Weather update from Bengaluru,#Fitness,963,70,12,Pune,Neutral,1045
5608,2026-09-30 01:27:00,user_302,New information available,#AI,84,46,83,Bengaluru,Neutral,213
6888,2026-09-30 01:32:00,user_6,Great technology update,#DataAnalytics,222,85,46,Pune,Positive,353
9551,2026-09-30 01:35:00,user_65,Amazing experience today,#Technology,37,79,32,Delhi,Positive,148
6045,2026-09-30 01:36:00,user_377,Great work by the team,#Cricket,670,138,17,Pune,Positive,825
3849,2026-09-30 01:37:00,user_326,Beautiful day in Bengaluru,#Trending,613,53,24,Chennai,Positive,690
6084,2026-09-30 01:38:00,user_162,Great technology update,#Bengaluru,921,97,57,Pune,Positive,1075
3899,2026-09-30 01:39:00,user_322,New information available,#Trending,517,51,51,Bengaluru,Neutral,619
3313,2026-09-30 01:39:00,user_480,Fitness workout completed,#Bengaluru,857,137,39,Delhi,Neutral,1033
6056,2026-09-30 01:42:00,user_262,Great technology update,#Fitness,613,30,17,Hyderabad,Positive,660
1538,2026-09-30 01:47:00,user_415,Weather update from Bengaluru,#Python,85,114,35,Mumbai,Neutral,234
6249,2026-09-30 01:47:00,user_337,AI news update,#Bengaluru,393,48,92,Bengaluru,Neutral,533
3848,2026-09-30 01:54:00,user_81,AI news update,#Python,851,94,41,Pune,Neutral,986
275,2026-09-30 01:56:00,user_141,Great technology update,#DataAnalytics,441,161,83,Chennai,Positive,685
9738,2026-09-30 01:57:00,user_44,Cricket match scheduled today,#Fitness,257,135,64,Hyderabad,Neutral,456
6924,2026-09-30 01:57:00,user_17,Great technology update,#AI,864,184,48,Mumbai,Positive,1096
9813,2026-09-30 02:05:00,user_330,Python is really useful,#Trending,592,130,70,Delhi,Neutral,792
1374,2026-09-30 02:06:00,user_168,Amazing experience today,#Bengaluru,597,159,8,Hyderabad,Positive,764
1428,2026-09-30 02:07:00,user_10,Amazing experience today,#Trending,167,168,24,Pune,Positive,359
4994,2026-09-30 02:10:00,user_149,Excellent cricket match,#AI,717,164,67,Delhi,Positive,948
7305,2026-09-30 02:13:00,user_175,AI news update,#AI,988,158,57,Pune,Neutral,1203
2039,2026-09-30 02:13:00,user_203,Great technology update,#Cricket,753,69,88,Hyderabad,Positive,910
3837,2026-09-30 02:21:00,user_54,Great work by the team,#Cricket,275,78,84,Bengaluru,Positive,437
8452,2026-09-30 02:23:00,user_486,Great technology update,#AI,318,53,89,Chennai,Positive,460
4575,2026-09-30 02:29:00,user_386,Cricket match scheduled today,#AI,876,68,43,Bengaluru,Neutral,987
3429,2026-09-30 02:29:00,user_55,Technology update today,#Fitness,526,29,46,Delhi,Neutral,601
3209,2026-09-30 02:32:00,user_88,Great work by the team,#DataAnalytics,903,52,92,Chennai,Positive,1047
6153,2026-09-30 02:33:00,user_49,Excellent cricket match,#Fitness,69,83,59,Hyderabad,Positive,211
27,2026-09-30 02:40:00,user_456,Python is really useful,#Technology,340,9,71,Bengaluru,Neutral,420
4995,2026-09-30 02:44:00,user_69,Python is really useful,#Fitness,835,77,83,Mumbai,Neutral,995
3796,2026-09-30 02:49:00,user_133,Fitness workout completed,#Trending,735,92,98,Pune,Neutral,925
5685,2026-09-30 02:50:00,user_131,I hate this problem,#Cricket,323,124,5,Delhi,Negative,452
5309,2026-09-30 02:55:00,user_65,Great technology update,#Python,449,144,60,Chennai,Positive,653
6814,2026-09-30 03:14:00,user_70,I love this new AI tool,#Bengaluru,326,164,38,Mumbai,Positive,528
6730,2026-09-30 03:15:00,user_71,I am angry about this,#Python,610,9,51,Chennai,Negative,670
4297,2026-09-30 03:16:00,user_237,Python is really useful,#DataAnalytics,510,184,70,Chennai,Neutral,764
2118,2026-09-30 03:29:00,user_228,New information available,#AI,904,82,65,Delhi,Neutral,1051
8303,2026-09-30 03:37:00,user_31,Python project discussion,#Technology,532,106,71,Hyderabad,Neutral,709
4395,2026-09-30 03:43:00,user_356,Amazing experience today,#Bengaluru,193,38,17,Chennai,Positive,248
3714,2026-09-30 03:44:00,user_468,AI news update,#Trending,129,180,56,Bengaluru,Neutral,365
5414,2026-09-30 03:44:00,user_131,Amazing fitness progress,#AI,203,70,71,Delhi,Positive,344
1577,2026-09-30 03:45:00,user_303,New information available,#Fitness,74,196,96,Mumbai,Neutral,366
6179,2026-09-30 03:46:00,user_252,Fitness workout completed,#DataAnalytics,256,152,49,Chennai,Neutral,457
3606,2026-09-30 03:51:00,user_418,Python is really useful,#Fitness,531,62,12,Mumbai,Neutral,605
2348,2026-09-30 03:52:00,user_190,Great technology update,#DataAnalytics,630,43,49,Pune,Positive,722
6788,2026-09-30 03:57:00,user_195,Great work by the team,#Technology,294,71,75,Delhi,Positive,440
5844,2026-09-30 04:12:00,user_401,Worst experience ever,#Trending,931,146,20,Hyderabad,Negative,1097
9372,2026-09-30 04:16:00,user_291,Beautiful day in Bengaluru,#Fitness,256,194,94,Pune,Positive,544
7444,2026-09-30 04:19:00,user_453,Python project discussion,#Trending,358,44,8,Bengaluru,Neutral,410
6988,2026-09-30 04:21:00,user_178,Bad experience today,#DataAnalytics,368,170,18,Pune,Negative,556
7781,2026-09-30 04:27:00,user_40,Terrible service,#Trending,673,199,43,Hyderabad,Negative,915
3547,2026-09-30 04:27:00,user_399,Python is really useful,#Cricket,880,146,50,Chennai,Neutral,1076
4905,2026-09-30 04:28:00,user_188,Excellent cricket match,#Fitness,971,41,100,Mumbai,Positive,1112
6547,2026-09-30 04:41:00,user_409,Amazing experience today,#Technology,367,82,99,Bengaluru,Positive,548
5401,2026-09-30 04:49:00,user_6,Cricket match scheduled today,#Technology,713,78,8,Bengaluru,Neutral,799
2155,2026-09-30 04:59:00,user_22,Cricket match scheduled today,#Trending,70,170,31,Bengaluru,Neutral,271
8842,2026-09-30 05:01:00,user_45,Beautiful day in Bengaluru,#Trending,535,29,53,Hyderabad,Positive,617
8019,2026-09-30 05:02:00,user_84,Great technology update,#AI,468,45,24,Hyderabad,Positive,537
1629,2026-09-30 05:03:00,user_24,Excellent cricket match,#Python,147,149,78,Hyderabad,Positive,374
9297,2026-09-30 05:03:00,user_38,Python is really useful,#Python,854,98,100,Mumbai,Neutral,1052
2198,2026-09-30 05:05:00,user_472,Amazing experience today,#Fitness,742,182,6,Mumbai,Positive,930
1355,2026-09-30 05:09:00,user_172,Terrible service,#Trending,677,153,96,Hyderabad,Negative,926
4125,2026-09-30 05:13:00,user_22,Great work by the team,#DataAnalytics,81,180,82,Chennai,Positive,343
554,2026-09-30 05:14:00,user_164,Technology update today,#Fitness,982,53,53,Pune,Neutral,1088
4784,2026-09-30 05:22:00,user_443,I love this new AI tool,#DataAnalytics,681,190,24,Chennai,Positive,895
8849,2026-09-30 05:23:00,user_2,I am angry about this,#AI,358,119,11,Delhi,Negative,488
78,2026-09-30 05:23:00,user_383,Weather update from Bengaluru,#DataAnalytics,744,191,84,Delhi,Neutral,1019
917,2026-09-30 05:36:00,user_311,Poor performance today,#DataAnalytics,316,8,90,Bengaluru,Negative,414
547,2026-09-30 05:41:00,user_245,Beautiful day in Bengaluru,#Trending,991,119,42,Chennai,Positive,1152
9732,2026-09-30 05:42:00,user_107,Very disappointing result,#Technology,962,81,76,Hyderabad,Neutral,1119
5583,2026-09-30 05:44:00,user_483,Weather update from Bengaluru,#AI,135,53,38,Mumbai,Neutral,226
1032,2026-09-30 05:53:00,user_126,Weather update from Bengaluru,#Technology,543,136,67,Hyderabad,Neutral,746
5173,2026-09-30 05:54:00,user_494,Technology update today,#Technology,555,106,67,Mumbai,Neutral,728
6734,2026-09-30 05:59:00,user_239,Technology update today,#Technology,90,136,63,Delhi,Neutral,289
1309,2026-09-30 06:06:00,user_416,Data analytics session today,#Python,341,71,88,Hyderabad,Neutral,500
1862,2026-09-30 06:10:00,user_337,Python is really useful,#Fitness,382,122,50,Pune,Neutral,554
1362,2026-09-30 06:12:00,user_246,Fitness workout completed,#AI,972,84,61,Hyderabad,Neutral,1117
3532,2026-09-30 06:16:00,user_386,I love this new AI tool,#Trending,920,22,91,Hyderabad,Positive,1033
5474,2026-09-30 06:18:00,user_487,Excellent cricket match,#Trending,920,22,43,Pune,Positive,985
3412,2026-09-30 06:20:00,user_38,New information available,#Trending,37,51,77,Bengaluru,Neutral,165
4008,2026-09-30 06:29:00,user_444,I love this new AI tool,#AI,468,109,19,Bengaluru,Positive,596
370,2026-09-30 06:30:00,user_437,Great technology update,#Fitness,676,148,65,Hyderabad,Positive,889
1250,2026-09-30 06:32:00,user_486,Amazing fitness progress,#Bengaluru,416,191,98,Mumbai,Positive,705
6314,2026-09-30 06:34:00,user_358,Weather update from Bengaluru,#Python,113,58,35,Mumbai,Neutral,206
2816,2026-09-30 06:43:00,user_96,Fitness workout completed,#Fitness,180,147,69,Delhi,Neutral,396
7963,2026-09-30 06:50:00,user_229,Worst experience ever,#Fitness,606,197,79,Pune,Negative,882
6536,2026-09-30 07:00:00,user_303,Technology update today,#Python,898,38,38,Hyderabad,Neutral,974
9593,2026-09-30 07:04:00,user_299,Beautiful day in Bengaluru,#AI,364,159,31,Pune,Positive,554
9696,2026-09-30 07:05:00,user_70,Excellent cricket match,#Python,952,72,74,Hyderabad,Positive,1098
6277,2026-09-30 07:09:00,user_412,Data analytics session today,#Technology,610,160,65,Bengaluru,Neutral,835
9570,2026-09-30 07:10:00,user_223,This failed again,#Fitness,884,28,51,Chennai,Negative,963
6280,2026-09-30 07:13:00,user_341,AI news update,#AI,801,51,91,Pune,Neutral,943
8180,2026-09-30 07:22:00,user_312,Worst experience ever,#Fitness,173,104,50,Mumbai,Negative,327
9808,2026-09-30 07:22:00,user_286,Amazing fitness progress,#Fitness,410,39,13,Chennai,Positive,462
5133,2026-09-30 07:24:00,user_299,Amazing fitness progress,#Cricket,345,142,54,Delhi,Positive,541
455,2026-09-30 07:26:00,user_234,Fitness workout completed,#Technology,312,127,42,Pune,Neutral,481
6227,2026-09-30 07:26:00,user_69,Excellent cricket match,#Trending,82,39,70,Chennai,Positive,191
4066,2026-09-30 07:28:00,user_13,Great technology update,#DataAnalytics,376,170,36,Pune,Positive,582
5006,2026-09-30 07:38:00,user_462,Great technology update,#Technology,454,166,63,Delhi,Positive,683
3834,2026-09-30 07:44:00,user_485,Amazing experience today,#Cricket,352,90,9,Mumbai,Positive,451
8005,2026-09-30 07:45:00,user_202,New information available,#Technology,778,153,11,Chennai,Neutral,942
3097,2026-09-30 07:47:00,user_89,Amazing experience today,#Trending,22,50,15,Mumbai,Positive,87
8847,2026-09-30 07:52:00,user_429,Great technology update,#Cricket,814,144,62,Chennai,Positive,1020
637,2026-09-30 07:58:00,user_390,Weather update from Bengaluru,#Fitness,837,1,76,Mumbai,Neutral,914
5108,2026-09-30 07:58:00,user_305,AI news update,#DataAnalytics,285,154,16,Delhi,Neutral,455
6018,2026-09-30 07:59:00,user_10,Python is really useful,#Trending,200,159,1,Hyderabad,Neutral,360
8002,2026-09-30 08:11:00,user_61,Cricket match scheduled today,#AI,832,144,30,Chennai,Neutral,1006
9338,2026-09-30 08:13:00,user_91,AI news update,#Cricket,598,183,3,Hyderabad,Neutral,784
9139,2026-09-30 08:24:00,user_286,Great work by the team,#Technology,63,74,20,Chennai,Positive,157
2919,2026-09-30 08:30:00,user_262,Python project discussion,#Bengaluru,466,14,20,Delhi,Neutral,500
8184,2026-09-30 08:35:00,user_59,Amazing fitness progress,#AI,429,106,17,Delhi,Positive,552
143,2026-09-30 08:36:00,user_306,I love this new AI tool,#Python,498,135,91,Chennai,Positive,724
1516,2026-09-30 08:38:00,user_378,Amazing fitness progress,#Technology,855,185,17,Delhi,Positive,1057
5877,2026-09-30 08:42:00,user_103,Amazing fitness progress,#DataAnalytics,129,43,71,Mumbai,Positive,243
8410,2026-09-30 08:44:00,user_363,Python is really useful,#Cricket,618,21,53,Chennai,Neutral,692
9303,2026-09-30 08:50:00,user_91,I am angry about this,#Python,25,77,2,Hyderabad,Negative,104
7290,2026-09-30 08:57:00,user_50,Amazing experience today,#Technology,387,151,72,Delhi,Positive,610
567,2026-09-30 08:58:00,user_473,Amazing fitness progress,#Bengaluru,129,168,38,Mumbai,Positive,335
7149,2026-09-30 09:01:00,user_145,This failed again,#AI,964,123,87,Delhi,Negative,1174
9614,2026-09-30 09:10:00,user_499,Technology update today,#Python,869,121,46,Chennai,Neutral,1036
2228,2026-09-30 09:10:00,user_165,This failed again,#AI,242,172,38,Delhi,Negative,452
23,2026-09-30 09:14:00,user_145,Amazing fitness progress,#AI,448,114,11,Bengaluru,Positive,573
5755,2026-09-30 09:19:00,user_144,Data analytics session today,#DataAnalytics,658,112,20,Mumbai,Neutral,790
3222,2026-09-30 09:26:00,user_140,Weather update from Bengaluru,#AI,837,5,83,Mumbai,Neutral,925
8565,2026-09-30 09:27:00,user_356,Weather update from Bengaluru,#Python,851,107,68,Mumbai,Neutral,1026
2841,2026-09-30 09:28:00,user_412,Great technology update,#Bengaluru,805,167,56,Mumbai,Positive,1028
1997,2026-09-30 09:34:00,user_364,Beautiful day in Bengaluru,#Bengaluru,891,65,8,Chennai,Positive,964
3858,2026-09-30 09:41:00,user_414,Great work by the team,#Bengaluru,423,2,23,Delhi,Positive,448
979,2026-09-30 09:42:00,user_440,This failed again,#Technology,495,60,42,Chennai,Negative,597
1860,2026-09-30 09:45:00,user_243,Very disappointing result,#Trending,673,12,56,Delhi,Neutral,741
2623,2026-09-30 09:52:00,user_83,Great technology update,#Cricket,840,59,21,Bengaluru,Positive,920
841,2026-09-30 09:52:00,user_467,Great technology update,#Python,665,12,26,Delhi,Positive,703
4549,2026-09-30 09:53:00,user_463,Great technology update,#Cricket,812,158,86,Chennai,Positive,1056
8357,2026-09-30 09:55:00,user_82,Poor performance today,#Technology,413,139,22,Mumbai,Negative,574
5152,2026-09-30 10:03:00,user_71,I hate this problem,#Python,740,53,98,Mumbai,Negative,891
8036,2026-09-30 10:05:00,user_123,Great technology update,#Technology,540,98,8,Delhi,Positive,646
7949,2026-09-30 10:08:00,user_192,Data analytics session today,#Trending,421,83,78,Hyderabad,Neutral,582
1029,2026-09-30 10:10:00,user_404,Beautiful day in Bengaluru,#Trending,393,181,93,Mumbai,Positive,667
1588,2026-09-30 10:12:00,user_345,I love this new AI tool,#Fitness,479,181,38,Mumbai,Positive,698
6478,2026-09-30 10:13:00,user_439,Python project discussion,#Trending,586,104,49,Pune,Neutral,739
8083,2026-09-30 10:21:00,user_395,Excellent cricket match,#Fitness,651,180,40,Pune,Positive,871
4293,2026-09-30 10:22:00,user_195,Poor performance today,#Fitness,672,138,50,Pune,Negative,860
4470,2026-09-30 10:23:00,user_379,Technology update today,#AI,149,149,21,Chennai,Neutral,319
1014,2026-09-30 10:28:00,user_181,Great technology update,#DataAnalytics,662,49,5,Hyderabad,Positive,716
1500,2026-09-30 10:31:00,user_373,I am angry about this,#AI,675,95,95,Hyderabad,Negative,865
7351,2026-09-30 10:34:00,user_22,Very disappointing result,#Trending,390,79,49,Mumbai,Neutral,518
5375,2026-09-30 10:41:00,user_484,I love this new AI tool,#Trending,143,127,93,Pune,Positive,363
3966,2026-09-30 10:41:00,user_485,This failed again,#AI,941,188,57,Mumbai,Negative,1186
9233,2026-09-30 10:41:00,user_354,Great technology update,#AI,994,140,86,Bengaluru,Positive,1220
3839,2026-09-30 10:46:00,user_76,Terrible service,#Trending,598,71,69,Mumbai,Negative,738
1679,2026-09-30 10:53:00,user_425,I love this new AI tool,#Cricket,28,120,32,Mumbai,Positive,180
5297,2026-09-30 10:58:00,user_261,Data analytics session today,#Cricket,815,161,35,Pune,Neutral,1011
7527,2026-09-30 11:00:00,user_71,Great technology update,#Python,793,72,95,Chennai,Positive,960
2957,2026-09-30 11:01:00,user_351,New information available,#Trending,652,121,77,Delhi,Neutral,850
4178,2026-09-30 11:01:00,user_460,This failed again,#AI,469,79,80,Hyderabad,Negative,628
8647,2026-09-30 11:03:00,user_390,Great technology update,#Technology,68,140,54,Mumbai,Positive,262
3353,2026-09-30 11:03:00,user_20,Fitness workout completed,#Trending,412,25,68,Bengaluru,Neutral,505
6065,2026-09-30 11:07:00,user_367,Beautiful day in Bengaluru,#DataAnalytics,190,4,24,Bengaluru,Positive,218
1607,2026-09-30 11:09:00,user_466,Technology update today,#Fitness,741,165,51,Bengaluru,Neutral,957
446,2026-09-30 11:10:00,user_210,Beautiful day in Bengaluru,#Python,582,104,93,Delhi,Positive,779
8972,2026-09-30 11:11:00,user_299,Excellent cricket match,#Cricket,531,35,42,Delhi,Positive,608
7005,2026-09-30 11:13:00,user_357,Beautiful day in Bengaluru,#Technology,728,189,77,Hyderabad,Positive,994
7233,2026-09-30 11:19:00,user_88,New information available,#Fitness,206,142,83,Delhi,Neutral,431
1112,2026-09-30 11:23:00,user_177,Great work by the team,#Fitness,183,38,11,Hyderabad,Positive,232
7004,2026-09-30 11:24:00,user_83,Amazing fitness progress,#Bengaluru,811,165,71,Hyderabad,Positive,1047
7518,2026-09-30 11:28:00,user_215,Great work by the team,#AI,268,124,91,Hyderabad,Positive,483
5243,2026-09-30 11:31:00,user_83,Technology update today,#Technology,288,187,96,Hyderabad,Neutral,571
2964,2026-09-30 11:35:00,user_92,Great technology update,#Technology,211,54,55,Mumbai,Positive,320
6945,2026-09-30 11:43:00,user_327,Terrible service,#AI,122,181,20,Chennai,Negative,323
2100,2026-09-30 11:51:00,user_443,Fitness workout completed,#Technology,955,13,93,Bengaluru,Neutral,1061
8465,2026-09-30 11:52:00,user_12,Terrible service,#AI,541,109,55,Delhi,Negative,705
6636,2026-09-30 11:54:00,user_406,Amazing experience today,#Fitness,860,129,43,Bengaluru,Positive,1032
5572,2026-09-30 12:00:00,user_360,Technology update today,#AI,578,47,98,Bengaluru,Neutral,723
8512,2026-09-30 12:19:00,user_369,Bad experience today,#Bengaluru,462,123,57,Delhi,Negative,642
3831,2026-09-30 12:35:00,user_397,Worst experience ever,#Bengaluru,686,44,85,Bengaluru,Negative,815
7324,2026-09-30 12:36:00,user_74,Amazing experience today,#Cricket,803,154,61,Delhi,Positive,1018
6052,2026-09-30 12:38:00,user_121,Python project discussion,#Bengaluru,827,27,67,Delhi,Neutral,921
5811,2026-09-30 12:38:00,user_261,Technology update today,#DataAnalytics,862,17,69,Hyderabad,Neutral,948
7330,2026-09-30 12:39:00,user_298,Beautiful day in Bengaluru,#Cricket,836,155,49,Hyderabad,Positive,1040
411,2026-09-30 12:40:00,user_207,AI news update,#AI,894,122,14,Hyderabad,Neutral,1030
7189,2026-09-30 12:47:00,user_460,Technology update today,#AI,850,53,72,Chennai,Neutral,975
1179,2026-09-30 12:56:00,user_36,Amazing experience today,#Technology,508,135,87,Delhi,Positive,730
7533,2026-09-30 13:16:00,user_350,I am angry about this,#Cricket,98,182,48,Delhi,Negative,328
4214,2026-09-30 13:16:00,user_358,I love this new AI tool,#Trending,369,120,37,Mumbai,Positive,526
733,2026-09-30 13:16:00,user_77,Python project discussion,#DataAnalytics,245,186,18,Pune,Neutral,449
2763,2026-09-30 13:28:00,user_410,Great work by the team,#Python,780,145,54,Mumbai,Positive,979
2050,2026-09-30 13:33:00,user_61,Great work by the team,#DataAnalytics,677,116,57,Pune,Positive,850
8857,2026-09-30 13:53:00,user_318,I am angry about this,#DataAnalytics,330,28,98,Pune,Negative,456
1479,2026-09-30 13:54:00,user_200,Amazing fitness progress,#Cricket,498,142,1,Chennai,Positive,641
7532,2026-09-30 13:59:00,user_455,Data analytics session today,#Trending,960,35,97,Chennai,Neutral,1092
3440,2026-09-30 14:00:00,user_320,Amazing fitness progress,#Trending,805,124,29,Hyderabad,Positive,958
3716,2026-09-30 14:05:00,user_43,AI news update,#Trending,467,182,76,Delhi,Neutral,725
47,2026-09-30 14:05:00,user_307,I hate this problem,#Python,514,63,54,Delhi,Negative,631
328,2026-09-30 14:19:00,user_50,Great technology update,#DataAnalytics,843,141,50,Hyderabad,Positive,1034
6449,2026-09-30 14:20:00,user_451,Fitness workout completed,#Trending,611,15,100,Delhi,Neutral,726
9981,2026-09-30 14:33:00,user_391,Python is really useful,#Technology,377,82,47,Hyderabad,Neutral,506
7779,2026-09-30 14:35:00,user_448,Worst experience ever,#Trending,72,19,21,Mumbai,Negative,112
4231,2026-09-30 14:43:00,user_478,Amazing fitness progress,#AI,606,121,82,Delhi,Positive,809
3049,2026-09-30 14:43:00,user_16,Worst experience ever,#Trending,955,34,33,Delhi,Negative,1022
5377,2026-09-30 14:43:00,user_48,Excellent cricket match,#Technology,54,21,80,Hyderabad,Positive,155
924,2026-09-30 14:44:00,user_364,Cricket match scheduled today,#Trending,985,157,19,Chennai,Neutral,1161
3287,2026-09-30 14:46:00,user_458,Excellent cricket match,#Bengaluru,733,99,77,Chennai,Positive,909
5345,2026-09-30 14:56:00,user_448,Bad experience today,#Cricket,128,126,26,Hyderabad,Negative,280
2011,2026-09-30 15:02:00,user_477,Technology update today,#Fitness,863,49,39,Bengaluru,Neutral,951
9295,2026-09-30 15:02:00,user_437,Technology update today,#DataAnalytics,279,43,9,Hyderabad,Neutral,331
4874,2026-09-30 15:07:00,user_13,Amazing experience today,#Bengaluru,824,87,79,Mumbai,Positive,990
4559,2026-09-30 15:10:00,user_421,Python project discussion,#Technology,927,20,75,Chennai,Neutral,1022
8361,2026-09-30 15:13:00,user_191,Cricket match scheduled today,#Fitness,117,119,35,Chennai,Neutral,271
6382,2026-09-30 15:29:00,user_340,Fitness workout completed,#Python,62,117,84,Delhi,Neutral,263
1338,2026-09-30 15:34:00,user_278,Fitness workout completed,#Python,991,58,4,Bengaluru,Neutral,1053
7413,2026-09-30 15:39:00,user_392,AI news update,#Python,826,43,96,Delhi,Neutral,965
4767,2026-09-30 15:49:00,user_82,Excellent cricket match,#Fitness,63,192,98,Bengaluru,Positive,353
6452,2026-09-30 15:59:00,user_313,Great technology update,#DataAnalytics,500,31,24,Chennai,Positive,555
5866,2026-09-30 16:05:00,user_254,Excellent cricket match,#DataAnalytics,235,170,48,Delhi,Positive,453
5645,2026-09-30 16:05:00,user_58,I am angry about this,#AI,931,28,51,Pune,Negative,1010
7315,2026-09-30 16:08:00,user_360,Bad experience today,#Technology,96,61,18,Chennai,Negative,175
1609,2026-09-30 16:13:00,user_181,New information available,#DataAnalytics,502,133,2,Pune,Neutral,637
2555,2026-09-30 16:16:00,user_46,Worst experience ever,#Python,636,141,79,Bengaluru,Negative,856
5759,2026-09-30 16:16:00,user_491,Poor performance today,#Bengaluru,818,158,45,Bengaluru,Negative,1021
2742,2026-09-30 16:22:00,user_322,I hate this problem,#AI,911,15,29,Mumbai,Negative,955
3433,2026-09-30 16:24:00,user_245,Amazing experience today,#Bengaluru,452,172,10,Mumbai,Positive,634
7477,2026-09-30 16:26:00,user_169,Python is really useful,#Fitness,48,25,75,Pune,Neutral,148
1089,2026-09-30 16:27:00,user_412,Weather update from Bengaluru,#Technology,795,52,22,Mumbai,Neutral,869
4633,2026-09-30 16:33:00,user_368,Amazing experience today,#AI,653,44,1,Delhi,Positive,698
2357,2026-09-30 16:45:00,user_12,Great technology update,#DataAnalytics,726,30,26,Pune,Positive,782
3694,2026-09-30 16:48:00,user_229,New information available,#Cricket,562,64,23,Pune,Neutral,649
5290,2026-09-30 16:50:00,user_481,Amazing fitness progress,#Fitness,144,96,29,Pune,Positive,269
1298,2026-09-30 17:03:00,user_177,Technology update today,#Fitness,870,189,50,Mumbai,Neutral,1109
2741,2026-09-30 17:04:00,user_216,I am angry about this,#Fitness,75,184,8,Chennai,Negative,267
5891,2026-09-30 17:05:00,user_109,Worst experience ever,#Technology,840,138,51,Mumbai,Negative,1029
8395,2026-09-30 17:11:00,user_342,Poor performance today,#Trending,874,197,70,Chennai,Negative,1141
5548,2026-09-30 17:19:00,user_80,Beautiful day in Bengaluru,#DataAnalytics,119,15,45,Bengaluru,Positive,179
2997,2026-09-30 17:20:00,user_458,Poor performance today,#DataAnalytics,751,133,67,Bengaluru,Negative,951
4973,2026-09-30 17:20:00,user_285,Great technology update,#AI,395,10,34,Chennai,Positive,439
7803,2026-09-30 17:22:00,user_485,Python project discussion,#Bengaluru,925,3,31,Hyderabad,Neutral,959
7626,2026-09-30 17:24:00,user_148,Beautiful day in Bengaluru,#Technology,132,12,59,Bengaluru,Positive,203
3240,2026-09-30 17:27:00,user_436,New information available,#Technology,626,191,56,Chennai,Neutral,873
1219,2026-09-30 17:42:00,user_215,AI news update,#Trending,300,140,29,Pune,Neutral,469
1242,2026-09-30 17:46:00,user_72,Weather update from Bengaluru,#AI,62,123,49,Chennai,Neutral,234
8421,2026-09-30 17:53:00,user_234,Great work by the team,#Trending,664,98,36,Bengaluru,Positive,798
6815,2026-09-30 17:54:00,user_253,New information available,#Trending,281,32,28,Pune,Neutral,341
3868,2026-09-30 18:03:00,user_272,Beautiful day in Bengaluru,#Bengaluru,724,163,33,Delhi,Positive,920
138,2026-09-30 18:07:00,user_373,Fitness workout completed,#Cricket,660,28,69,Hyderabad,Neutral,757
3491,2026-09-30 18:10:00,user_348,Technology update today,#AI,65,1,32,Mumbai,Neutral,98
4,2026-09-30 18:14:00,user_280,Amazing experience today,#Fitness,602,41,61,Delhi,Positive,704
9415,2026-09-30 18:23:00,user_144,Excellent cricket match,#DataAnalytics,318,31,11,Delhi,Positive,360
5749,2026-09-30 18:26:00,user_388,Worst experience ever,#AI,543,138,20,Hyderabad,Negative,701
665,2026-09-30 18:40:00,user_70,I hate this problem,#DataAnalytics,536,199,42,Chennai,Negative,777
2996,2026-09-30 18:40:00,user_419,AI news update,#Trending,934,128,70,Hyderabad,Neutral,1132
7796,2026-09-30 18:42:00,user_349,Technology update today,#AI,627,158,64,Delhi,Neutral,849
6987,2026-09-30 18:45:00,user_131,Terrible service,#DataAnalytics,865,86,41,Delhi,Negative,992
7425,2026-09-30 18:45:00,user_190,Poor performance today,#Technology,792,41,48,Chennai,Negative,881
1779,2026-09-30 18:48:00,user_420,Beautiful day in Bengaluru,#AI,812,19,83,Pune,Positive,914
9354,2026-09-30 19:12:00,user_326,This failed again,#Technology,810,82,56,Pune,Negative,948
8610,2026-09-30 19:17:00,user_490,Very disappointing result,#AI,282,124,61,Hyderabad,Neutral,467
4168,2026-09-30 19:19:00,user_5,Very disappointing result,#Bengaluru,345,56,88,Bengaluru,Neutral,489
589,2026-09-30 19:27:00,user_290,Weather update from Bengaluru,#Fitness,550,31,2,Delhi,Neutral,583
9274,2026-09-30 19:39:00,user_298,Cricket match scheduled today,#Bengaluru,851,36,90,Delhi,Neutral,977
2771,2026-09-30 19:46:00,user_463,Python project discussion,#Bengaluru,141,100,28,Mumbai,Neutral,269
5437,2026-09-30 19:53:00,user_68,Beautiful day in Bengaluru,#Cricket,53,185,45,Chennai,Positive,283
961,2026-09-30 19:55:00,user_260,Very disappointing result,#Trending,667,112,63,Bengaluru,Neutral,842
6147,2026-09-30 19:55:00,user_236,Very disappointing result,#Trending,494,47,17,Mumbai,Neutral,558
8404,2026-09-30 19:55:00,user_98,Python is really useful,#Fitness,400,37,60,Delhi,Neutral,497
9663,2026-09-30 20:04:00,user_47,Technology update today,#Cricket,516,27,93,Hyderabad,Neutral,636
2182,2026-09-30 20:10:00,user_349,Poor performance today,#Cricket,243,190,99,Chennai,Negative,532
3443,2026-09-30 20:21:00,user_236,Great work by the team,#Technology,636,192,4,Hyderabad,Positive,832
7221,2026-09-30 20:30:00,user_141,Python is really useful,#AI,560,81,30,Bengaluru,Neutral,671
9158,2026-09-30 20:31:00,user_166,Great work by the team,#Fitness,375,91,81,Delhi,Positive,547
4186,2026-09-30 20:34:00,user_322,I love this new AI tool,#AI,555,61,73,Bengaluru,Positive,689
5655,2026-09-30 20:36:00,user_236,Beautiful day in Bengaluru,#Technology,1000,42,36,Hyderabad,Positive,1078
8084,2026-09-30 20:40:00,user_223,Python is really useful,#AI,454,111,57,Delhi,Neutral,622
4589,2026-09-30 20:51:00,user_417,I hate this problem,#Bengaluru,45,103,49,Delhi,Negative,197
2935,2026-09-30 20:52:00,user_328,I love this new AI tool,#AI,457,179,82,Chennai,Positive,718
5284,2026-09-30 20:58:00,user_335,I love this new AI tool,#Technology,783,63,40,Hyderabad,Positive,886
6667,2026-09-30 21:00:00,user_383,Amazing experience today,#Cricket,374,37,10,Delhi,Positive,421
3573,2026-09-30 21:01:00,user_500,Excellent cricket match,#AI,44,86,5,Pune,Positive,135
3425,2026-09-30 21:06:00,user_360,New information available,#Bengaluru,936,99,48,Pune,Neutral,1083
7858,2026-09-30 21:08:00,user_446,Amazing experience today,#Fitness,720,101,45,Hyderabad,Positive,866
5772,2026-09-30 21:37:00,user_313,Python project discussion,#Python,66,75,81,Delhi,Neutral,222
1095,2026-09-30 21:45:00,user_469,Fitness workout completed,#Python,557,185,66,Pune,Neutral,808
5452,2026-09-30 21:50:00,user_33,Worst experience ever,#Fitness,288,60,49,Delhi,Negative,397
633,2026-09-30 21:51:00,user_168,Technology update today,#Technology,93,74,27,Hyderabad,Neutral,194
9130,2026-09-30 21:52:00,user_469,Fitness workout completed,#Bengaluru,946,30,31,Delhi,Neutral,1007
7356,2026-09-30 22:01:00,user_386,Poor performance today,#Bengaluru,893,161,16,Delhi,Negative,1070
9961,2026-09-30 22:01:00,user_345,Python is really useful,#AI,85,148,94,Mumbai,Neutral,327
6385,2026-09-30 22:02:00,user_398,Amazing fitness progress,#Fitness,690,151,99,Pune,Positive,940
8529,2026-09-30 22:05:00,user_156,Amazing experience today,#Fitness,572,48,13,Chennai,Positive,633
7183,2026-09-30 22:05:00,user_371,Great technology update,#Technology,134,169,37,Hyderabad,Positive,340
6525,2026-09-30 22:05:00,user_274,I love this new AI tool,#Fitness,834,155,26,Chennai,Positive,1015
4310,2026-09-30 22:10:00,user_133,Python project discussion,#AI,288,115,54,Pune,Neutral,457
4264,2026-09-30 22:16:00,user_466,Great work by the team,#Bengaluru,715,187,97,Hyderabad,Positive,999
6590,2026-09-30 22:16:00,user_36,Data analytics session today,#Bengaluru,139,117,22,Mumbai,Neutral,278
2706,2026-09-30 22:22:00,user_8,AI news update,#Fitness,422,112,81,Delhi,Neutral,615
2923,2026-09-30 22:22:00,user_73,Beautiful day in Bengaluru,#Technology,553,126,4,Pune,Positive,683
8469,2026-09-30 22:24:00,user_34,Beautiful day in Bengaluru,#Cricket,597,152,13,Mumbai,Positive,762
3740,2026-09-30 22:28:00,user_267,Amazing fitness progress,#Trending,759,168,26,Mumbai,Positive,953
542,2026-09-30 22:33:00,user_236,Great technology update,#Bengaluru,714,28,21,Bengaluru,Positive,763
5274,2026-09-30 22:34:00,user_304,I am angry about this,#DataAnalytics,951,34,84,Hyderabad,Negative,1069
8430,2026-09-30 22:34:00,user_463,Beautiful day in Bengaluru,#Trending,903,34,95,Delhi,Positive,1032
134,2026-09-30 22:34:00,user_216,Beautiful day in Bengaluru,#AI,856,49,33,Hyderabad,Positive,938
6066,2026-09-30 22:36:00,user_308,I am angry about this,#AI,480,181,57,Delhi,Negative,718
5126,2026-09-30 22:39:00,user_346,Terrible service,#DataAnalytics,127,137,93,Chennai,Negative,357
7043,2026-09-30 22:47:00,user_233,Fitness workout completed,#Technology,511,61,71,Pune,Neutral,643
9661,2026-09-30 22:51:00,user_25,Great work by the team,#Fitness,296,161,80,Mumbai,Positive,537
5324,2026-09-30 22:57:00,user_330,I love this new AI tool,#Python,347,77,10,Bengaluru,Positive,434
5342,2026-09-30 23:05:00,user_26,Terrible service,#Technology,274,91,29,Hyderabad,Negative,394
3164,2026-09-30 23:07:00,user_368,Amazing fitness progress,#AI,574,186,77,Delhi,Positive,837
7872,2026-09-30 23:10:00,user_279,Great technology update,#Trending,635,143,33,Delhi,Positive,811
1814,2026-09-30 23:11:00,user_461,Amazing experience today,#Cricket,423,156,84,Chennai,Positive,663
5419,2026-09-30 23:18:00,user_116,Technology update today,#Technology,59,139,13,Delhi,Neutral,211
2864,2026-09-30 23:29:00,user_231,Python project discussion,#Trending,310,161,36,Bengaluru,Neutral,507
9621,2026-09-30 23:30:00,user_132,Great work by the team,#Trending,730,32,33,Bengaluru,Positive,795
5405,2026-09-30 23:37:00,user_233,I hate this problem,#Fitness,304,117,14,Chennai,Negative,435
6741,2026-09-30 23:38:00,user_42,Terrible service,#Fitness,380,95,81,Mumbai,Negative,556
687,2026-09-30 23:40:00,user_254,New information available,#Cricket,322,186,76,Hyderabad,Neutral,584
6708,2026-09-30 23:41:00,user_122,Great work by the team,#Trending,128,102,99,Pune,Positive,329
4254,2026-09-30 23:49:00,user_183,Poor performance today,#Technology,112,161,23,Pune,Negative,296
6363,2026-09-30 23:50:00,user_175,Great technology update,#DataAnalytics,221,142,40,Hyderabad,Positive,403
3529,2026-09-30 23:51:00,user_192,Excellent cricket match,#Fitness,462,52,7,Delhi,Positive,521
5898,2026-09-30 23:51:00,user_65,Very disappointing result,#Bengaluru,394,130,97,Chennai,Neutral,621
